"displayPrice","hasImage","imageUrl","inStock","manufacturerStock","name","price","productUrl","sku","stockQty","stockText"
"£545.00","True","https://prodcdn-fch9gyh8ejf9hget.z01.azurefd.net/Product/GetImage?size=400&id=cfed10f7-0332-44cb-afed-520abc0c8dc2","True","False","SAM4S SAPPHIRE [WHITE] + ELLIX40SW[WHITE] + DRAWER","545","https://ycr.dearportal.com/Product/bb307987-e842-40c1-af68-5c3b59669be1","SP-SAM4SSAPPHIREWHBUNDLE3","6","6 in stock"
"£530.00","True","https://prodcdn-fch9gyh8ejf9hget.z01.azurefd.net/Product/GetImage?size=400&id=ffd90df5-1747-4dad-8231-6ffc444aa3ac","True","False","SAM4S SAPPHIRE [WHITE] + HCUBE + DRAWER","530","https://ycr.dearportal.com/Product/7dd7ed18-5177-4ee5-b04e-cfb7b002ed1e","SP-SAM4SSAPPHIREWHBUNDLE1","6","6 in stock"
"£543.00","True","https://prodcdn-fch9gyh8ejf9hget.z01.azurefd.net/Product/GetImage?size=400&id=beca5975-57c5-495a-b4e7-4bd6c5ffd088","True","False","SAM4S SAPPHIRE [WHITE] + HPRT TP80R + DRAWER","543","https://ycr.dearportal.com/Product/67691c9f-5068-4b1e-8f90-9eb06da2e3df","SP-SAM4SSAPPHIREWHBUNDLE2","6","6 in stock"
"£555.00","True","https://prodcdn-fch9gyh8ejf9hget.z01.azurefd.net/Product/GetImage?size=400&id=47ab0b12-36c4-4bba-8f0d-0fa15f737c5d","True","False","SAM4S SAPPHIRE [WHITE] + SAM4S GIANT + DRAWER","555","https://ycr.dearportal.com/Product/7d64c365-c052-4d9c-905d-372c2cc73fe7","SP-SAM4SSAPPHIREWHBUNDLE4","6","6 in stock"
"£530.00","True","https://prodcdn-fch9gyh8ejf9hget.z01.azurefd.net/Product/GetImage?size=400&id=1baaced7-bcca-4098-a574-ccea15d3531e","True","False","SAM4S SAPPHIRE + HCUBE + DRAWER","530","https://ycr.dearportal.com/Product/f1615efe-f50c-4b26-84e7-02a0c7bc5028","SP-SAM4SSAPPHIREBUNDLE1","444","444 in stock"
"£530.00","True","https://prodcdn-fch9gyh8ejf9hget.z01.azurefd.net/Product/GetImage?size=400&id=b121169f-7225-4ba6-84a3-72aa6ec71555","True","False","SAM4S SAPPHIRE + HPRT TP80R + DRAWER","530","https://ycr.dearportal.com/Product/d95de075-1e7e-4393-aaef-fe99139a8da7","SP-SAM4SSAPPHIREBUNDLE2","401","401 in stock"
"£555.00","True","https://prodcdn-fch9gyh8ejf9hget.z01.azurefd.net/Product/GetImage?size=400&id=906210b1-1eb4-4dd0-9a8a-c37692cdc5cc","True","False","SAM4S SAPPHIRE + SAM4S GIANT + DRAWER","555","https://ycr.dearportal.com/Product/d849486c-a720-4f26-80d9-028148ebdc8b","SP-SAM4SSAPPHIREBUNDLE4","444","444 in stock"
"£530.00","True","https://prodcdn-fch9gyh8ejf9hget.z01.azurefd.net/Product/GetImage?size=400&id=b2350401-43fd-4ee8-a64a-aa84146d9187","False","False","SAM4S SAPPHIRE 15.6"" + HCUBE + DRAWER","530","https://ycr.dearportal.com/Product/04109892-b5a0-4c2e-bb81-9861f1bb5604","SP-SAM4SSAPPHIREWIDEBUNDLE1",,"Out of stock"
"£545.00","True","https://prodcdn-fch9gyh8ejf9hget.z01.azurefd.net/Product/GetImage?size=400&id=38c3979e-ddd5-4407-a221-ce3a30be161a","False","False","SAM4S SAPPHIRE 15.6"" + SAM4S ELLIX40SB + DRAWER","545","https://ycr.dearportal.com/Product/51132167-ab2d-4045-8ea6-b2a8ef210b33","SP-SAM4SSAPPHIREWIDEBUNDLE3",,"Out of stock"
"£555.00","True","https://prodcdn-fch9gyh8ejf9hget.z01.azurefd.net/Product/GetImage?size=400&id=40a20b1e-6aea-4d13-9ad9-20f510e349b2","False","False","SAM4S SAPPHIRE 15.6"" + SAM4S GIANT + DRAWER","555","https://ycr.dearportal.com/Product/86e76757-e2c7-44ab-a27d-3df2c68edc80","SP-SAM4SSAPPHIREWIDEBUNDLE4",,"Out of stock"
"£317.00","True","https://prodcdn-fch9gyh8ejf9hget.z01.azurefd.net/Product/GetImage?size=400&id=eaab412d-17d6-48bb-ad6a-a50faeca11d0","True","True","19"" ANDROID SLIMLINE ADVERTISING DISPLAY","317","https://ycr.dearportal.com/Product/323a9ee7-4bdd-4ef8-a00b-57b5ff1b38a6","ALL-PF19HD",,"In stock"
"£461.45","True","https://prodcdn-fch9gyh8ejf9hget.z01.azurefd.net/Product/GetImage?size=400&id=9d4ffda6-3903-4da1-9dc4-03eca62b1cb6","True","True","21"" LCD SHELF EDGE DISPLAY - SE23A","461.45","https://ycr.dearportal.com/Product/a1c661c5-2e3e-471f-89c7-6ab3d663e05e","ALL-SE21A",,"In stock"
"£377.00","True","https://prodcdn-fch9gyh8ejf9hget.z01.azurefd.net/Product/GetImage?size=400&id=bf629ad4-8969-44f8-aa45-d0d8e72d34e0","True","True","22"" ANDROID SLIMLINE ADVERTISING DISPLAY - PF22HD","377","https://ycr.dearportal.com/Product/b64b6095-f850-4a9b-9feb-5b64231f213f","ALL-PF22HD",,"In stock"
"£496.00","True","https://prodcdn-fch9gyh8ejf9hget.z01.azurefd.net/Product/GetImage?size=400&id=06b9ee95-a3df-4f42-9f97-f8b6e2187be8","True","True","22"" PCAP ANDROID TOUCH SCREEN","496","https://ycr.dearportal.com/Product/06299f7a-8b08-43b7-88eb-8b3881f1f6bc","ALL-AO22H",,"In stock"
"£55.00","False","https://ycr.dearportal.com/Catalog/GetEmptyImage?size=400","True","True","22"" TILTING TABLE STAND","55","https://ycr.dearportal.com/Product/7044ec34-8ea9-4e66-a0ac-0dcd2ed23fdc","ALL-AS02T",,"In stock"
"£1,269.00","True","https://prodcdn-fch9gyh8ejf9hget.z01.azurefd.net/Product/GetImage?size=400&id=f7bff088-352d-46c1-b6ab-1e882f02fdbb","True","True","22"" WALL-MOUNTED OUTDOOR DIGITAL ADVERTISING DISPLAY","1269","https://ycr.dearportal.com/Product/5c4535b7-ba73-43fd-abc1-2c02c14ddd7d","ALL-OW22D",,"In stock"
"£1,799.00","True","https://prodcdn-fch9gyh8ejf9hget.z01.azurefd.net/Product/GetImage?size=400&id=a068ea41-9359-4d2f-9e11-98eeac5818a9","True","True","22"" WALL-MOUNTED PCAP OUTDOOR TOUCH SCREEN","1799","https://ycr.dearportal.com/Product/cbb73a3f-6a4a-48ea-97e3-dad40c477fae","ALL-OW22D-T2",,"In stock"
"£45.00","False","https://ycr.dearportal.com/Catalog/GetEmptyImage?size=400","True","False","240GB 2.5 SATA III SSD","45","https://ycr.dearportal.com/Product/c85447f3-e644-4fc8-9906-4eabb83cb72f","RM-0000039","2","2 in stock"
"£1.40","True","https://prodcdn-fch9gyh8ejf9hget.z01.azurefd.net/Product/GetImage?size=400&id=3b62e692-53e2-40f9-bc72-a1cea6b1b2e2","True","False","25 WAY 'D' CASES","1.4","https://ycr.dearportal.com/Product/fb1e920f-99b5-4241-982d-94bc262fbaa0","CT-0000037","3","3 in stock"
"£1.40","True","https://prodcdn-fch9gyh8ejf9hget.z01.azurefd.net/Product/GetImage?size=400&id=77fed4aa-eaff-4d5e-a754-3eb62e8222a7","True","False","25 WAY 'D' FEMALE SOCKETS","1.4","https://ycr.dearportal.com/Product/479aee18-3588-4d46-82e6-47a2487c4cb1","CT-0000034","35","35 in stock"
"£1.40","True","https://prodcdn-fch9gyh8ejf9hget.z01.azurefd.net/Product/GetImage?size=400&id=bbaa5bea-e9fc-43d2-818d-3ede52f6cb5e","True","False","25 WAY 'D' MALE PLUGS","1.4","https://ycr.dearportal.com/Product/eb2412c1-e6cb-4978-a5ce-e1d08220064d","CT-0000033","41","41 in stock"
"£582.00","True","https://prodcdn-fch9gyh8ejf9hget.z01.azurefd.net/Product/GetImage?size=400&id=254d6466-6b44-4c98-ae80-c00bbd4b90c3","True","True","32"" ANDROID SLIMLINE ADVERTISING DISPLAY - PF32HD","582","https://ycr.dearportal.com/Product/7351e87a-17df-4c8f-a541-34b2e6d80abf","ALL-PF32HD",,"In stock"
"£452.00","True","https://prodcdn-fch9gyh8ejf9hget.z01.azurefd.net/Product/GetImage?size=400&id=2cecfd72-5f50-4a3c-8788-f7714af5a2dc","True","True","32"" NETWORK DIGITAL MENU BOARD","452","https://ycr.dearportal.com/Product/57925872-10c6-4ecc-a76b-7ea42b987107","ALL-DM32",,"In stock"
"£681.00","True","https://prodcdn-fch9gyh8ejf9hget.z01.azurefd.net/Product/GetImage?size=400&id=4d66714b-0d7b-40bc-ba1e-e0b4abea33a4","True","True","32"" PCAP ANDROID TOUCH SCREEN","681","https://ycr.dearportal.com/Product/56b183f6-971d-4b8b-944a-592bb263b58d","ALL-AO32H",,"In stock"
"£332.00","True","https://prodcdn-fch9gyh8ejf9hget.z01.azurefd.net/Product/GetImage?size=400&id=975c4b13-2f46-4f64-96a0-c447c759282f","True","True","32"" PROFESSIONAL MONITOR","332","https://ycr.dearportal.com/Product/edb6a983-f1b8-4f3e-94b1-83beb8fa099c","ALL-M32P",,"In stock"
"£1,801.00","True","https://prodcdn-fch9gyh8ejf9hget.z01.azurefd.net/Product/GetImage?size=400&id=c1699607-d70f-4c9d-bd1c-454ebab67086","True","True","32"" WALL-MOUNTED OUTDOOR DIGITAL ADVERTISING DISPLAY","1801","https://ycr.dearportal.com/Product/9686fbdc-5841-4954-b035-e8eee75f08b1","ALL-OW32D4",,"In stock"
"£2,235.00","True","https://prodcdn-fch9gyh8ejf9hget.z01.azurefd.net/Product/GetImage?size=400&id=b1b92837-6c29-49b3-80bb-603b75334af2","True","True","32"" WALL-MOUNTED PCAP OUTDOOR TOUCH SCREEN","2235","https://ycr.dearportal.com/Product/b1af65d0-d011-4ffa-901f-c506f0fd5289","ALL-OW32D-T2",,"In stock"
"£17.00","False","https://ycr.dearportal.com/Catalog/GetEmptyImage?size=400","True","True","32""-55"" LANDSCAPE TILTING WALL MOUNT","17","https://ycr.dearportal.com/Product/04cc6c60-c4bb-47f1-bd65-340acebefdb2","ALL-AS1124T",,"In stock"
"£17.00","False","https://ycr.dearportal.com/Catalog/GetEmptyImage?size=400","True","True","32""-70"" LANDSCAPE LOW PROFILE WALL MOUNT BRACKET","17","https://ycr.dearportal.com/Product/6c0e6004-10d3-4c2a-a24a-18d31d9d10a1","ALL-AS3446F",,"In stock"
"£210.00","True","https://prodcdn-fch9gyh8ejf9hget.z01.azurefd.net/Product/GetImage?size=400&id=6d78596d-5719-41d0-b183-0c7faf63ba75","True","True","43"" A-BOARD BLACK CHARGER UNIT","210","https://ycr.dearportal.com/Product/4f39b5a4-574e-4a31-a65f-16329719acaa","ALL-127017",,"In stock"
"£799.00","True","https://prodcdn-fch9gyh8ejf9hget.z01.azurefd.net/Product/GetImage?size=400&id=82504e73-a6ef-4dbd-92c3-8e265036e1e0","True","True","43"" ANDROID SLIMLINE ADVERTISING DISPLAY - PF43HD","799","https://ycr.dearportal.com/Product/752f763d-1159-4e57-8b6b-3a6cbbc09067","ALL-PF43HD",,"In stock"
"£4,359.00","True","https://prodcdn-fch9gyh8ejf9hget.z01.azurefd.net/Product/GetImage?size=400&id=1f585980-698c-403d-a0b3-a105bb854c9e","True","True","43"" FREESTANDING OUTDOOR DIGITAL POSTER","4359","https://ycr.dearportal.com/Product/56431360-1f2d-444c-89e2-4c815e401deb","ALL-OT43E4",,"In stock"
"£4,741.00","True","https://prodcdn-fch9gyh8ejf9hget.z01.azurefd.net/Product/GetImage?size=400&id=7236678c-7753-4638-b9e7-52a6a8f40974","True","True","43"" FREESTANDING PCAP OUTDOOR TOUCH SCREEN POSTER","4741","https://ycr.dearportal.com/Product/8c548414-9f3a-4603-b366-ccd935159713","ALL-OT43E-T2",,"In stock"
"£1,749.00","True","https://prodcdn-fch9gyh8ejf9hget.z01.azurefd.net/Product/GetImage?size=400&id=ecb7e1c8-f57c-45c4-a6e1-a95b2caeed6d","True","True","43"" Hanging Double-Sided Window Display","1749","https://ycr.dearportal.com/Product/bf90b3f4-d608-4d90-a644-85ccef2b42db","ALL-HDS43",,"In stock"
"£672.00","True","https://prodcdn-fch9gyh8ejf9hget.z01.azurefd.net/Product/GetImage?size=400&id=51e8b8b5-56d1-4ee4-b0ec-92cf530656e6","True","True","43"" HIGH VIBRANCE ANDROID ADVERTISING DISPLAY","672","https://ycr.dearportal.com/Product/df247490-e1a6-44a3-b3c4-0f859e0bdf77","ALL-HV43D",,"In stock"
"£641.00","True","https://prodcdn-fch9gyh8ejf9hget.z01.azurefd.net/Product/GetImage?size=400&id=295c009d-804a-40ab-9eb9-37a5dea667ac","True","True","43"" NETWORK DIGITAL MENU BOARD","641","https://ycr.dearportal.com/Product/7c1b6390-a3d3-49b4-8620-408747c52a36","ALL-DM43",,"In stock"
"£2,100.00","True","https://prodcdn-fch9gyh8ejf9hget.z01.azurefd.net/Product/GetImage?size=400&id=3c9b5c45-831b-42ff-80c7-574fe748bb03","True","True","43"" OUTDOOR DIGITAL ANDROID BATTERY A-BOARD BLACK - OAB43HD8-B","2100","https://ycr.dearportal.com/Product/2babb44b-a1b5-44d4-9014-cece9c4cb9fe","ALL-OAB43HD8",,"In stock"
"£1,087.00","True","https://prodcdn-fch9gyh8ejf9hget.z01.azurefd.net/Product/GetImage?size=400&id=695f9d47-1333-407f-b575-d43f9dccdbf9","True","True","43"" PCAP ANDROID TOUCH SCREEN","1087","https://ycr.dearportal.com/Product/9ec433f7-63f5-4d10-b52d-27520d2301be","ALL-AO43H",,"In stock"
"£1,944.00","True","https://prodcdn-fch9gyh8ejf9hget.z01.azurefd.net/Product/GetImage?size=400&id=67dce6b7-659b-4d2a-a3cf-9ff74166b167","True","True","43"" PCAP TOUCH SCREEN KIOSK - TAO43","1944","https://ycr.dearportal.com/Product/fc6d7470-8181-4640-9ee7-b547e3f45f7a","ALL-TAO43",,"In stock"
"£532.00","True","https://prodcdn-fch9gyh8ejf9hget.z01.azurefd.net/Product/GetImage?size=400&id=acad7222-cab7-4b13-989d-c06f602c1619","True","True","43"" PROFESSIONAL MONITOR","532","https://ycr.dearportal.com/Product/980313e1-1e6d-4526-a286-f5b8ebcaf4cc","ALL-M43P",,"In stock"
"£2,602.00","True","https://prodcdn-fch9gyh8ejf9hget.z01.azurefd.net/Product/GetImage?size=400&id=5ff79a20-c67b-4c91-bd35-162ecf3a1034","True","True","43"" WALL-MOUNTED OUTDOOR DIGITAL ADVERTISING DISPLAY","2602","https://ycr.dearportal.com/Product/019e416a-3094-4e12-929b-da1d75227b2d","ALL-OW43D4",,"In stock"
"£3,154.00","True","https://prodcdn-fch9gyh8ejf9hget.z01.azurefd.net/Product/GetImage?size=400&id=a0f181af-9ae1-43fb-b834-9aff475a9e10","True","True","43"" WALL-MOUNTED PCAP OUTDOOR TOUCH SCREEN","3154","https://ycr.dearportal.com/Product/e7e0e63b-c984-42a5-9c64-e3e1824df38f","ALL-OW43D-T2",,"In stock"
"£2,088.00","True","https://prodcdn-fch9gyh8ejf9hget.z01.azurefd.net/Product/GetImage?size=400&id=403c7cbc-a8d1-426c-9a08-8ea7ed78d864","True","True","43"" WINDOWS PCAP TOUCH SCREEN KIOSK","2088","https://ycr.dearportal.com/Product/c9d2514b-960f-40c6-a3d5-01e21d97cfd0","ALL-TWP43A",,"In stock"
"£4,883.00","True","https://prodcdn-fch9gyh8ejf9hget.z01.azurefd.net/Product/GetImage?size=400&id=1eace4a7-d82b-4c24-a654-448677627e5e","True","True","49"" FREESTANDING OUTDOOR DIGITAL POSTER","4883","https://ycr.dearportal.com/Product/307b7bae-dc37-4cb6-9db0-a000636b3bc0","ALL-OT49E4",,"In stock"
"£5,333.00","True","https://prodcdn-fch9gyh8ejf9hget.z01.azurefd.net/Product/GetImage?size=400&id=270372da-0d45-4c27-b897-ffdc856455fc","True","True","49"" FREESTANDING PCAP OUTDOOR TOUCH SCREEN POSTER","5333","https://ycr.dearportal.com/Product/4c77025a-c54e-48e1-8fde-cbf9461db1d2","ALL-OT49E-T2",,"In stock"
"£2,499.00","True","https://prodcdn-fch9gyh8ejf9hget.z01.azurefd.net/Product/GetImage?size=400&id=7759ecc0-3b1f-4fa0-a26f-6c999604cf20","True","True","49"" Ultra High Brightness Hanging Double-Sided Display [Black]","2499","https://ycr.dearportal.com/Product/fcad86e2-5297-4128-b1b1-5a6eff78114f","ALL-UDS49B",,"In stock"
"£1,638.00","True","https://prodcdn-fch9gyh8ejf9hget.z01.azurefd.net/Product/GetImage?size=400&id=651d60f9-46e7-4491-8918-66020809d9a6","True","True","49"" ULTRA HIGH BRIGHTNESS WINDOW DISPLAY","1638","https://ycr.dearportal.com/Product/dd0b35ee-c6ac-4aea-b0be-b3699d98bf01","ALL-UHB49B",,"In stock"
"£3,493.00","True","https://prodcdn-fch9gyh8ejf9hget.z01.azurefd.net/Product/GetImage?size=400&id=95f4447d-7ffb-49ab-83c4-b31cadf140f0","True","True","49"" WALL-MOUNTED OUTDOOR DIGITAL ADVERTISING DISPLAY","3493","https://ycr.dearportal.com/Product/e4619bf2-fa7a-4064-8cf8-e8a8f57d59e2","ALL-OW49D4",,"In stock"
"£3,967.00","True","https://prodcdn-fch9gyh8ejf9hget.z01.azurefd.net/Product/GetImage?size=400&id=8f7fa2d6-5f4e-4560-a29a-e5db75287ebf","True","True","49"" WALL-MOUNTED PCAP OUTDOOR TOUCH SCREEN","3967","https://ycr.dearportal.com/Product/118dedca-979a-4e92-a8a1-9ac0fbb36684","ALL-OW49D-T2",,"In stock"
"£45.00","False","https://ycr.dearportal.com/Catalog/GetEmptyImage?size=400","False","False","4GB DDR3 SODIMM RAM","45","https://ycr.dearportal.com/Product/5673f249-ff77-4355-869f-7995bea817ad","RM-0000026",,"Out of stock"
"£45.00","False","https://ycr.dearportal.com/Catalog/GetEmptyImage?size=400","True","False","4GB DDR4 SODIMM RAM","45","https://ycr.dearportal.com/Product/366b8ec6-2053-4094-a9fc-b1d93b8fd76f","RM-0000038","5","5 in stock"
"£934.00","True","https://prodcdn-fch9gyh8ejf9hget.z01.azurefd.net/Product/GetImage?size=400&id=c56360ee-44df-4089-a63c-1ae952c60a05","True","True","50"" ANDROID ADVERTISING DISPLAY - PF50HD","934","https://ycr.dearportal.com/Product/f0790371-ede5-42c0-98cf-093ea97e2d50","ALL-PF50HD",,"In stock"
"£1,745.00","True","https://prodcdn-fch9gyh8ejf9hget.z01.azurefd.net/Product/GetImage?size=400&id=37065613-75c7-4d13-8903-50df6f5eb757","True","True","50"" BLACK ANDROID FREESTANDING DIGITAL POSTER","1745","https://ycr.dearportal.com/Product/229793d1-7013-49f8-bab1-dc36c20d22d1","ALL-L50HD",,"In stock"
"£740.00","True","https://prodcdn-fch9gyh8ejf9hget.z01.azurefd.net/Product/GetImage?size=400&id=b877663d-d9e5-4e5b-9758-5649c9b3cafe","True","True","50"" NETWORK DIGITAL MENU BOARD","740","https://ycr.dearportal.com/Product/d721d19b-681a-4397-8289-9509f29389aa","ALL-DM50",,"In stock"
"£1,338.00","True","https://prodcdn-fch9gyh8ejf9hget.z01.azurefd.net/Product/GetImage?size=400&id=14077678-f04f-4719-a5e0-2b9bc345e315","True","True","50"" PCAP ANDROID TOUCH SCREEN","1338","https://ycr.dearportal.com/Product/e95462ce-1659-406a-8112-2bb4d74c0c4f","ALL-AO50F",,"In stock"
"£2,180.00","True","https://prodcdn-fch9gyh8ejf9hget.z01.azurefd.net/Product/GetImage?size=400&id=38303827-5e40-49b4-990e-b3a27679cbf9","True","True","50"" PCAP ANDROID TOUCH SCREEN KIOSK","2180","https://ycr.dearportal.com/Product/d6cf10ed-f9a6-4008-8439-af9b86cdf72e","ALL-TAO50",,"In stock"
"£632.00","True","https://prodcdn-fch9gyh8ejf9hget.z01.azurefd.net/Product/GetImage?size=400&id=c2bdf50d-5702-4a6e-9271-d9069a4a06e5","True","True","50"" PROFESSIONAL MONITOR","632","https://ycr.dearportal.com/Product/b7adb2f9-5a00-46c3-ab65-bdb526b67547","ALL-M50P",,"In stock"
"£1,745.00","True","https://prodcdn-fch9gyh8ejf9hget.z01.azurefd.net/Product/GetImage?size=400&id=26452e9e-385e-4033-876e-c6173d512c5a","True","True","50"" WHITE ANDROID FREESTANDING DIGITAL POSTER","1745","https://ycr.dearportal.com/Product/9e768c1a-9214-4403-be74-b54305b99875","ALL-L50HD9W",,"In stock"
"£2,299.00","True","https://prodcdn-fch9gyh8ejf9hget.z01.azurefd.net/Product/GetImage?size=400&id=7655d70d-b8bb-4285-b1cd-e8ae1264ec24","True","True","50"" WINDOWS PCAP TOUCH SCREEN KIOSK","2299","https://ycr.dearportal.com/Product/1d059a74-e81a-4c8e-89c6-2bd39ee04315","ALL-TWP50A",,"In stock"
"£1,103.00","True","https://prodcdn-fch9gyh8ejf9hget.z01.azurefd.net/Product/GetImage?size=400&id=5be70c2c-9fb8-4e21-af66-189d9678d1a3","True","True","55"" ANDROID SLIMLINE ADVERTISING DISPLAY - PF55HD","1103","https://ycr.dearportal.com/Product/ab5ded53-91fa-4490-994f-b9170e172499","ALL-PF55HD",,"In stock"
"£1,985.00","True","https://prodcdn-fch9gyh8ejf9hget.z01.azurefd.net/Product/GetImage?size=400&id=6eb4ce34-551d-4cbc-b221-cbca0baaa587","True","True","55"" BLACK ANDROID FREESTANDING DIGITAL POSTER","1985","https://ycr.dearportal.com/Product/7b724b23-6c5f-40e7-a3cd-1cf9c4e06421","ALL-L55HD",,"In stock"
"£6,297.00","True","https://prodcdn-fch9gyh8ejf9hget.z01.azurefd.net/Product/GetImage?size=400&id=d95ad431-be0c-4b49-8571-f30fde61907e","True","True","55"" FREESTANDING OUTDOOR DIGITAL POSTER","6297","https://ycr.dearportal.com/Product/c9fc9a15-ade9-4749-940f-e2bc35f19c2d","ALL-OT55E4",,"In stock"
"£6,957.00","True","https://prodcdn-fch9gyh8ejf9hget.z01.azurefd.net/Product/GetImage?size=400&id=e58fc117-dc27-4bd9-9771-23d3c55bddd8","True","True","55"" FREESTANDING PCAP OUTDOOR TOUCH SCREEN POSTER","6957","https://ycr.dearportal.com/Product/fd122cf8-5fde-42db-a4cf-7d983250d31d","ALL-OT55E-T2",,"In stock"
"£2,596.00","True","https://prodcdn-fch9gyh8ejf9hget.z01.azurefd.net/Product/GetImage?size=400&id=6f9488de-179c-4112-bb9a-ff1e26d23dd4","True","True","55"" Hanging Double-Sided Window Display","2596","https://ycr.dearportal.com/Product/386adac3-c2a0-4184-a798-18be48361d93","ALL-HDS55",,"In stock"
"£920.00","True","https://prodcdn-fch9gyh8ejf9hget.z01.azurefd.net/Product/GetImage?size=400&id=d13aacc3-1608-4a5a-a40e-f30489ad334f","True","True","55"" HIGH VIBRANCE ANDROID ADVERTISING DISPLAY","920","https://ycr.dearportal.com/Product/083f1199-5d37-46c0-9cea-a92cb38f3bff","ALL-HV55D",,"In stock"
"£2,349.00","False","https://ycr.dearportal.com/Catalog/GetEmptyImage?size=400","True","True","55"" INFRARED FREESTANDING TOUCH SCREEN POSTER WITH DUAL OS","2349","https://ycr.dearportal.com/Product/d02f6c0e-4394-4d76-a87a-79ebd96a4400","ALL-L55E3-TW",,"In stock"
"£2,349.00","False","https://ycr.dearportal.com/Catalog/GetEmptyImage?size=400","True","True","55"" INFRARED FREESTANDING TOUCH SCREEN POSTER WITH DUAL OS","2349","https://ycr.dearportal.com/Product/ff91cac6-5d76-4b2a-a374-9136fed22247","ALL-L55E3-T",,"In stock"
"£856.00","True","https://prodcdn-fch9gyh8ejf9hget.z01.azurefd.net/Product/GetImage?size=400&id=7acefd61-4204-4df8-a2eb-51562a930726","True","True","55"" NETWORK DIGITAL MENU BOARD","856","https://ycr.dearportal.com/Product/d88f43d9-dc31-48d7-956c-fbbc2cf39008","ALL-DM55",,"In stock"
"£1,494.00","True","https://prodcdn-fch9gyh8ejf9hget.z01.azurefd.net/Product/GetImage?size=400&id=ee7b88db-1263-41fe-bf19-ed87bb4a87b5","True","True","55"" PCAP ANDROID TOUCH SCREEN","1494","https://ycr.dearportal.com/Product/4eec9ff5-9197-4e53-911a-90753db6a22e","ALL-AO55F",,"In stock"
"£2,337.00","True","https://prodcdn-fch9gyh8ejf9hget.z01.azurefd.net/Product/GetImage?size=400&id=3614f355-d012-4d45-8968-1060dd012746","True","True","55"" PCAP ANDROID TOUCH SCREEN KIOSK - TAO55","2337","https://ycr.dearportal.com/Product/739d51e7-8ffa-406b-827a-10ad25dadbbe","ALL-TAO55",,"In stock"
"£747.00","True","https://prodcdn-fch9gyh8ejf9hget.z01.azurefd.net/Product/GetImage?size=400&id=011d2853-0968-4bfa-9782-8b9f40a2d6d9","True","True","55"" PROFESSIONAL MONITOR","747","https://ycr.dearportal.com/Product/b7995c03-fc4a-486f-aa9e-78a16d6131a4","ALL-M55P",,"In stock"
"£3,234.00","True","https://prodcdn-fch9gyh8ejf9hget.z01.azurefd.net/Product/GetImage?size=400&id=1e7191d8-bea6-4aa1-a6e0-cbbeea008bb0","True","True","55"" Ultra High Brightness Hanging Double-Sided Display [Black]","3234","https://ycr.dearportal.com/Product/be074781-895a-4c9a-a81b-2806d6b9caf5","ALL-UDS55B",,"In stock"
"£1,875.00","True","https://prodcdn-fch9gyh8ejf9hget.z01.azurefd.net/Product/GetImage?size=400&id=1dfdb3a5-7d4d-47c2-a19b-c54d5fad1464","True","True","55"" ULTRA HIGH BRIGHTNESS WINDOW DISPLAY","1875","https://ycr.dearportal.com/Product/44cf3a10-d9c0-4aa3-8249-e55e6f5caf3a","ALL-UHB55HD8",,"In stock"
"£4,797.00","True","https://prodcdn-fch9gyh8ejf9hget.z01.azurefd.net/Product/GetImage?size=400&id=9ed4c096-2cac-45d7-bb18-a40db7fc9d49","True","True","55"" WALL-MOUNTED OUTDOOR DIGITAL ADVERTISING DISPLAY","4797","https://ycr.dearportal.com/Product/132667a4-72d8-41fa-83d0-c10eed10eda3","ALL-OW55D4",,"In stock"
"£5,361.00","True","https://prodcdn-fch9gyh8ejf9hget.z01.azurefd.net/Product/GetImage?size=400&id=1e21ad05-d7b6-4fcd-bfd5-b8b53f24d220","True","True","55"" WALL-MOUNTED PCAP OUTDOOR TOUCH SCREEN","5361","https://ycr.dearportal.com/Product/db583557-c3f0-4693-b21e-7a7dfe89239f","ALL-OW55D-T2",,"In stock"
"£1,985.00","True","https://prodcdn-fch9gyh8ejf9hget.z01.azurefd.net/Product/GetImage?size=400&id=84c3db77-a61a-4363-94cc-9a2617688b44","True","True","55"" WHITE ANDROID FREESTANDING DIGITAL POSTER","1985","https://ycr.dearportal.com/Product/9e2690f7-0fa5-498b-90fd-fe5cf4349630","ALL-L55HD9W",,"In stock"
"£2,465.00","True","https://prodcdn-fch9gyh8ejf9hget.z01.azurefd.net/Product/GetImage?size=400&id=5c9cfa3f-82a6-4183-9d6f-4d003f8c9308","True","True","55"" WINDOWS PCAP TOUCH SCREEN KIOSK","2465","https://ycr.dearportal.com/Product/3a7d5cc8-9b27-4192-a1d8-7eed055b360b","ALL-TWP55A",,"In stock"
"£7,731.00","True","https://prodcdn-fch9gyh8ejf9hget.z01.azurefd.net/Product/GetImage?size=400&id=cb0fe810-8a1d-47e7-947d-8f132d117712","True","True","65"" FREESTANDING OUTDOOR DIGITAL POSTER","7731","https://ycr.dearportal.com/Product/0a07de65-f0d7-4f83-a8e2-f1b1c18c3e31","ALL-OT65E4",,"In stock"
"£8,869.00","True","https://prodcdn-fch9gyh8ejf9hget.z01.azurefd.net/Product/GetImage?size=400&id=03d337a5-58a2-4c63-a331-d3f32f5c40d9","True","True","65"" FREESTANDING PCAP OUTDOOR TOUCH SCREEN POSTER","8869","https://ycr.dearportal.com/Product/ee2a8094-c67e-47c3-b042-08e50e87a73c","ALL-OT65E-T2",,"In stock"
"£2,715.00","True","https://prodcdn-fch9gyh8ejf9hget.z01.azurefd.net/Product/GetImage?size=400&id=4308e818-dcd3-4b8b-a59c-2c7e39c2b62f","True","True","65"" ULTRA HIGH BRIGHTNESS WINDOW DISPLAY","2715","https://ycr.dearportal.com/Product/f8d7a8e3-3f44-4273-92ed-b3a46400b655","ALL-UHB65HD8",,"In stock"
"£6,543.00","True","https://prodcdn-fch9gyh8ejf9hget.z01.azurefd.net/Product/GetImage?size=400&id=500fb5a9-63eb-4104-8289-7e1b105c33af","True","True","65"" WALL-MOUNTED OUTDOOR DIGITAL ADVERTISING DISPLAY","6543","https://ycr.dearportal.com/Product/15351445-a381-46ac-9134-249bb6e5fc16","ALL-OW65D4",,"In stock"
"£7,637.00","True","https://prodcdn-fch9gyh8ejf9hget.z01.azurefd.net/Product/GetImage?size=400&id=a3f42849-81df-4b91-973f-0cab4995e383","True","True","65"" WALL-MOUNTED PCAP OUTDOOR TOUCH SCREEN","7637","https://ycr.dearportal.com/Product/609c972f-79cd-418c-bf24-d57520eb6585","ALL-OW65D-T2",,"In stock"
"£2,043.00","False","https://ycr.dearportal.com/Catalog/GetEmptyImage?size=400","True","True","70"" 4K LARGE FORMAT COMMERCIAL DISPLAY","2043","https://ycr.dearportal.com/Product/d1da63ef-df2d-43f9-87c7-e6c79f2cd5fb","ALL-M70UHD1",,"In stock"
"£14,157.00","True","https://prodcdn-fch9gyh8ejf9hget.z01.azurefd.net/Product/GetImage?size=400&id=a0a187be-c808-4474-8ecf-6bdba5a5a39d","True","True","75"" FREESTANDING OUTDOOR DIGITAL POSTER","14157","https://ycr.dearportal.com/Product/fc36d570-618d-4297-b5f4-f3502a0c3039","ALL-OT75E4",,"In stock"
"£3,650.00","True","https://prodcdn-fch9gyh8ejf9hget.z01.azurefd.net/Product/GetImage?size=400&id=7879a326-7bd7-4429-9112-f7b29f8b94cf","True","True","75"" ULTRA HIGH BRIGHTNESS WINDOW DISPLAY","3650","https://ycr.dearportal.com/Product/91badc34-dc67-48c0-80d8-e9dfff022371","ALL-UHB75HD8",,"In stock"
"£11,262.00","True","https://prodcdn-fch9gyh8ejf9hget.z01.azurefd.net/Product/GetImage?size=400&id=b4bf4704-d70c-4027-a4ec-0bfb64dc777e","True","True","75"" WALL-MOUNTED OUTDOOR DIGITAL ADVERTISING DISPLAY","11262","https://ycr.dearportal.com/Product/46e7e23f-753f-4a93-bdd3-b74dd9006a70","ALL-OW75D4",,"In stock"
"£13,376.00","True","https://prodcdn-fch9gyh8ejf9hget.z01.azurefd.net/Product/GetImage?size=400&id=73f6b668-e369-4463-88ad-300a68d3795f","True","True","75"" WALL-MOUNTED PCAP OUTDOOR TOUCH SCREEN","13376","https://ycr.dearportal.com/Product/519028f3-a9d5-45ab-8a90-78c11d8b1cd3","ALL-OW75D-T2",,"In stock"
"£1,162.00","False","https://ycr.dearportal.com/Catalog/GetEmptyImage?size=400","True","True","8"" FACIAL RECOGNITION THERMOMETER DISPLAY","1162","https://ycr.dearportal.com/Product/9d53485d-3183-427d-98ba-de156c906845","ALL-FR8A",,"In stock"
"£78.00","False","https://ycr.dearportal.com/Catalog/GetEmptyImage?size=400","True","True","8"" FACIAL RECOGNITION THERMOMETER DISPLAY HAND SANITISER","78","https://ycr.dearportal.com/Product/3c1fd146-cdd6-4f96-a530-5dc5abc8e4f7","ALL-OAHS",,"In stock"
"£198.80","False","https://ycr.dearportal.com/Catalog/GetEmptyImage?size=400","True","True","8"" FACIAL RECOGNITION THERMOMETER DISPLAY STAND","198.8","https://ycr.dearportal.com/Product/a46cced9-9413-4c78-ba08-32da3bb6ef88","ALL-ASFR8F",,"In stock"
"£17,092.00","True","https://prodcdn-fch9gyh8ejf9hget.z01.azurefd.net/Product/GetImage?size=400&id=876a0fd3-e09d-409f-af2d-61b1434026a3","True","True","86"" FREESTANDING OUTDOOR DIGITAL POSTER - OT86E4","17092","https://ycr.dearportal.com/Product/24b138b6-7ed7-4e6c-bda7-dc7295bada93","ALL-OT86E",,"In stock"
"£19,163.00","False","https://ycr.dearportal.com/Catalog/GetEmptyImage?size=400","True","True","86"" FREESTANDING PCAP OUTDOOR TOUCH SCREEN POSTER","19163","https://ycr.dearportal.com/Product/0f33432c-8ffd-46bf-a1ae-727e6033a906","ALL-OT86E-T",,"In stock"
"£14,683.00","True","https://prodcdn-fch9gyh8ejf9hget.z01.azurefd.net/Product/GetImage?size=400&id=1c5a6514-2873-4957-b65a-ec548e2f1ac4","True","True","86"" WALL-MOUNTED OUTDOOR DIGITAL ADVERTISING DISPLAY","14683","https://ycr.dearportal.com/Product/1fc81ecc-0d1c-430b-80b9-1a2e0d20c02e","ALL-OW86D4",,"In stock"
"£17,534.00","True","https://prodcdn-fch9gyh8ejf9hget.z01.azurefd.net/Product/GetImage?size=400&id=911e0d5c-0d3c-4aa6-8aab-99619c5a6c29","True","True","86"" WALL-MOUNTED PCAP OUTDOOR TOUCH SCREEN","17534","https://ycr.dearportal.com/Product/727a0348-5194-4a87-8b02-5ce8ac3bd33e","ALL-OW86D-T2",,"In stock"
"£45.00","False","https://ycr.dearportal.com/Catalog/GetEmptyImage?size=400","True","False","8GB DDR3 SODIMM RAM","45","https://ycr.dearportal.com/Product/42dd165d-bb9d-4823-af7e-e65b5530b20f","RM-0000028","1","1 in stock"
"£45.00","False","https://ycr.dearportal.com/Catalog/GetEmptyImage?size=400","False","False","8GB DDR4 SODIMM RAM","45","https://ycr.dearportal.com/Product/e2974a0e-8752-4b2a-a80e-2f7e39029a16","RM-0000040",,"Out of stock"
"£1.40","True","https://prodcdn-fch9gyh8ejf9hget.z01.azurefd.net/Product/GetImage?size=400&id=d037f08e-2b78-4e5d-b88d-0f4c9d61bef0","True","False","9 WAY 'D' CASES","1.4","https://ycr.dearportal.com/Product/aef6dca0-e894-41c5-add6-fe1c06459d24","CT-0000040","27","27 in stock"
"£1.40","True","https://prodcdn-fch9gyh8ejf9hget.z01.azurefd.net/Product/GetImage?size=400&id=37bf5e65-3aa6-40ea-a01d-53a3c2bc8c3e","True","False","9 WAY 'D' FEMALE SOCKETS","1.4","https://ycr.dearportal.com/Product/5b19e18a-11bd-4084-9f06-ac7ed255bedf","CT-0000036","10","10 in stock"
"£1.40","True","https://prodcdn-fch9gyh8ejf9hget.z01.azurefd.net/Product/GetImage?size=400&id=6ad7e454-e61a-447d-8763-ca0b0a6e847f","True","False","9 WAY 'D' MALE PLUGS","1.4","https://ycr.dearportal.com/Product/b4018197-08d1-4d76-a4fb-04dba3a33cf6","CT-0000035","19","19 in stock"
"£2.90","True","https://prodcdn-fch9gyh8ejf9hget.z01.azurefd.net/Product/GetImage?size=400&id=80bb84b1-e11a-468f-91c6-f9d12b90f3bb","True","False","9 WAY MALE GENDER CHANGE","2.9","https://ycr.dearportal.com/Product/13ce46c6-8b60-412f-b33f-e8ea30618788","CT-0000028","11","11 in stock"
"£1.40","True","https://prodcdn-fch9gyh8ejf9hget.z01.azurefd.net/Product/GetImage?size=400&id=1035d673-56f0-4d40-bf30-1953fa39c22a","True","False","9 WAY RIGHT ANGLED FEMALE","1.4","https://ycr.dearportal.com/Product/3a65ecaa-d5a7-4bc9-8a50-b1bf470f530f","CT-0000055","12","12 in stock"
"£1.40","True","https://prodcdn-fch9gyh8ejf9hget.z01.azurefd.net/Product/GetImage?size=400&id=d1cdc26d-49c3-4954-afeb-97e52e9cdc99","True","False","9 WAY RIGHT ANGLED MALE","1.4","https://ycr.dearportal.com/Product/e999e2b8-a5ad-48d9-b34a-f95e50fcb6f6","CT-0000043","19","19 in stock"
"£6.00","True","https://prodcdn-fch9gyh8ejf9hget.z01.azurefd.net/Product/GetImage?size=400&id=ff8cf39e-f584-47f1-9b39-de77c5fb1efc","True","False","9-25 WAY RS232 PRINTER CABLE","6","https://ycr.dearportal.com/Product/6a2da353-f983-4527-b7cf-73595480f573","S4-ELLIXCABLE","69","69 in stock"
"£17.00","False","https://ycr.dearportal.com/Catalog/GetEmptyImage?size=400","True","True","ALLSEE 22"" LANDSCAPE WALL MOUNT BRACKET","17","https://ycr.dearportal.com/Product/0d165d81-136b-4b05-a1f6-6229d6ceb390","ALL-LCD110",,"In stock"
"£70.00","False","https://ycr.dearportal.com/Catalog/GetEmptyImage?size=400","True","True","ALLSEE CEILING MOUNT","70","https://ycr.dearportal.com/Product/d5f59d0d-8819-4b4f-a30b-1f07356f2722","ALL-AS94601L",,"In stock"
"£385.00","False","https://ycr.dearportal.com/Catalog/GetEmptyImage?size=400","True","True","ANDROID CLOUD NETWORK MEDIA PLAYER WITH LIVE INPUT","385","https://ycr.dearportal.com/Product/3dfe6324-240b-449b-a5dd-07e7d429279f","ALL-PPCNET-LIVE",,"In stock"
"£12.00","False","https://ycr.dearportal.com/Catalog/GetEmptyImage?size=400","True","True","AO22H 22"" VESA ADAPTOR PLATE","12","https://ycr.dearportal.com/Product/6b24b48a-40de-4fec-9797-287c98444b0d","ALL-AS201D",,"In stock"
"£112.00","False","https://ycr.dearportal.com/Catalog/GetEmptyImage?size=400","True","True","ASS027A FLOOR STAND FROM SELF SERVICE KIOSK","112","https://ycr.dearportal.com/Product/faf1b61b-4f4b-44f1-b248-58eb970a3fd3","ALL-ASS27A",,"In stock"
"£1,128.00","False","https://ycr.dearportal.com/Catalog/GetEmptyImage?size=400","False","False","BIXOLON 203DPI REWINDER SERIAL","1128","https://ycr.dearportal.com/Product/de1a83e1-f4e7-4891-a04f-5c327f210aaa","BX-XT5-409S",,"Out of stock"
"£964.00","False","https://ycr.dearportal.com/Catalog/GetEmptyImage?size=400","False","False","BIXOLON 203DPI SERIAL","964","https://ycr.dearportal.com/Product/4ba17558-14f7-49c4-8bef-cfabd7564455","BX-XT5-40S",,"Out of stock"
"£1,321.00","False","https://ycr.dearportal.com/Catalog/GetEmptyImage?size=400","False","False","BIXOLON 300DPI REWINDER SERIAL","1321","https://ycr.dearportal.com/Product/a1f309ee-8b7e-4e0b-ac94-a1e54e7c4953","BX-XT5-439S",,"Out of stock"
"£1,158.00","False","https://ycr.dearportal.com/Catalog/GetEmptyImage?size=400","False","False","BIXOLON 300DPI SERIAL","1158","https://ycr.dearportal.com/Product/aceacc7d-86e2-4669-8a3d-d5cc08e83d78","BX-XT5-43S",,"Out of stock"
"£2,030.00","False","https://ycr.dearportal.com/Catalog/GetEmptyImage?size=400","False","False","BIXOLON 600DPI REWINDER SERIAL","2030","https://ycr.dearportal.com/Product/6d31d5f7-851b-4517-bbfb-7334b32cfb67","BX-XT5-469S",,"Out of stock"
"£1,867.00","False","https://ycr.dearportal.com/Catalog/GetEmptyImage?size=400","False","False","BIXOLON 600DPI SERIAL","1867","https://ycr.dearportal.com/Product/4fe06f85-8407-4254-addc-0cb24f8a59bd","BX-XT5-46S",,"Out of stock"
"£38.10","False","https://ycr.dearportal.com/Catalog/GetEmptyImage?size=400","False","False","BIXOLON BCD2000 LCD DISPLAY","38.1","https://ycr.dearportal.com/Product/368ab45b-e4cb-4992-9f9a-19496b67c268","DS-0000099",,"Out of stock"
"£57.10","True","https://prodcdn-fch9gyh8ejf9hget.z01.azurefd.net/Product/GetImage?size=400&id=9864f4a6-4de6-4818-8b60-c78acbb42cf4","True","False","BIXOLON BCD-2000 MAIN PCB ASSY","57.1","https://ycr.dearportal.com/Product/d3db58e8-27e5-4c62-a5f5-a65e2a215074","PC-0000127","10","10 in stock"
"£19.10","True","https://prodcdn-fch9gyh8ejf9hget.z01.azurefd.net/Product/GetImage?size=400&id=d937effe-1924-4c28-b3a4-e4727cbf35b2","True","False","BIXOLON BCD-2000 POWER SUPPLY","19.1","https://ycr.dearportal.com/Product/d3c916bb-c9f2-4f2e-b7a8-5f8153534a7c","PS-0000022","3","3 in stock"
"£78.00","True","https://prodcdn-fch9gyh8ejf9hget.z01.azurefd.net/Product/GetImage?size=400&id=46f2ca7f-bdc5-43b1-8e32-ee127da16457","True","False","BIXOLON BCD-2000K WITH LARGE BASE SERIAL","78","https://ycr.dearportal.com/Product/0f3d3c2f-b389-4328-ad22-4b11285213b2","BX-BCD-2000DSG","5","5 in stock"
"£78.00","True","https://prodcdn-fch9gyh8ejf9hget.z01.azurefd.net/Product/GetImage?size=400&id=160b0d8e-d6df-4c5e-af04-85b1b2f986d0","True","False","BIXOLON BCD-2000K WITH SMALL BASE USB","78","https://ycr.dearportal.com/Product/fc75ac02-3fea-474e-8fd2-abfe4e622e13","BX-BCD-2000AUG","8","8 in stock"
"£70.00","False","https://ycr.dearportal.com/Catalog/GetEmptyImage?size=400","False","False","BIXOLON BCD-3000K","70","https://ycr.dearportal.com/Product/e9127b66-391d-454b-9eb2-d64cf50e18d9","BX-BCD-3000K",,"Out of stock"
"£217.00","False","https://ycr.dearportal.com/Catalog/GetEmptyImage?size=400","False","False","BIXOLON BGT-100P WITH USB ETHERNET & BLUETOOTH","217","https://ycr.dearportal.com/Product/8daf9aa0-b527-416d-a8bd-fd93df41ca89","BX-BGT-100P",,"Out of stock"
"£217.00","False","https://ycr.dearportal.com/Catalog/GetEmptyImage?size=400","False","False","BIXOLON BGT-100PG WITH USB ETHERNET & BLUETOOTH","217","https://ycr.dearportal.com/Product/11337524-0293-44ed-9eea-ec354e360228","BX-BGT-100PG",,"Out of stock"
"£217.00","False","https://ycr.dearportal.com/Catalog/GetEmptyImage?size=400","False","False","BIXOLON BGT-102P WITH USB ETHERNET & BLUETOOTH","217","https://ycr.dearportal.com/Product/990873a0-0041-4837-a225-a83bddac856d","BX-BGT-102P",,"Out of stock"
"£217.00","False","https://ycr.dearportal.com/Catalog/GetEmptyImage?size=400","False","False","BIXOLON BGT-102PG WITH USB ETHERNET & BLUETOOTH","217","https://ycr.dearportal.com/Product/47e6f0a4-e932-48be-a4c3-fc49adaabb9a","BX-BGT-102PG",,"Out of stock"
"£195.00","True","https://prodcdn-fch9gyh8ejf9hget.z01.azurefd.net/Product/GetImage?size=400&id=cccc73df-625e-4c19-95a6-ffdc4b4a0822","False","False","BIXOLON DX220EG ETHERNET","195","https://ycr.dearportal.com/Product/c1e1d2f7-9472-4a52-8945-0abb14cdea02","BX-SLPDX220EG",,"Out of stock"
"£134.00","True","https://prodcdn-fch9gyh8ejf9hget.z01.azurefd.net/Product/GetImage?size=400&id=eb0cfdb2-b205-479d-b3f0-680f06ec67a8","True","False","BIXOLON DX220G 232 USB TEAR GRADED","134","https://ycr.dearportal.com/Product/d401ed8c-b78f-4c5e-a05f-26c5f959e436","BX-SLPDX220G-X","8","8 in stock"
"£35.00","False","https://ycr.dearportal.com/Catalog/GetEmptyImage?size=400","True","False","BIXOLON ETHERNET INTERFACE SRP350/275II","35","https://ycr.dearportal.com/Product/e8b76e4a-2a89-42dd-8597-1e4e594c456b","BX-IFAETYPE","1","1 in stock"
"£18.00","False","https://ycr.dearportal.com/Catalog/GetEmptyImage?size=400","True","False","BIXOLON INTERACTIVE LINKER SRPF310","18","https://ycr.dearportal.com/Product/6c6a4aeb-2d30-47a1-9307-f788da09f0e6","BX-BIL100G","4","4 in stock"
"£9.00","True","https://prodcdn-fch9gyh8ejf9hget.z01.azurefd.net/Product/GetImage?size=400&id=97407d5f-22fa-44e4-8adc-bdc057e0c883","True","False","BIXOLON LABEL PRINTER CABLE 9-9","9","https://ycr.dearportal.com/Product/7289df60-f95a-4975-a017-50ec3f0fcc24","BX-SERCAB99","41","41 in stock"
"£8.90","False","https://ycr.dearportal.com/Catalog/GetEmptyImage?size=400","True","False","BIXOLON MINI USB TO USB CABLE R220/R310","8.9","https://ycr.dearportal.com/Product/159c6da3-7761-4148-b4f9-856bb116c88d","BX-USBUSBR310","6","6 in stock"
"£9.00","False","https://ycr.dearportal.com/Catalog/GetEmptyImage?size=400","False","False","BIXOLON PARALLEL INTERFACE SRP350PLUSIII","9","https://ycr.dearportal.com/Product/6f0b6f8d-3212-4bdc-99bb-403b62985f66","BX-IFJPTYPE",,"Out of stock"
"£21.00","False","https://ycr.dearportal.com/Catalog/GetEmptyImage?size=400","True","False","BIXOLON PBD-R200II SINGLE BATTERY CRADLE","21","https://ycr.dearportal.com/Product/126e9ea0-a6f6-4a9d-8393-a91766d9b93f","BX-R210BATCRADLE","1","1 in stock"
"£14.00","False","https://ycr.dearportal.com/Catalog/GetEmptyImage?size=400","False","False","BIXOLON PBL-R210 BELT CLIP (10PCS)","14","https://ycr.dearportal.com/Product/96e8b622-1d53-4b60-9ecb-35566187f061","BX-R210BELTCLIP",,"Out of stock"
"£27.00","False","https://ycr.dearportal.com/Catalog/GetEmptyImage?size=400","False","False","BIXOLON PBP-R200 BATTERY PACK","27","https://ycr.dearportal.com/Product/5c7127a0-d06f-46ad-b387-428678af8d02","BX-R210BATTERY",,"Out of stock"
"£57.00","False","https://ycr.dearportal.com/Catalog/GetEmptyImage?size=400","False","False","BIXOLON PBS-R210 BELT STRAP (10PCS)","57","https://ycr.dearportal.com/Product/653441e5-9904-4f08-8fa4-7da73889bdf8","BX-R210BELTSTRAP",,"Out of stock"
"£20.00","True","https://prodcdn-fch9gyh8ejf9hget.z01.azurefd.net/Product/GetImage?size=400&id=f46d1bb0-f6fb-4ce8-8efb-88cb360c4f0b","True","False","BIXOLON RMB-100G MELODY BOX","20","https://ycr.dearportal.com/Product/d8280b62-a3b8-42cb-b458-872c08fe16d1","BX-RMB100GMELODY","17","17 in stock"
"£9.00","False","https://ycr.dearportal.com/Catalog/GetEmptyImage?size=400","True","False","BIXOLON SERIAL INTERFACE SRP275/500","9","https://ycr.dearportal.com/Product/f7f485c0-4ffc-4d08-9e2f-31705864cde7","BX-IFCSTYPE","6","6 in stock"
"£9.00","False","https://ycr.dearportal.com/Catalog/GetEmptyImage?size=400","True","False","BIXOLON SERIAL INTERFACE SRP350/275II","9","https://ycr.dearportal.com/Product/c452251c-939e-4f68-a0ba-0188f4167650","BX-IFASTYPE","5","5 in stock"
"£8.00","False","https://ycr.dearportal.com/Catalog/GetEmptyImage?size=400","True","False","BIXOLON SERIAL INTERFACE SRP350PLUSIII","8","https://ycr.dearportal.com/Product/41b03c15-0e21-4f4a-8946-3ae612441501","BX-IFJSTYPE","62","62 in stock"
"£101.30","True","https://prodcdn-fch9gyh8ejf9hget.z01.azurefd.net/Product/GetImage?size=400&id=c4931fb1-a58c-4b56-ab7a-9b32d1811157","True","False","BIXOLON SLP-D420 MAIN PCB BOARD","101.3","https://ycr.dearportal.com/Product/1fb2ad1f-2749-44e3-b02e-3472108feb1c","PC-0000109","2","2 in stock"
"£70.40","False","https://ycr.dearportal.com/Catalog/GetEmptyImage?size=400","False","False","BIXOLON SLP-D420 THERMAL HEAD","70.4","https://ycr.dearportal.com/Product/bdbfc8ae-1a7e-4e18-9fbc-093ee0eb40ea","PR-0000303",,"Out of stock"
"£82.40","True","https://prodcdn-fch9gyh8ejf9hget.z01.azurefd.net/Product/GetImage?size=400&id=370aa1e8-f18b-4225-9f43-b7c8f361ba08","True","False","BIXOLON SLP-DX220 MAIN PCB BOARD","82.4","https://ycr.dearportal.com/Product/169ca90d-828e-4045-a0f2-b5f2ce1a521b","PC-0000108","12","12 in stock"
"£57.10","True","https://prodcdn-fch9gyh8ejf9hget.z01.azurefd.net/Product/GetImage?size=400&id=407844c5-6cf3-4fb3-8539-477792ea921f","True","False","BIXOLON SLP-DX220 THERMAL HEAD","57.1","https://ycr.dearportal.com/Product/90d0a7b2-6f5d-4cbe-8970-9b2bcff3fbd1","PR-0000238","3","3 in stock"
"£195.00","True","https://prodcdn-fch9gyh8ejf9hget.z01.azurefd.net/Product/GetImage?size=400&id=b657e925-95b9-46c8-ade2-ff473583264d","False","False","BIXOLON SLP-DX220DEG DARK GREY USB ETHERNET WITH PEELER","195","https://ycr.dearportal.com/Product/d2346b5f-8263-411b-9989-6a572f186a6b","BX-SLP-DX220DEG",,"Out of stock"
"£190.00","True","https://prodcdn-fch9gyh8ejf9hget.z01.azurefd.net/Product/GetImage?size=400&id=5c62d39a-0cc5-4bbf-800d-96107369b43e","False","False","BIXOLON SLP-DX220DG DARK GREY SERIAL USB WITH PEELER","190","https://ycr.dearportal.com/Product/381570d3-b324-4707-a77e-c57c1761ab53","BX-SLP-DX220DG",,"Out of stock"
"£159.00","True","https://prodcdn-fch9gyh8ejf9hget.z01.azurefd.net/Product/GetImage?size=400&id=14302b38-8886-465e-988d-814442cf2f2b","True","False","BIXOLON SLP-DX220G DARK GREY USB SERIAL","159","https://ycr.dearportal.com/Product/5c7e37f2-ba41-4a0d-9916-e59ca2bc2e27","BX-SLP-DX220G","61","61 in stock"
"£12.80","False","https://ycr.dearportal.com/Catalog/GetEmptyImage?size=400","False","False","BIXOLON SLP-DX420 FEED PCB","12.8","https://ycr.dearportal.com/Product/2c80f368-7f42-4fff-8754-f58104efba5b","PR-0000252",,"Out of stock"
"£88.70","True","https://prodcdn-fch9gyh8ejf9hget.z01.azurefd.net/Product/GetImage?size=400&id=df408b4f-6b76-4880-8bc3-5dce7ad5ad01","True","False","BIXOLON SLP-DX420 MAIN PCB BOARD","88.7","https://ycr.dearportal.com/Product/e19efd80-0d90-4356-bda2-42d364f3db0a","PC-0000120","5","5 in stock"
"£76.00","True","https://prodcdn-fch9gyh8ejf9hget.z01.azurefd.net/Product/GetImage?size=400&id=98665ac6-ce91-4ee2-9830-7d2563086038","True","False","BIXOLON SLP-DX420 THERMAL HEAD","76","https://ycr.dearportal.com/Product/deb76513-202e-49f3-996f-43fdf7bcdd3b","PR-0000246","1","1 in stock"
"£88.70","False","https://ycr.dearportal.com/Catalog/GetEmptyImage?size=400","False","False","BIXOLON SLP-DX420EG MAIN PCB BOARD","88.7","https://ycr.dearportal.com/Product/8e834ce6-e05f-4a32-abd2-192319154feb","PC-0000107",,"Out of stock"
"£198.00","False","https://ycr.dearportal.com/Catalog/GetEmptyImage?size=400","False","False","BIXOLON SLP-TX220 DARK GREY","198","https://ycr.dearportal.com/Product/a6adc26d-8fc2-4454-bb04-2556dbb1754e","BX-SLP-TX220G",,"Out of stock"
"£239.00","False","https://ycr.dearportal.com/Catalog/GetEmptyImage?size=400","False","False","BIXOLON SLP-TX220 DARK GREY AUTO-CUTTER","239","https://ycr.dearportal.com/Product/b5d9d08d-ddda-4948-a6d1-bcc082012eaa","BX-SLP-TX220CG",,"Out of stock"
"£244.00","False","https://ycr.dearportal.com/Catalog/GetEmptyImage?size=400","False","False","BIXOLON SLP-TX220 DARK GREY BLUETOOTH","244","https://ycr.dearportal.com/Product/2d917e9f-7411-4752-ad39-428a60424f77","BX-SLP-TX220BG",,"Out of stock"
"£234.00","False","https://ycr.dearportal.com/Catalog/GetEmptyImage?size=400","False","False","BIXOLON SLP-TX220 DARK GREY ETHERNET","234","https://ycr.dearportal.com/Product/50c2324f-e25d-4814-874a-05a87a39df04","BX-SLP-TX220EG",,"Out of stock"
"£275.00","False","https://ycr.dearportal.com/Catalog/GetEmptyImage?size=400","False","False","BIXOLON SLP-TX220 DARK GREY ETHERNET AUTO-CUTTER","275","https://ycr.dearportal.com/Product/19af5fa9-77ca-4c49-8da4-a66401631ac2","BX-SLP-TX220CEG",,"Out of stock"
"£247.00","False","https://ycr.dearportal.com/Catalog/GetEmptyImage?size=400","False","False","BIXOLON SLP-TX220 DARK GREY ETHERNET PEELER","247","https://ycr.dearportal.com/Product/32e3faff-2701-4802-8642-087392ad4569","BX-SLP-TX220DEG",,"Out of stock"
"£210.00","False","https://ycr.dearportal.com/Catalog/GetEmptyImage?size=400","False","False","BIXOLON SLP-TX220 DARK GREY PEELER","210","https://ycr.dearportal.com/Product/7e53f20e-ed7a-4f4a-9d31-1f8355a0e17c","BX-SLP-TX220DG",,"Out of stock"
"£459.00","False","https://ycr.dearportal.com/Catalog/GetEmptyImage?size=400","False","False","BIXOLON SPP-L3000 BLUETOOTH IOS COMPATIBLE","459","https://ycr.dearportal.com/Product/5de763b5-9fc4-4e8d-9328-daa2d886a717","BX-SPP-L3000IK",,"Out of stock"
"£520.00","False","https://ycr.dearportal.com/Catalog/GetEmptyImage?size=400","False","False","BIXOLON SPP-L3000 BLUETOOTH IOS COMPATIBLE WLAN","520","https://ycr.dearportal.com/Product/f14082a0-b478-4544-86ce-f511715523a3","BX-SPP-L3000IWK",,"Out of stock"
"£487.00","False","https://ycr.dearportal.com/Catalog/GetEmptyImage?size=400","False","False","BIXOLON SPP-L3000 WLAN","487","https://ycr.dearportal.com/Product/14fb9bbf-839b-4a1d-a931-24ee5a82ea42","BX-SPP-L3000WK",,"Out of stock"
"£278.00","False","https://ycr.dearportal.com/Catalog/GetEmptyImage?size=400","False","False","BIXOLON SPP-L310 BLUETOOTH IOS COMPATIBLE","278","https://ycr.dearportal.com/Product/5c4d1b6c-7876-44d7-8152-a4bd5b031892","BX-SPP-L310IK5",,"Out of stock"
"£295.00","False","https://ycr.dearportal.com/Catalog/GetEmptyImage?size=400","False","False","BIXOLON SPP-L310 WLAN","295","https://ycr.dearportal.com/Product/3019e874-7260-4003-95dd-98c3931e27e9","BX-SPP-L310WK5",,"Out of stock"
"£323.00","False","https://ycr.dearportal.com/Catalog/GetEmptyImage?size=400","False","False","BIXOLON SPP-L410","323","https://ycr.dearportal.com/Product/5487eac1-4fc1-488a-b503-783dc3e2c604","BX-SPP-L410K5",,"Out of stock"
"£361.00","False","https://ycr.dearportal.com/Catalog/GetEmptyImage?size=400","False","False","BIXOLON SPP-L410 BLUETOOTH IOS COMPATIBLE LINERLESS","361","https://ycr.dearportal.com/Product/54bad784-6f1a-4d82-94c5-c75461c87df9","BX-SPP-L410IK5L",,"Out of stock"
"£345.00","False","https://ycr.dearportal.com/Catalog/GetEmptyImage?size=400","False","False","BIXOLON SPP-L410 LINERLESS","345","https://ycr.dearportal.com/Product/3f475ba5-6863-474a-a171-a759b2d23cad","BX-SPP-L410K5L",,"Out of stock"
"£395.00","False","https://ycr.dearportal.com/Catalog/GetEmptyImage?size=400","False","False","BIXOLON SPP-L410 WLAN","395","https://ycr.dearportal.com/Product/01fccd27-d482-4ed3-9f1b-1a5b55d26c3d","BX-SPP-L410IK5",,"Out of stock"
"£423.00","False","https://ycr.dearportal.com/Catalog/GetEmptyImage?size=400","False","False","BIXOLON SPP-L410 WLAN LINERLESS","423","https://ycr.dearportal.com/Product/ccc108c5-c2a3-4337-bf76-6fb91f9a079d","BX-SPP-L410WK5L",,"Out of stock"
"£20.50","False","https://ycr.dearportal.com/Catalog/GetEmptyImage?size=400","True","False","BIXOLON SPP-R200/210 LABEL ROLL (50PCS)","20.5","https://ycr.dearportal.com/Product/0a7d3199-d8e1-40f4-a764-4d81564d370a","BX-R210LABELROLL","1","1 in stock"
"£156.00","False","https://ycr.dearportal.com/Catalog/GetEmptyImage?size=400","False","False","BIXOLON SPP-R200III","156","https://ycr.dearportal.com/Product/c645a31a-192d-4e8f-aadf-62f22817b405","BX-SPP-R200IIIK",,"Out of stock"
"£184.00","False","https://ycr.dearportal.com/Catalog/GetEmptyImage?size=400","False","False","BIXOLON SPP-R200III BLUETOOTH","184","https://ycr.dearportal.com/Product/23347b4e-0b4d-42cf-8e5c-1f92d3ee6245","BX-SPP-R200IIIBK",,"Out of stock"
"£212.00","False","https://ycr.dearportal.com/Catalog/GetEmptyImage?size=400","False","False","BIXOLON SPP-R200III BLUETOOTH IOS","212","https://ycr.dearportal.com/Product/abc67988-601a-45bd-95dc-52ea3953ccb4","BX-SPP-R200IIIIK",,"Out of stock"
"£239.00","False","https://ycr.dearportal.com/Catalog/GetEmptyImage?size=400","False","False","BIXOLON SPP-R200III BLUETOOTH IOS LINERLESS","239","https://ycr.dearportal.com/Product/e50e8554-2d7b-491a-8c70-2105201ef0b5","BX-SPP-R200IIIIKL",,"Out of stock"
"£212.00","False","https://ycr.dearportal.com/Catalog/GetEmptyImage?size=400","False","False","BIXOLON SPP-R200III BLUETOOTH LINERLESS","212","https://ycr.dearportal.com/Product/2372f546-02ff-4547-b91d-c9b76316d0fd","BX-SPP-R200IIIBKL",,"Out of stock"
"£184.00","False","https://ycr.dearportal.com/Catalog/GetEmptyImage?size=400","False","False","BIXOLON SPP-R200III LINERLESS","184","https://ycr.dearportal.com/Product/3a95de20-a909-491c-a8c7-fa1c47e5a0c6","BX-SPP-R200IIIKL",,"Out of stock"
"£228.00","False","https://ycr.dearportal.com/Catalog/GetEmptyImage?size=400","False","False","BIXOLON SPP-R200III WLAN","228","https://ycr.dearportal.com/Product/b7d07a3a-8261-4edc-8b82-179e3a5570a2","BX-SPP-R200IIIWK",,"Out of stock"
"£256.00","False","https://ycr.dearportal.com/Catalog/GetEmptyImage?size=400","False","False","BIXOLON SPP-R200III WLAN LINERLESS","256","https://ycr.dearportal.com/Product/2725f2ff-8b83-492c-8d72-7424601f5dcf","BX-SPP-R200IIIWKL",,"Out of stock"
"£166.00","False","https://ycr.dearportal.com/Catalog/GetEmptyImage?size=400","False","False","BIXOLON SPP-R200IIIK IOS BT 232 PRINT","166","https://ycr.dearportal.com/Product/ae7be053-2fb5-4d97-8070-7324ba19da33","BX-R200IIIK",,"Out of stock"
"£173.00","False","https://ycr.dearportal.com/Catalog/GetEmptyImage?size=400","False","False","BIXOLON SPP-R200IIIPLUS","173","https://ycr.dearportal.com/Product/a22cf8ba-e628-498d-a6d3-de0b6277abd0","BX-SPP-R200IIIPLUSK",,"Out of stock"
"£228.00","False","https://ycr.dearportal.com/Catalog/GetEmptyImage?size=400","False","False","BIXOLON SPP-R200IIIPLUS BLUETOOTH IOS","228","https://ycr.dearportal.com/Product/dfe5fb41-8ca4-4632-906d-f8100a760f5a","BX-SPP-R200IIIPLUSIK",,"Out of stock"
"£256.00","False","https://ycr.dearportal.com/Catalog/GetEmptyImage?size=400","False","False","BIXOLON SPP-R200IIIPLUS BLUETOOTH IOS LINERLESS","256","https://ycr.dearportal.com/Product/ba01fe28-9f44-4c6b-815f-b4ee22942e02","BX-SPP-R200IIIPLUSIKL",,"Out of stock"
"£200.00","False","https://ycr.dearportal.com/Catalog/GetEmptyImage?size=400","False","False","BIXOLON SPP-R200IIIPLUS LINERLESS","200","https://ycr.dearportal.com/Product/35611e16-6f47-4e6a-9edf-ae7332d0b985","BX-SPP-R200IIIPLUSKL",,"Out of stock"
"£245.00","False","https://ycr.dearportal.com/Catalog/GetEmptyImage?size=400","False","False","BIXOLON SPP-R200IIIPLUS WLAN","245","https://ycr.dearportal.com/Product/f0b443ad-1b09-44de-a8be-01b5de61d731","BX-SPP-R200IIIPLUSWK",,"Out of stock"
"£273.00","False","https://ycr.dearportal.com/Catalog/GetEmptyImage?size=400","False","False","BIXOLON SPP-R200IIIPLUS WLAN LINERLESS","273","https://ycr.dearportal.com/Product/2d5e2cf2-0a9a-4a65-a72d-a31048526f8d","BX-SPP-R200IIIPLUSWKL",,"Out of stock"
"£139.00","False","https://ycr.dearportal.com/Catalog/GetEmptyImage?size=400","False","False","BIXOLON SPP-R210","139","https://ycr.dearportal.com/Product/00714abc-d67c-487c-b974-27f025e6837b","BX-SPP-R210K",,"Out of stock"
"£195.00","False","https://ycr.dearportal.com/Catalog/GetEmptyImage?size=400","False","False","BIXOLON SPP-R210 BLUETOOTH IOS","195","https://ycr.dearportal.com/Product/9f3c2c8c-7f26-49bf-8d8e-4ac0cba416b9","BX-SPP-R210IK",,"Out of stock"
"£223.00","False","https://ycr.dearportal.com/Catalog/GetEmptyImage?size=400","False","False","BIXOLON SPP-R210 BLUETOOTH IOS LINERLESS","223","https://ycr.dearportal.com/Product/7a71e339-90bd-4646-bc12-b241a8252983","BX-SPP-R210IKL",,"Out of stock"
"£195.00","False","https://ycr.dearportal.com/Catalog/GetEmptyImage?size=400","False","False","BIXOLON SPP-R210 BLUETOOTH LINERLESS","195","https://ycr.dearportal.com/Product/c236badb-60c2-4ce1-a85c-7edfb5de4e06","BX-SPP-R210BKL",,"Out of stock"
"£167.00","False","https://ycr.dearportal.com/Catalog/GetEmptyImage?size=400","False","False","BIXOLON SPP-R210 LINERLESS","167","https://ycr.dearportal.com/Product/d6cb6ec4-7a3b-43af-b120-3c3cc7125932","BX-SPP-R210KL",,"Out of stock"
"£184.00","False","https://ycr.dearportal.com/Catalog/GetEmptyImage?size=400","False","False","BIXOLON SPP-R310PLUS","184","https://ycr.dearportal.com/Product/3361c80d-5d24-4361-bd2a-eada3e685f9c","BX-SPP-R310PLUSK",,"Out of stock"
"£239.00","False","https://ycr.dearportal.com/Catalog/GetEmptyImage?size=400","False","False","BIXOLON SPP-R310PLUS BLUETOOTH IOS","239","https://ycr.dearportal.com/Product/42996199-a7ef-4036-bd23-c1bea3dad79c","BX-SPP-R310PLUSIK",,"Out of stock"
"£267.00","False","https://ycr.dearportal.com/Catalog/GetEmptyImage?size=400","False","False","BIXOLON SPP-R310PLUS BLUETOOTH IOS LINERLESS","267","https://ycr.dearportal.com/Product/d30c88d8-5f1b-4ba4-9953-77f2be159770","BX-SPP-R310PLUSIKL",,"Out of stock"
"£212.00","False","https://ycr.dearportal.com/Catalog/GetEmptyImage?size=400","False","False","BIXOLON SPP-R310PLUS LINERLESS","212","https://ycr.dearportal.com/Product/7933b00a-1dec-4b25-a800-4f201acebe52","BX-SPP-R310PLUSKL",,"Out of stock"
"£256.00","False","https://ycr.dearportal.com/Catalog/GetEmptyImage?size=400","False","False","BIXOLON SPP-R310PLUS WLAN","256","https://ycr.dearportal.com/Product/41825831-7541-455f-b5b1-3bcfce0e18e1","BX-SPP-R310PLUSWK",,"Out of stock"
"£284.00","False","https://ycr.dearportal.com/Catalog/GetEmptyImage?size=400","False","False","BIXOLON SPP-R310PLUS WLAN LINERLESS","284","https://ycr.dearportal.com/Product/97553ece-b393-4b83-bd7d-e3e79f81d53f","BX-SPP-R310PLUSWKL",,"Out of stock"
"£312.00","False","https://ycr.dearportal.com/Catalog/GetEmptyImage?size=400","False","False","BIXOLON SPP-R410","312","https://ycr.dearportal.com/Product/225f8c27-8ccc-4324-b5ce-1d05361fcac5","BX-SPP-R410K",,"Out of stock"
"£339.00","False","https://ycr.dearportal.com/Catalog/GetEmptyImage?size=400","False","False","BIXOLON SPP-R410 BLUETOOTH","339","https://ycr.dearportal.com/Product/ce866798-9cc5-4182-b862-bf27819910e9","BX-SPP-R410BK",,"Out of stock"
"£345.00","False","https://ycr.dearportal.com/Catalog/GetEmptyImage?size=400","False","False","BIXOLON SPP-R410 BLUETOOTH EXTRA TRANSMISSIVE SENSOR","345","https://ycr.dearportal.com/Product/76d89cd9-d8cb-4599-870c-bee91c0fbb83","BX-SPP-R410BK5",,"Out of stock"
"£367.00","False","https://ycr.dearportal.com/Catalog/GetEmptyImage?size=400","False","False","BIXOLON SPP-R410 BLUETOOTH IOS","367","https://ycr.dearportal.com/Product/a43b177f-c516-4b16-b62b-8d93061c83ed","BX-SPP-R410IK",,"Out of stock"
"£373.00","False","https://ycr.dearportal.com/Catalog/GetEmptyImage?size=400","False","False","BIXOLON SPP-R410 BLUETOOTH IOS EXTRA TRANSMISSIVE SENSOR","373","https://ycr.dearportal.com/Product/8f0d4277-c860-42e3-8a0b-56c972afbcac","BX-SPP-R410IK5",,"Out of stock"
"£317.00","False","https://ycr.dearportal.com/Catalog/GetEmptyImage?size=400","False","False","BIXOLON SPP-R410 EXTRA TRANSMISSIVE SENSOR","317","https://ycr.dearportal.com/Product/6c081626-d827-4939-b384-d7a9f35a05f7","BX-SPP-R410K5",,"Out of stock"
"£384.00","False","https://ycr.dearportal.com/Catalog/GetEmptyImage?size=400","False","False","BIXOLON SPP-R410 WLAN","384","https://ycr.dearportal.com/Product/7c1703c2-138d-41a7-a096-2ae5938df4f6","BX-SPPR410WK",,"Out of stock"
"£389.00","False","https://ycr.dearportal.com/Catalog/GetEmptyImage?size=400","False","False","BIXOLON SPP-R410 WLAN EXTRA TRANSMISSIVE SENSOR","389","https://ycr.dearportal.com/Product/ac64ec8d-8ca1-4e07-b38f-fa856926e842","BX-SPPR410WK5",,"Out of stock"
"£2.70","True","https://prodcdn-fch9gyh8ejf9hget.z01.azurefd.net/Product/GetImage?size=400&id=df62a395-dc80-472a-9b68-36757273a1f0","True","False","BIXOLON SRP270 LABEL R CONTROL","2.7","https://ycr.dearportal.com/Product/7a62f028-585a-493e-8870-093aa89993c4","PR-0000105","6","6 in stock"
"£7.70","True","https://prodcdn-fch9gyh8ejf9hget.z01.azurefd.net/Product/GetImage?size=400&id=55f97661-93c2-45ce-9e02-b633cde87a6f","True","False","BIXOLON SRP270D TAKE UP BELT","7.7","https://ycr.dearportal.com/Product/d9f374d5-80e2-470b-823c-ee3de340f420","PR-0000224","5","5 in stock"
"£5.10","True","https://prodcdn-fch9gyh8ejf9hget.z01.azurefd.net/Product/GetImage?size=400&id=1292bdd7-ca79-4ab7-ad91-446271ae6253","True","False","BIXOLON SRP270D TAKE UP SPOOL","5.1","https://ycr.dearportal.com/Product/a86963dd-4660-4f65-bcb5-ff767167f293","PR-0000068","4","4 in stock"
"£2.70","True","https://prodcdn-fch9gyh8ejf9hget.z01.azurefd.net/Product/GetImage?size=400&id=baa9d075-bdd7-472f-9fd2-c60bc8f5ab34","True","False","BIXOLON SRP275 LABEL R CONTROL","2.7","https://ycr.dearportal.com/Product/49e2176a-7cc2-4f9e-b6e0-fb0a3393ac97","PR-0000133","32","32 in stock"
"£7.00","True","https://prodcdn-fch9gyh8ejf9hget.z01.azurefd.net/Product/GetImage?size=400&id=fce5c1ee-8f59-4004-8043-033f3aaf970b","True","False","BIXOLON SRP275 PLATEN PAPER GUIDE","7","https://ycr.dearportal.com/Product/6753c31b-9b48-478b-9566-154b3ed967b3","PR-0000139","6","6 in stock"
"£7.00","True","https://prodcdn-fch9gyh8ejf9hget.z01.azurefd.net/Product/GetImage?size=400&id=a0b694b7-90ad-469d-971c-4d8dbd5070ea","True","False","BIXOLON SRP275 RIBBON PLATE SOLENOID","7","https://ycr.dearportal.com/Product/34748c99-0ecd-48d3-aded-5a40f02d3ef5","PR-0000144","5","5 in stock"
"£19.30","True","https://prodcdn-fch9gyh8ejf9hget.z01.azurefd.net/Product/GetImage?size=400&id=51034d6b-7df8-4b90-8e8c-d98876689152","True","False","BIXOLON SRP275 SMP715 PCB","19.3","https://ycr.dearportal.com/Product/a01504da-9949-472a-9f0f-7e20c566e115","PR-0000142","3","3 in stock"
"£7.00","True","https://prodcdn-fch9gyh8ejf9hget.z01.azurefd.net/Product/GetImage?size=400&id=a470e635-0f06-4723-b3b2-d96ee8f1fdfb","True","False","BIXOLON SRP275 SMP715 RIBBON FEEDER ASSY","7","https://ycr.dearportal.com/Product/ba262bf4-3dbf-4e89-b743-3a45dd45bf68","PR-0000168","6","6 in stock"
"£23.90","True","https://prodcdn-fch9gyh8ejf9hget.z01.azurefd.net/Product/GetImage?size=400&id=71744b74-4fa1-4deb-bf6f-741e09e47581","True","False","BIXOLON SRP275 STEP MOTOR","23.9","https://ycr.dearportal.com/Product/d58483f5-dd4e-49eb-a602-155db37085e0","PR-0000146","3","3 in stock"
"£69.70","True","https://prodcdn-fch9gyh8ejf9hget.z01.azurefd.net/Product/GetImage?size=400&id=23db16c0-f456-47eb-9081-013c498d39c6","True","False","BIXOLON SRP275 UNIT PRINTER - SMP715","69.7","https://ycr.dearportal.com/Product/f990cba3-55e5-4f32-8aab-93b1cc4e7438","PR-0000132","7","7 in stock"
"£39.50","True","https://prodcdn-fch9gyh8ejf9hget.z01.azurefd.net/Product/GetImage?size=400&id=767e1163-e8bf-4cbb-a088-77cc2f09bd9d","True","False","BIXOLON SRP275 UNIT-CUTTER","39.5","https://ycr.dearportal.com/Product/ad7f23a0-68d8-42ff-a5f6-69f03102e354","PR-0000135","28","28 in stock"
"£82.40","True","https://prodcdn-fch9gyh8ejf9hget.z01.azurefd.net/Product/GetImage?size=400&id=cdad3abb-b1fc-4fe7-976a-6793a271c1cb","True","False","BIXOLON SRP275A MAIN PCB","82.4","https://ycr.dearportal.com/Product/ae19e9c3-94b7-4111-ab50-890426e186af","PR-0000131","3","3 in stock"
"£5.10","True","https://prodcdn-fch9gyh8ejf9hget.z01.azurefd.net/Product/GetImage?size=400&id=34c003ca-26cf-4d26-8990-c67edb187791","True","False","BIXOLON SRP275G LABEL R CONTROL GREY","5.1","https://ycr.dearportal.com/Product/1dcbd29b-5f19-4f10-bbda-04021d70d1a8","PR-0000264","32","32 in stock"
"£44.40","True","https://prodcdn-fch9gyh8ejf9hget.z01.azurefd.net/Product/GetImage?size=400&id=75dea4fd-5a28-4752-8f62-943cb081c677","True","False","BIXOLON SRP275II AUTO CUTTER ASSY","44.4","https://ycr.dearportal.com/Product/14050e6d-582e-4044-ac73-9e2d846381d2","PR-0000190","1","1 in stock"
"£10.20","True","https://prodcdn-fch9gyh8ejf9hget.z01.azurefd.net/Product/GetImage?size=400&id=7cf494a2-431a-4fea-bba9-10278b09c428","True","False","BIXOLON SRP275II COVER OPEN SENSOR","10.2","https://ycr.dearportal.com/Product/baf75314-b293-465a-916e-35159bb3730f","PR-0000192","13","13 in stock"
"£47.50","True","https://prodcdn-fch9gyh8ejf9hget.z01.azurefd.net/Product/GetImage?size=400&id=79baf312-2ec8-4504-803f-c0758c2db942","False","False","BIXOLON SRP275II DOT HEAD ASSY","47.5","https://ycr.dearportal.com/Product/15efce88-10a8-4607-85cc-4c979fa2bba1","PR-0000189",,"Out of stock"
"£25.40","True","https://prodcdn-fch9gyh8ejf9hget.z01.azurefd.net/Product/GetImage?size=400&id=8994c3cf-585e-4a8d-ab70-24699bae42a0","True","False","BIXOLON SRP275II HEAD MOTOR","25.4","https://ycr.dearportal.com/Product/3f22720a-ca5c-4ccf-9abf-ecef8fdbe5ce","PR-0000202","3","3 in stock"
"£7.00","True","https://prodcdn-fch9gyh8ejf9hget.z01.azurefd.net/Product/GetImage?size=400&id=564ebc63-c043-4fa8-9135-3382659f4dd9","True","False","BIXOLON SRP275II PLATEN PAPER GUIDE","7","https://ycr.dearportal.com/Product/70afc85c-3251-44e4-93d5-eb90532a579e","PR-0000205","13","13 in stock"
"£34.90","True","https://prodcdn-fch9gyh8ejf9hget.z01.azurefd.net/Product/GetImage?size=400&id=03d06d98-7e77-4241-84f9-dc589ba6bd6a","True","False","BIXOLON SRP275II SMP715II PCB ASSY","34.9","https://ycr.dearportal.com/Product/c8e2c595-5ae6-4e17-b8da-d418e59eb56c","PR-0000188","4","4 in stock"
"£19.10","True","https://prodcdn-fch9gyh8ejf9hget.z01.azurefd.net/Product/GetImage?size=400&id=7874908a-08c9-4182-87f5-c568cebe12f3","True","False","BIXOLON SRP275II STEP MOTOR","19.1","https://ycr.dearportal.com/Product/160e3906-1b6c-429a-8cad-7b5ac534c50f","PR-0000203","3","3 in stock"
"£10.20","False","https://ycr.dearportal.com/Catalog/GetEmptyImage?size=400","True","False","BIXOLON SRP275II SWITCH PAPER END","10.2","https://ycr.dearportal.com/Product/cefbb6d3-bb12-48cc-84bf-612421bfdd65","PR-0000261","5","5 in stock"
"£82.40","True","https://prodcdn-fch9gyh8ejf9hget.z01.azurefd.net/Product/GetImage?size=400&id=fce1ea1e-b4d0-46d3-b80f-651ad34ef3c3","True","False","BIXOLON SRP275IIC MAIN PCB BOARD","82.4","https://ycr.dearportal.com/Product/609c4750-39fe-4eac-a797-6b88e8c25045","PC-0000072","7","7 in stock"
"£123.00","False","https://ycr.dearportal.com/Catalog/GetEmptyImage?size=400","False","False","BIXOLON SRP-275III TEAR-BAR WITH ETHERNET & USB","123","https://ycr.dearportal.com/Product/113ba2ce-9000-4add-8282-892ebfc70f93","BX-SRP-275IIIAOESG",,"Out of stock"
"£19.10","True","https://prodcdn-fch9gyh8ejf9hget.z01.azurefd.net/Product/GetImage?size=400&id=8bff26f8-5c81-4646-8e8b-593c38836035","True","False","BIXOLON SRP275III ASSY FRAME ROTATOR","19.1","https://ycr.dearportal.com/Product/e79ef1d9-b5fc-4251-b90c-5daf6e1c7bc1","PR-0000262","5","5 in stock"
"£53.30","False","https://ycr.dearportal.com/Catalog/GetEmptyImage?size=400","True","False","BIXOLON SRP275III AUTO CUTTER ASSY","53.3","https://ycr.dearportal.com/Product/00f3d07c-a7ae-4a8b-80a6-bbde25015f39","PR-0000240","2","2 in stock"
"£47.50","True","https://prodcdn-fch9gyh8ejf9hget.z01.azurefd.net/Product/GetImage?size=400&id=3fd285cb-9028-49fd-a1bd-b401e6a3678d","True","False","BIXOLON SRP275III DOT HEAD ASSY","47.5","https://ycr.dearportal.com/Product/f1f0ef9b-77fe-4c55-a17a-2ed5c575e44e","PR-0000239","5","5 in stock"
"£6.50","True","https://prodcdn-fch9gyh8ejf9hget.z01.azurefd.net/Product/GetImage?size=400&id=ff76cfde-8ac1-4646-af62-9e743420f306","False","False","BIXOLON SRP275III LEVER BUTTON","6.5","https://ycr.dearportal.com/Product/8cd66d44-07ce-44d6-b269-2422695c9397","PR-0000234",,"Out of stock"
"£10.20","True","https://prodcdn-fch9gyh8ejf9hget.z01.azurefd.net/Product/GetImage?size=400&id=71da2220-3aa6-4874-897c-71aec0f996a9","True","False","BIXOLON SRP275III PAPER NEAR END SENSOR","10.2","https://ycr.dearportal.com/Product/f2053465-363a-4a29-9938-75952a9d5aac","PR-0000245","3","3 in stock"
"£25.40","True","https://prodcdn-fch9gyh8ejf9hget.z01.azurefd.net/Product/GetImage?size=400&id=7b4c620b-b43c-46ef-bbb2-c7f2919208d7","True","False","BIXOLON SRP-275III PRINTER POWER SUPPLY","25.4","https://ycr.dearportal.com/Product/ed235c42-33fe-49ef-86bb-cd9de291b9be","PS-0000019","19","19 in stock"
"£82.40","True","https://prodcdn-fch9gyh8ejf9hget.z01.azurefd.net/Product/GetImage?size=400&id=523b3dfc-8349-4078-8596-6db272a0445f","True","False","BIXOLON SRP-275IIIAOES MAIN PCB BOARD","82.4","https://ycr.dearportal.com/Product/67dd0c99-b54f-47f4-a1e4-0bab87cff333","PC-0000110","1","1 in stock"
"£82.40","True","https://prodcdn-fch9gyh8ejf9hget.z01.azurefd.net/Product/GetImage?size=400&id=6f7bc3dd-4272-4e63-9ea7-cc10cd420a79","True","False","BIXOLON SRP-275IIICOES MAIN PCB BOARD","82.4","https://ycr.dearportal.com/Product/2fd27901-e338-48e2-8723-04a658ce7244","PC-0000111","13","13 in stock"
"£69.70","True","https://prodcdn-fch9gyh8ejf9hget.z01.azurefd.net/Product/GetImage?size=400&id=5e458909-c32f-4c0d-984b-a2b735c348eb","True","False","BIXOLON SRP-275IIICOS MAIN PCB BOARD","69.7","https://ycr.dearportal.com/Product/5b545b35-5392-4307-a4cc-f196d5eaf800","PC-0000132","12","12 in stock"
"£137.00","True","https://prodcdn-fch9gyh8ejf9hget.z01.azurefd.net/Product/GetImage?size=400&id=c4d67b14-28fb-46f6-9f6d-6995e04efdcb","True","False","BIXOLON SRP-275IIICOSG AUTOCUTTER WITH SERIAL & USB","137","https://ycr.dearportal.com/Product/2f95078b-7e1f-4420-8eca-29b185934739","BX-SRP-275IIICOSG","27","27 in stock"
"£148.00","True","https://prodcdn-fch9gyh8ejf9hget.z01.azurefd.net/Product/GetImage?size=400&id=b58b0072-5f01-46fc-b4ed-74fe982bc0d0","True","False","BIXOLON SRP-275IIIV2COESG AUTOCUTTER WITH ETHERNET & USB","148","https://ycr.dearportal.com/Product/2406fa8d-b65f-4231-b1df-44aaf9313937","BX-SRP-275IIICOESG","77","77 in stock"
"£6.50","True","https://prodcdn-fch9gyh8ejf9hget.z01.azurefd.net/Product/GetImage?size=400&id=8696ddf5-67ab-4f77-a270-05a3392cb014","True","False","BIXOLON SRP350 GREY LABEL R CONTROL","6.5","https://ycr.dearportal.com/Product/19d59240-71b4-4188-936d-e2cbac3488f4","PR-0000137","11","11 in stock"
"£5.10","True","https://prodcdn-fch9gyh8ejf9hget.z01.azurefd.net/Product/GetImage?size=400&id=a5c8fe45-1941-4c47-a1d5-d34ef9a76827","True","False","BIXOLON SRP350 LABEL R CONTROL","5.1","https://ycr.dearportal.com/Product/2bcbc198-abde-4cf1-b386-4962175b192f","PR-0000106","4","4 in stock"
"£82.40","True","https://prodcdn-fch9gyh8ejf9hget.z01.azurefd.net/Product/GetImage?size=400&id=48659eb4-4f9a-4db6-ab05-20400e8f491f","True","False","BIXOLON SRP350 MAIN PCB BOARD","82.4","https://ycr.dearportal.com/Product/42995af3-9e2f-4c65-b2a1-1a6a52d5298f","PC-0000009","1","1 in stock"
"£4.20","True","https://prodcdn-fch9gyh8ejf9hget.z01.azurefd.net/Product/GetImage?size=400&id=e8277136-7fd1-420e-9217-93ec856aacee","True","False","BIXOLON SRP350 PCB POWER DINJACK","4.2","https://ycr.dearportal.com/Product/cc7bca52-f07a-4abf-b47e-bc5bbe814898","PR-0000170","11","11 in stock"
"£47.50","True","https://prodcdn-fch9gyh8ejf9hget.z01.azurefd.net/Product/GetImage?size=400&id=3e32134b-941b-417c-a250-766737e532ce","True","False","BIXOLON SRP350 THERMAL HEAD","47.5","https://ycr.dearportal.com/Product/57a5e098-ab74-4f1f-ab9c-f28569fab945","PR-0000270","6","6 in stock"
"£39.50","True","https://prodcdn-fch9gyh8ejf9hget.z01.azurefd.net/Product/GetImage?size=400&id=cad54fa5-5386-42bf-a825-2e8fccc73e58","True","False","BIXOLON SRP350+ AUTO CUTTER","39.5","https://ycr.dearportal.com/Product/1b9dd395-7c21-4d4c-90af-40051677638b","PR-0000160","1","1 in stock"
"£82.40","True","https://prodcdn-fch9gyh8ejf9hget.z01.azurefd.net/Product/GetImage?size=400&id=2fe6cb8e-ec81-41d8-8f94-bcf3175c6a75","True","False","BIXOLON SRP350+ MAIN PCB","82.4","https://ycr.dearportal.com/Product/fbd61a9b-e8e7-4f23-a4b1-f2a0d6bc9358","PR-0000161","5","5 in stock"
"£47.50","True","https://prodcdn-fch9gyh8ejf9hget.z01.azurefd.net/Product/GetImage?size=400&id=799c6f35-af5b-4608-8255-4b8fb731e724","True","False","BIXOLON SRP350+ THERMAL HEAD","47.5","https://ycr.dearportal.com/Product/105863f7-4edb-40a1-92df-b48ae044fd65","PR-0000271","7","7 in stock"
"£19.10","False","https://ycr.dearportal.com/Catalog/GetEmptyImage?size=400","False","False","BIXOLON SRP350+III ASSY CUTTER UPPER","19.1","https://ycr.dearportal.com/Product/060f1092-97cc-464a-8ca7-c0e2c37edb6d","PR-0000251",,"Out of stock"
"£12.80","False","https://ycr.dearportal.com/Catalog/GetEmptyImage?size=400","True","False","BIXOLON SRP350+III MAIN FRAME ASSY","12.8","https://ycr.dearportal.com/Product/c5f5a281-d36a-4e3c-8dbe-0e9d2b3cfe2e","PR-0000250","3","3 in stock"
"£75.00","True","https://prodcdn-fch9gyh8ejf9hget.z01.azurefd.net/Product/GetImage?size=400&id=8f082640-90d5-477a-a3c7-387e24f94af7","True","False","BIXOLON SRP350+III MAIN PCB BOARD","75","https://ycr.dearportal.com/Product/0247420f-29e4-4624-857f-8129e591bc4d","PC-0000128","3","3 in stock"
"£125.00","True","https://prodcdn-fch9gyh8ejf9hget.z01.azurefd.net/Product/GetImage?size=400&id=702799b7-449a-42d8-bf08-f3fcfd20a58a","True","False","BIXOLON SRP350G THERMAL PRINTER GREY GRD","125","https://ycr.dearportal.com/Product/15bd8f2e-49c3-43a1-b16f-8329705b48ba","BX-SRP350G-X","2","2 in stock"
"£82.40","False","https://ycr.dearportal.com/Catalog/GetEmptyImage?size=400","False","False","BIXOLON SRP350II MAIN PCB BOARD","82.4","https://ycr.dearportal.com/Product/fe4f503a-4bbb-47c8-b58a-0b7afad857a4","PC-0000071",,"Out of stock"
"£53.30","True","https://prodcdn-fch9gyh8ejf9hget.z01.azurefd.net/Product/GetImage?size=400&id=f3772b76-aaf6-487b-9394-4a20de6942fc","True","False","BIXOLON SRP350III AUTO CUTTER ASSY","53.3","https://ycr.dearportal.com/Product/af10fe5c-c0e6-4d2b-bb87-b2b3acd7b313","PR-0000241","1","1 in stock"
"£9.60","False","https://ycr.dearportal.com/Catalog/GetEmptyImage?size=400","False","False","BIXOLON SRP350III LABEL (R) CONTROL","9.6","https://ycr.dearportal.com/Product/74575b40-708e-4529-9137-021c6f2a210d","PR-0000253",,"Out of stock"
"£82.40","True","https://prodcdn-fch9gyh8ejf9hget.z01.azurefd.net/Product/GetImage?size=400&id=124e21ee-2861-44ca-bb3a-46cace779c2d","True","False","BIXOLON SRP350III MAIN PCB BOARD","82.4","https://ycr.dearportal.com/Product/f76ff3c3-621e-443e-ad54-1cac74087e44","PC-0000118","2","2 in stock"
"£9.60","True","https://prodcdn-fch9gyh8ejf9hget.z01.azurefd.net/Product/GetImage?size=400&id=cb6aa6f6-4600-4702-b192-f8850a6d972d","True","False","BIXOLON SRP350III PLATEN ROLLER ASSY","9.6","https://ycr.dearportal.com/Product/017b8bb2-bd19-487f-8582-f07304c2ef75","PR-0000254","5","5 in stock"
"£7.00","True","https://prodcdn-fch9gyh8ejf9hget.z01.azurefd.net/Product/GetImage?size=400&id=a862a176-c5bd-44e5-b247-4c6fd7d08534","True","False","BIXOLON SRP350III POWER ON/OFF SWITCH","7","https://ycr.dearportal.com/Product/6af9c6dc-0e89-482d-9c43-bbc8eefb0911","PR-0000182","10","10 in stock"
"£45.00","True","https://prodcdn-fch9gyh8ejf9hget.z01.azurefd.net/Product/GetImage?size=400&id=bb627ac6-a8df-4def-9a0f-fdbf57b4089b","True","False","BIXOLON SRP350III THERMAL HEAD","45","https://ycr.dearportal.com/Product/cee6a99b-8d37-480a-9e70-2460b92ea7ed","PR-0000299","6","6 in stock"
"£137.00","True","https://prodcdn-fch9gyh8ejf9hget.z01.azurefd.net/Product/GetImage?size=400&id=4d4032c3-7994-43d7-96fc-d0a49b3864ba","False","False","BIXOLON SRP-350PLUSIIICOG WITH USB & ETHERNET","137","https://ycr.dearportal.com/Product/b239eefe-40c1-4e1d-9fe4-b7695a7fea14","BX-SRP-350PLUSIIICOG",,""
"£9.00","True","https://prodcdn-fch9gyh8ejf9hget.z01.azurefd.net/Product/GetImage?size=400&id=c686520a-352a-4614-92a1-859399bbfa3c","True","False","BIXOLON SRP-350plusV SPLASH COVER","9","https://ycr.dearportal.com/Product/31749163-ad29-4e1e-9195-dbbbf5eabd02","WE-0000034","7","7 in stock"
"£137.00","True","https://prodcdn-fch9gyh8ejf9hget.z01.azurefd.net/Product/GetImage?size=400&id=e95da646-3a63-4ef6-b2a7-1c8d4bf48c08","False","False","BIXOLON SRP-350PLUSVK WITH ETHERNET & USB","137","https://ycr.dearportal.com/Product/5e9e956c-da7f-47d8-9d74-a9dd01732fbf","BX-SRP-350PLUSVK",,""
"£31.80","True","https://prodcdn-fch9gyh8ejf9hget.z01.azurefd.net/Product/GetImage?size=400&id=d0e3dc8e-a707-454a-9226-4ffee8bbc311","True","False","BIXOLON SRP-350VSK PRINTER POWER SUPPLY","31.8","https://ycr.dearportal.com/Product/4bd0cc2b-ae21-4d8b-b7c0-8926a80b61e8","PS-0000002","13","13 in stock"
"£117.00","True","https://prodcdn-fch9gyh8ejf9hget.z01.azurefd.net/Product/GetImage?size=400&id=fbbdbbe4-8fae-4ce8-8921-bce2b1edeb20","True","False","BIXOLON SRP-350VSK WITH SERIAL & USB","117","https://ycr.dearportal.com/Product/c8bea413-48a3-403f-b955-7ab3216dc8d8","BX-SRP-350VSK","5","5 in stock"
"£12.10","True","https://prodcdn-fch9gyh8ejf9hget.z01.azurefd.net/Product/GetImage?size=400&id=797a1771-233c-486a-83c7-1fd29052e444","True","False","BIXOLON SRP770II PLATEN ROLLER","12.1","https://ycr.dearportal.com/Product/67223b81-9d26-4369-8f35-bb618511678e","PR-0000145","6","6 in stock"
"£23.90","True","https://prodcdn-fch9gyh8ejf9hget.z01.azurefd.net/Product/GetImage?size=400&id=b68c8e12-66fb-42c5-acac-e8e5fb44b865","True","False","BIXOLON SRP770II STEP MOTOR","23.9","https://ycr.dearportal.com/Product/384b72f3-e891-478b-9a4f-acbf0e339d0f","PR-0000163","14","14 in stock"
"£65.00","True","https://prodcdn-fch9gyh8ejf9hget.z01.azurefd.net/Product/GetImage?size=400&id=2884ca5f-26b2-41ab-a2dc-10779e5cac54","False","False","BIXOLON SRP770II THERMAL HEAD","65","https://ycr.dearportal.com/Product/4108e2ff-144d-45c3-8c5c-80e5e3760926","PR-0000129",,"Out of stock"
"£121.00","True","https://prodcdn-fch9gyh8ejf9hget.z01.azurefd.net/Product/GetImage?size=400&id=4b2fdd12-4ebe-44f0-a930-facb8a24964c","True","False","BIXOLON SRP-E300ESK WITH SERIAL ETHERNET & USB","121","https://ycr.dearportal.com/Product/81561c5a-8d67-41ef-b904-31505b646503","BX-SRP-E300ESK","1","1 in stock"
"£69.70","True","https://prodcdn-fch9gyh8ejf9hget.z01.azurefd.net/Product/GetImage?size=400&id=3a2faa32-f081-4861-ae33-be81e0302881","True","False","BIXOLON SRP-E770IIICOS MAIN PCB BOARD","69.7","https://ycr.dearportal.com/Product/7b0853f2-85d6-487d-8c12-292e99cbd1d4","PC-0000151","3","3 in stock"
"£57.10","True","https://prodcdn-fch9gyh8ejf9hget.z01.azurefd.net/Product/GetImage?size=400&id=ba1acad4-6a0e-43e1-948a-b3870ea9f3cc","True","False","BIXOLON SRP-F310 AUTO CUTTER ASSY","57.1","https://ycr.dearportal.com/Product/aa5bf085-7ad8-41c9-9887-973b4db87448","PR-0000249","1","1 in stock"
"£31.80","False","https://ycr.dearportal.com/Catalog/GetEmptyImage?size=400","False","False","BIXOLON SRP-F310 PRINTER POWER SUPPLY","31.8","https://ycr.dearportal.com/Product/3ad28cd1-d2ba-40c4-80d3-981423d643dc","PS-0000015",,"Out of stock"
"£38.10","True","https://prodcdn-fch9gyh8ejf9hget.z01.azurefd.net/Product/GetImage?size=400&id=55e8d64b-c2e3-4541-9ecb-5f81c66e0b41","True","False","BIXOLON SRPF310 STEP MOTOR","38.1","https://ycr.dearportal.com/Product/fd028847-c531-4360-9738-4dda842068e9","PR-0000272","2","2 in stock"
"£8.40","True","https://prodcdn-fch9gyh8ejf9hget.z01.azurefd.net/Product/GetImage?size=400&id=e672ef49-4ca0-4055-b21d-657bf6df61c2","True","False","BIXOLON SRP-F310II LED COVER","8.4","https://ycr.dearportal.com/Product/eb6bd290-a970-4184-87ee-a542d37c82ba","CV-0000064","9","9 in stock"
"£82.40","True","https://prodcdn-fch9gyh8ejf9hget.z01.azurefd.net/Product/GetImage?size=400&id=1935e573-ceea-4c28-9151-7e27148319ab","True","False","BIXOLON SRP-F310II MAIN PCB BOARD","82.4","https://ycr.dearportal.com/Product/1044bc5f-8503-4e8f-aed7-b5239292e599","PC-0000122","3","3 in stock"
"£82.40","False","https://ycr.dearportal.com/Catalog/GetEmptyImage?size=400","False","False","BIXOLON SRP-F310II THERMAL HEAD","82.4","https://ycr.dearportal.com/Product/c234df30-d49e-4c70-b4a5-41374d7d3f53","PR-0000260",,"Out of stock"
"£148.00","True","https://prodcdn-fch9gyh8ejf9hget.z01.azurefd.net/Product/GetImage?size=400&id=860e6515-a79f-4d9d-b104-07d1620e04fe","True","False","BIXOLON SRP-F310IICOK WITH USB + ETHERNET","148","https://ycr.dearportal.com/Product/a5ac992f-cc66-4a53-bf7b-cc39d8be542a","BX-SRP-F310IICOK","1","1 in stock"
"£156.00","True","https://prodcdn-fch9gyh8ejf9hget.z01.azurefd.net/Product/GetImage?size=400&id=54ad1068-0889-4aac-876d-f39b49524946","False","False","BIXOLON SRP-F310IICOSK WITH SERIAL USB & ETHERNET","156","https://ycr.dearportal.com/Product/c1148262-8121-403d-94f9-b68711fd1229","BX-SRP-F310IICOSK",,"Out of stock"
"£134.00","True","https://prodcdn-fch9gyh8ejf9hget.z01.azurefd.net/Product/GetImage?size=400&id=a9127d97-335c-4356-aaa5-5aa60e4973ce","True","False","BIXOLON SRP-Q200EBTK USB ETHERNET BT","134","https://ycr.dearportal.com/Product/53cbaf08-db46-4373-9eee-886bd8e1958b","BX-SRPQ200EBTK","5","5 in stock"
"£134.00","True","https://prodcdn-fch9gyh8ejf9hget.z01.azurefd.net/Product/GetImage?size=400&id=74ebcc7c-ff83-4e88-9dd9-af94d8066559","True","False","BIXOLON SRP-Q200EWDK USB ETHERNET WLAN","134","https://ycr.dearportal.com/Product/b0ec799e-dd25-4eff-9872-818e7fdd7110","BX-SRPQ200EWDK","2","2 in stock"
"£235.00","True","https://prodcdn-fch9gyh8ejf9hget.z01.azurefd.net/Product/GetImage?size=400&id=35a5dc06-088b-4f2e-b6b0-b6025b7c691e","False","False","BIXOLON SRP-S300 WITH ETHERNET & USB 2.0","235","https://ycr.dearportal.com/Product/94f0ca4c-2718-4969-8644-5f56a8b7fba7","BX-SRP-S300LXOEK",,"Out of stock"
"£241.00","True","https://prodcdn-fch9gyh8ejf9hget.z01.azurefd.net/Product/GetImage?size=400&id=01b5380f-bc12-4e23-946b-a4488cd3dfe9","True","False","BIXOLON TX400E ETH 232 USB D.GREY","241","https://ycr.dearportal.com/Product/18af7dea-9691-4508-a5eb-fe001f49ee9f","BX-SLPTX400E","1","1 in stock"
"£6.00","True","https://prodcdn-fch9gyh8ejf9hget.z01.azurefd.net/Product/GetImage?size=400&id=919261bb-d6e5-48c8-a8dd-19af59ab8e06","True","False","BIXOLON WALL BRACKET FOR SRP350/275II","6","https://ycr.dearportal.com/Product/e2dd596d-9467-4911-b5f3-67795d2c2879","BX-RWM350","5","5 in stock"
"£44.40","True","https://prodcdn-fch9gyh8ejf9hget.z01.azurefd.net/Product/GetImage?size=400&id=fb14dff0-a5eb-4236-b9b2-756bcf2da101","False","False","BIXOLON XD3-40d PRINTER POWER SUPPLY","44.4","https://ycr.dearportal.com/Product/36a64912-296f-4f33-b77d-dd520edff168","PS-0000008",,"Out of stock"
"£182.00","True","https://prodcdn-fch9gyh8ejf9hget.z01.azurefd.net/Product/GetImage?size=400&id=75bf0f74-71c6-4dd4-8bc6-ee542b25b36e","True","False","BIXOLON XD3-40DEK DARK GREY ETHERNET SERIAL USB","182","https://ycr.dearportal.com/Product/827e840d-0ea2-4445-b62b-c6706ff9c9f3","BX-XD3-40DEK","4","4 in stock"
"£214.00","True","https://prodcdn-fch9gyh8ejf9hget.z01.azurefd.net/Product/GetImage?size=400&id=5f38b82f-95c3-40b4-b959-9cc02c6022ad","False","False","BIXOLON XD3-40TEK DARK GREY ETHERNET SERIAL USB T/TRANSFER","214","https://ycr.dearportal.com/Product/1d28ff05-bb66-4bf5-a336-953de0a8d589","BX-XD3-40TEK",,"Out of stock"
"£210.00","True","https://prodcdn-fch9gyh8ejf9hget.z01.azurefd.net/Product/GetImage?size=400&id=0ed475b7-1a54-49ec-b6eb-497eb74c366a","True","False","BIXOLON XD5-40DEK DARK GREY ETHERNET SERIAL USB","210","https://ycr.dearportal.com/Product/7c72c35e-801f-430b-882f-5987ac947909","BX-XD5-40DEK","1","1 in stock"
"£2.75","False","https://ycr.dearportal.com/Catalog/GetEmptyImage?size=400","True","False","BJ-136 4W UV TUBE","2.75","https://ycr.dearportal.com/Product/9903310d-21de-4e9a-9d5e-5711f8c423ea","BJ-1364WUVTUBE","16","16 in stock"
"£163.00","False","https://ycr.dearportal.com/Catalog/GetEmptyImage?size=400","True","True","CAS AP-15 SCALE 15KG FLAT PLATE","163","https://ycr.dearportal.com/Product/54be1d5f-1e79-49f7-ae64-d84b5f5d4fcd","CS-AP15SCALE",,"In stock"
"£207.00","False","https://ycr.dearportal.com/Catalog/GetEmptyImage?size=400","False","False","CAS AP-15 SCALE 15KG WITH VEG SCOOP","207","https://ycr.dearportal.com/Product/6fa63732-ec24-4a1b-9868-e26291fc9bca","CS-AP15VEGSCLE",,"Out of stock"
"£555.00","True","https://prodcdn-fch9gyh8ejf9hget.z01.azurefd.net/Product/GetImage?size=400&id=8a54fe66-ea98-46e0-ae80-11916f402361","True","False","CAS CN1 FLAT LABEL PRINTING SCALE","555","https://ycr.dearportal.com/Product/9e9e2d38-f259-442d-b7c4-f90465cf1ae5","CS-CN1","6","6 in stock"
"£4.25","False","https://ycr.dearportal.com/Catalog/GetEmptyImage?size=400","True","False","CAS CN1 LABEL ROLL 58X40 PRINTED TEMPLATE","4.25","https://ycr.dearportal.com/Product/6ae71d35-b6fe-416f-aa87-d8f0965738bf","CS-CN1LABEL58X40PRINTED","49","49 in stock"
"£4.25","False","https://ycr.dearportal.com/Catalog/GetEmptyImage?size=400","True","False","CAS CN1 LABEL ROLL 58X60 PRINTED TEMPLATE","4.25","https://ycr.dearportal.com/Product/f0a147b9-00e7-44a5-994e-4a52e7c48197","CS-CN1LABEL58X60PRINTED","12","12 in stock"
"£40.00","False","https://ycr.dearportal.com/Catalog/GetEmptyImage?size=400","False","False","CAS ER JUNIOR BATTERY","40","https://ycr.dearportal.com/Product/19e4d419-51a6-4144-a43e-cca829b99fdd","BT-0000032",,"Out of stock"
"£39.30","True","https://prodcdn-fch9gyh8ejf9hget.z01.azurefd.net/Product/GetImage?size=400&id=e1f98fa0-aee6-4e67-b1d0-d29ea2360793","True","False","CAS ER JUNIOR SCALE POWER SUPPLY","39.3","https://ycr.dearportal.com/Product/b88fe35b-b7e3-474d-8021-5ef830c409a0","PS-0000023","1","1 in stock"
"£119.00","False","https://ycr.dearportal.com/Catalog/GetEmptyImage?size=400","True","False","CAS ER-15 JUNIOR SCALE 15KG FLAT PLATE","119","https://ycr.dearportal.com/Product/c31dfbae-1a1c-4b54-b39a-ac74e95cef34","CS-ER15FLAT","7","7 in stock"
"£163.00","False","https://ycr.dearportal.com/Catalog/GetEmptyImage?size=400","True","False","CAS ER-15 JUNIOR SCALE WITH VEG SCOOP","163","https://ycr.dearportal.com/Product/ef7a0dab-dd1f-4b7e-9408-bc2ef47c33f2","CS-ER15VEG","4","4 in stock"
"£138.00","False","https://ycr.dearportal.com/Catalog/GetEmptyImage?size=400","True","False","CAS ER-15 PLUS SCALE WITH FLAT PLATE","138","https://ycr.dearportal.com/Product/4c1b7703-64fb-4d16-b24d-895c8c172e90","CS-ER15+FLAT","1","1 in stock"
"£182.00","False","https://ycr.dearportal.com/Catalog/GetEmptyImage?size=400","True","False","CAS ER-15 PLUS SCALE WITH VEG SCOOP","182","https://ycr.dearportal.com/Product/71dde22c-13f4-4fc5-b035-ae6b7eed9ceb","CS-ER15+VEG","2","2 in stock"
"£119.00","False","https://ycr.dearportal.com/Catalog/GetEmptyImage?size=400","True","False","CAS ER-6 JUNIOR SCALE 6KG FLAT PLATE","119","https://ycr.dearportal.com/Product/99613f62-e223-44ec-bb31-96575f63bce4","CS-ER6FLAT","3","3 in stock"
"£153.00","False","https://ycr.dearportal.com/Catalog/GetEmptyImage?size=400","True","False","CAS ER-6 JUNIOR SCALE 6KG SWEET SCOOP","153","https://ycr.dearportal.com/Product/ccd52236-64fb-4a17-8c26-94423591ae9c","CS-ER6SWEET","3","3 in stock"
"£239.00","True","https://prodcdn-fch9gyh8ejf9hget.z01.azurefd.net/Product/GetImage?size=400&id=edce98c3-a8d5-47e9-957c-8a0de96feda8","True","False","CAS PDN 15KG DUAL SCALE","239","https://ycr.dearportal.com/Product/376ffd0a-d8cf-477f-a27e-00696adfb8a9","CS-PDN15","8","8 in stock"
"£259.00","True","https://prodcdn-fch9gyh8ejf9hget.z01.azurefd.net/Product/GetImage?size=400&id=1db260b7-6ed9-4bff-9615-bb77c05c233f","True","False","CAS PDN 15KG POLE DISPLAY SCALE","259","https://ycr.dearportal.com/Product/c99a6c66-0ace-41bd-bd65-1825cda47a76","CS-PDN15POLE","6","6 in stock"
"£225.00","False","https://ycr.dearportal.com/Catalog/GetEmptyImage?size=400","True","False","CASHTEC RS2000 CASH COUNTER","225","https://ycr.dearportal.com/Product/f98777bc-3e9d-480d-a30f-3fc874525c6f","CASHTECRS2000","1","1 in stock"
"£31.80","False","https://ycr.dearportal.com/Catalog/GetEmptyImage?size=400","False","False","CASIO CTR-50 DRAWER INSERT","31.8","https://ycr.dearportal.com/Product/66c08932-65cc-4313-9c1d-236a1e1a2973","DW-0000019",,"Out of stock"
"£9.50","True","https://prodcdn-fch9gyh8ejf9hget.z01.azurefd.net/Product/GetImage?size=400&id=1838cf3d-d89f-4998-ab94-93af57ff9b13","True","False","CASIO SEG1 WET COVER","9.5","https://ycr.dearportal.com/Product/989962c2-cb8f-42d8-8e7d-aa887e8c2b57","WE-0000059","8","8 in stock"
"£9.50","True","https://prodcdn-fch9gyh8ejf9hget.z01.azurefd.net/Product/GetImage?size=400&id=f6d5f89d-a6f7-40c8-b25b-343dbcb84298","True","False","CASIO SE-S400 WET COVER","9.5","https://ycr.dearportal.com/Product/b4d911de-4366-425d-83c5-5a5ac3489822","WE-0000061","11","11 in stock"
"£75.00","True","https://prodcdn-fch9gyh8ejf9hget.z01.azurefd.net/Product/GetImage?size=400&id=37d994e3-cf3c-4b58-b620-f6fbf1a2265e","True","True","CMS SUBCRIPTION 1 YEAR","75","https://ycr.dearportal.com/Product/1b6d4de8-fd09-465c-94eb-2a3dbd1c6d20","ALL-CMSSUB1YEAR",,"In stock"
"£130.00","True","https://prodcdn-fch9gyh8ejf9hget.z01.azurefd.net/Product/GetImage?size=400&id=159165cd-1896-40e4-886d-6237ce665227","True","True","CMS SUBCRIPTION 3 YEARS","130","https://ycr.dearportal.com/Product/6f84364b-6ec7-426d-9c12-06e8866e92ee","ALL-CMSSUB3YEAR",,"In stock"
"£256.00","True","https://prodcdn-fch9gyh8ejf9hget.z01.azurefd.net/Product/GetImage?size=400&id=6075f1b7-e581-4d15-bad0-8de5b49f60da","True","True","CMS SUBCRIPTION LIFETIME","256","https://ycr.dearportal.com/Product/aed200e0-31a4-49f1-ba24-45a98e86f986","ALL-CMSSUBLIFE",,"In stock"
"£112.00","True","https://prodcdn-fch9gyh8ejf9hget.z01.azurefd.net/Product/GetImage?size=400&id=4ccac0eb-4868-4320-a9b9-e80c3a8818a7","True","True","CMS UPGRADE","112","https://ycr.dearportal.com/Product/5105dd44-324c-4aa2-8e95-17805f48cb1f","ALL-CMSUPGRADE",,"In stock"
"£125.00","True","https://prodcdn-fch9gyh8ejf9hget.z01.azurefd.net/Product/GetImage?size=400&id=dfc6e0d6-209f-4cbc-a44e-f755f0fc8d62","True","False","COMET CTI CALLER ID MODEM","125","https://ycr.dearportal.com/Product/5d395d14-f712-426e-a738-8a0ea67c68df","IDMODEM","6","6 in stock"
"£135.00","False","https://ycr.dearportal.com/Catalog/GetEmptyImage?size=400","False","False","COMET CTI CALLER ID MODEM BT","135","https://ycr.dearportal.com/Product/1ae1e15c-786d-47f3-8a31-04a8b6964320","IDMODEMBT",,"Out of stock"
"£115.00","False","https://ycr.dearportal.com/Catalog/GetEmptyImage?size=400","False","False","COMET METEOR PLUS CTI CALLER ID MODEM","115","https://ycr.dearportal.com/Product/809699c9-a049-4b6d-ae2f-0cc03396badf","IDMODEMMETEOR",,"Out of stock"
"£249.00","False","https://ycr.dearportal.com/Catalog/GetEmptyImage?size=400","True","True","COMPACT OPS SLOT-IN PC INTEL CORE I3 FOR WP RANGE","249","https://ycr.dearportal.com/Product/639c8d40-6783-496a-8950-76e06ef2f8d6","ALL-OPS-S1",,"In stock"
"£109.00","True","https://prodcdn-fch9gyh8ejf9hget.z01.azurefd.net/Product/GetImage?size=400&id=e40499f1-18b2-4c14-8872-57dfae642124","False","False","DATALOGIC HERON HD3130-BKK1B SCANNER USB","109","https://ycr.dearportal.com/Product/dbca2a0c-9413-4840-baa6-5ea8574415ee","DL-HERON",,"Out of stock"
"£30.00","False","https://ycr.dearportal.com/Catalog/GetEmptyImage?size=400","False","False","DIBAL DIB310/325 PSU","30","https://ycr.dearportal.com/Product/b8a745a8-bd91-4c02-b1fe-8c14ce49b7a9","PS-0000028",,"Out of stock"
"£270.00","True","https://prodcdn-fch9gyh8ejf9hget.z01.azurefd.net/Product/GetImage?size=400&id=97a4fbeb-ef07-4ae5-a281-35985e40b521","False","False","DIBAL DIB-325B 6/15KG SCALE","270","https://ycr.dearportal.com/Product/ece8cdb6-6629-4cbe-8a64-0c78acf7698b","DB-325B6-15KG",,"Out of stock"
"£379.00","False","https://ycr.dearportal.com/Catalog/GetEmptyImage?size=400","False","False","DIBAL DIB-325B 6/15KG SCALE WITH VEG SCOOP","379","https://ycr.dearportal.com/Product/ad7ed4a7-6d91-43ba-8683-12c1976263de","DB-325B6-15KG-VEG",,"Out of stock"
"£425.00","False","https://ycr.dearportal.com/Catalog/GetEmptyImage?size=400","True","False","DIBAL DPOS-400T2D 6/15KG POLE SCALE","425","https://ycr.dearportal.com/Product/949a6b74-1685-4a10-acd8-153cbff557cc","DB-DPOS-400T6-15","2","2 in stock"
"£155.00","False","https://ycr.dearportal.com/Catalog/GetEmptyImage?size=400","True","False","DIBAL W01 500 SERIES THERMAL PRINT HEAD","155","https://ycr.dearportal.com/Product/7bdfe424-ea4f-4f4d-90c0-526b6ffb12f2","PR-0000309","1","1 in stock"
"£85.00","False","https://ycr.dearportal.com/Catalog/GetEmptyImage?size=400","False","False","DIBAL W01 KEYBOARD","85","https://ycr.dearportal.com/Product/46c8bda3-c659-4ca5-896e-cb2f74c7eb0a","KY-0000004",,"Out of stock"
"£168.00","False","https://ycr.dearportal.com/Catalog/GetEmptyImage?size=400","False","False","DRAYTEK VIGOR 2832N WIRELESS ROUTER","168","https://ycr.dearportal.com/Product/ebfc1bd9-91c3-441c-a10b-80e46a20ef61","DY-VIGOR2832N",,"Out of stock"
"£285.00","False","https://ycr.dearportal.com/Catalog/GetEmptyImage?size=400","False","False","DRAYTEK VIGOR 2865AC WIRELESS ROUTER","285","https://ycr.dearportal.com/Product/1c70e21d-021f-43d1-9e4c-32379a4eefd0","DY-VIGOR2865AC",,"Out of stock"
"£63.00","False","https://ycr.dearportal.com/Catalog/GetEmptyImage?size=400","False","False","DRAYTEK VIGOR AP710 ACCESS POINT","63","https://ycr.dearportal.com/Product/41d26dea-9262-4c22-9f50-2982deee5441","DY-VIGORAP710",,"Out of stock"
"£56.00","True","https://prodcdn-fch9gyh8ejf9hget.z01.azurefd.net/Product/GetImage?size=400&id=5887db58-3562-45cb-94cc-01417333efc6","True","True","Eagle 1 Slot Charger","56","https://ycr.dearportal.com/Product/f61e91e9-c6ed-4850-823c-ac553007fad5","CA-MTAC-RBC",,"In stock"
"£13.00","True","https://prodcdn-fch9gyh8ejf9hget.z01.azurefd.net/Product/GetImage?size=400&id=e1db649e-2e7c-423b-bfa7-e8fee712d4a2","True","True","Eagle 18W UK USB Power Adapter for Eagle Terminal","13","https://ycr.dearportal.com/Product/2ad8553b-157c-493d-8341-1d35792491a9","CA-MTAC-18W-UK",,"In stock"
"£72.00","True","https://prodcdn-fch9gyh8ejf9hget.z01.azurefd.net/Product/GetImage?size=400&id=d7155e4c-0b92-4609-bdc5-9892345cd7d8","True","True","Eagle 2 slot charging cradle battery","72","https://ycr.dearportal.com/Product/626f1c03-8c20-4161-84dd-ee0c264dbd77","CA-MTAC-PBC",,"In stock"
"£190.00","True","https://prodcdn-fch9gyh8ejf9hget.z01.azurefd.net/Product/GetImage?size=400&id=306f61ce-eb94-453b-a6fe-36583145640b","True","True","Eagle 4 Slot Charger","190","https://ycr.dearportal.com/Product/fccd442b-7f3d-40ee-84cd-a23a1ba66f3d","CA-MTAC-4BASE-1",,"In stock"
"£32.00","True","https://prodcdn-fch9gyh8ejf9hget.z01.azurefd.net/Product/GetImage?size=400&id=0e02e005-2c8c-4084-b4ca-685e1e4fdd9a","True","True","Eagle 4300 mAh main Li-ion battery","32","https://ycr.dearportal.com/Product/ace0b710-2a22-4e12-b4fd-e8a342aa0af7","CA-MTAC-4300-MB",,"In stock"
"£26.00","True","https://prodcdn-fch9gyh8ejf9hget.z01.azurefd.net/Product/GetImage?size=400&id=6e6b735c-89c5-4302-a764-9b271b06df86","True","True","Eagle 5200 mAh pistol grip battery","26","https://ycr.dearportal.com/Product/2479b846-65a9-4910-baae-6655d69d2184","CA-MTAC-5200-PB",,"In stock"
"£29.00","True","https://prodcdn-fch9gyh8ejf9hget.z01.azurefd.net/Product/GetImage?size=400&id=30c61fa8-e199-4d96-9563-f3919d50878e","True","True","Eagle 60W DC Power Adapter","29","https://ycr.dearportal.com/Product/77ac3d2b-6640-4923-8897-f4f17406ddc4","CA-MTAC-12V5A-XX",,"In stock"
"£6.50","True","https://prodcdn-fch9gyh8ejf9hget.z01.azurefd.net/Product/GetImage?size=400&id=cec4310a-0d3e-43ce-85ea-660c18a167d2","True","True","Eagle Handheld Screen Protector","6.5","https://ycr.dearportal.com/Product/152f1244-ef3a-4fa0-9004-af03107fbc7b","CA-MTAC-SP",,"In stock"
"£359.00","True","https://prodcdn-fch9gyh8ejf9hget.z01.azurefd.net/Product/GetImage?size=400&id=ecc3b02b-2d81-4779-afd4-e38325c0091c","True","True","Eagle Mobile Terminal","359","https://ycr.dearportal.com/Product/340544eb-a341-4b74-9a24-36f667de1f02","CA-MT-11010B",,"In stock"
"£29.99","True","https://prodcdn-fch9gyh8ejf9hget.z01.azurefd.net/Product/GetImage?size=400&id=c0af5a14-d375-465e-b505-f0cd1b37765a","True","True","Eagle Pistol Grip","29.99","https://ycr.dearportal.com/Product/44515e45-a6da-4762-bdf0-763afacd0dab","CA-MTAC-PS",,"In stock"
"£15.00","True","https://prodcdn-fch9gyh8ejf9hget.z01.azurefd.net/Product/GetImage?size=400&id=c2f865d6-4214-437d-bd4e-f4276c665f6b","True","True","Eagle Rugged Rubber Boot with hand strap","15","https://ycr.dearportal.com/Product/80695562-9cdb-4320-920d-e4f2eb24421f","CA-MTAC-RRHP",,"In stock"
"£45.00","True","https://prodcdn-fch9gyh8ejf9hget.z01.azurefd.net/Product/GetImage?size=400&id=d0b01e35-255c-4f61-85db-4770cdff8620","True","False","EC FLIP TOP CASH BASE 24V BLACK","45","https://ycr.dearportal.com/Product/503e465b-dfb4-4223-b877-aeef25ccfe45","DW-ECFLIPTOP24V","53","53 in stock"
"£14.70","True","https://prodcdn-fch9gyh8ejf9hget.z01.azurefd.net/Product/GetImage?size=400&id=98539bb3-1714-4a99-882f-871ecf9d3763","False","False","EC410 24V SOLENOID WITH MICRO SWITCH","14.7","https://ycr.dearportal.com/Product/02b45436-dce5-4ba8-9902-af473bf4497c","DW-0000039",,"Out of stock"
"£14.70","True","https://prodcdn-fch9gyh8ejf9hget.z01.azurefd.net/Product/GetImage?size=400&id=a36a301e-ea08-45a5-a678-82160a9ae6f4","True","False","EC410 24V SOLENOID WITH MICRO SWITCH","14.7","https://ycr.dearportal.com/Product/b50c20e3-6a96-4abe-9408-32cf4a4181b7","DW-0000041","179","179 in stock"
"£22.20","True","https://prodcdn-fch9gyh8ejf9hget.z01.azurefd.net/Product/GetImage?size=400&id=dbea12f3-a800-4631-92b7-5a3c92b80e56","True","False","EC410 DRAWER SPLITTER CABLE","22.2","https://ycr.dearportal.com/Product/821a187c-3e9d-40bb-9e05-581591e99a36","CB-0000070","1","1 in stock"
"£28.00","True","https://prodcdn-fch9gyh8ejf9hget.z01.azurefd.net/Product/GetImage?size=400&id=8ab8b1ee-53e0-4060-a9dd-586ee40f8142","True","False","EC410 INSERT","28","https://ycr.dearportal.com/Product/d534fe12-fdd1-49f5-95cf-6a10da2c507e","DW-EC410INSERT","1","1 in stock"
"£255.00","True","https://prodcdn-fch9gyh8ejf9hget.z01.azurefd.net/Product/GetImage?size=400&id=5ce3e274-b5f5-4047-b61c-572a38a9df51","True","True","EPSON TM-T88VII RECEIPT PRINTER [USB SERIAL & ETHERNET]","255","https://ycr.dearportal.com/Product/2340d1db-28a2-462c-a747-7f50c174c2d5","EP-EPSONTM-T88VII-3 COMBO",,"In stock"
"£180.00","True","https://prodcdn-fch9gyh8ejf9hget.z01.azurefd.net/Product/GetImage?size=400&id=f446dec9-ccba-42e5-b1f8-477b7daab2d6","True","False","EPSON TM-U210A PRINTER","180","https://ycr.dearportal.com/Product/cf30346a-2562-417d-aa53-9dee55c4112c","EP-TMU210A","4","4 in stock"
"£0.00","True","https://prodcdn-fch9gyh8ejf9hget.z01.azurefd.net/Product/GetImage?size=400&id=791f2912-505d-47ee-8bc9-7f278255b0a3","True","False","EPSON TM-U300A PRINTER","0","https://ycr.dearportal.com/Product/611c63e0-8d74-4e99-b914-675b729c7809","EP-TMU300A","2","2 in stock"
"£1.38","True","https://prodcdn-fch9gyh8ejf9hget.z01.azurefd.net/Product/GetImage?size=400&id=52883cb8-d46a-4d70-a693-56e92575b851","True","False","ERC18 PURPLE CASSETTE","1.38","https://ycr.dearportal.com/Product/8bc9bb4f-a50e-41f8-baff-a89dc29e499d","RB-0000020","1","1 in stock"
"£1.25","True","https://prodcdn-fch9gyh8ejf9hget.z01.azurefd.net/Product/GetImage?size=400&id=258b85ab-ac6c-4b3a-851b-855404f076c6","True","False","ERC32 PURPLE CASSETTE","1.25","https://ycr.dearportal.com/Product/abf7ae6e-5b7b-4bba-9264-9ad235502037","RB-0000019","38","38 in stock"
"£1.01","True","https://prodcdn-fch9gyh8ejf9hget.z01.azurefd.net/Product/GetImage?size=400&id=672f2338-b04b-43c3-a8b0-1e678f23dc0c","True","False","ERC38 BLACK AND RED INK CASSETTE","1.01","https://ycr.dearportal.com/Product/e041c896-e49d-44d5-a546-c9d319ecb8ad","RB-0000034","122","122 in stock"
"£3.80","True","https://prodcdn-fch9gyh8ejf9hget.z01.azurefd.net/Product/GetImage?size=400&id=3778e390-f9e3-4217-9262-5c079d79a14f","False","False","ERP400 TIMING BELT","3.8","https://ycr.dearportal.com/Product/0aaa4960-131c-4a28-94d3-0fcad94ffdb9","PR-0000032",,"Out of stock"
"£3.90","True","https://prodcdn-fch9gyh8ejf9hget.z01.azurefd.net/Product/GetImage?size=400&id=0282e118-0d7a-4ecc-b1a4-ea321eafdac9","True","False","FIGURE 8 LEAD","3.9","https://ycr.dearportal.com/Product/f9340cc6-0f03-450a-96bb-64a607e44fb1","PG-0000004","5","5 in stock"
"£150.00","False","https://ycr.dearportal.com/Catalog/GetEmptyImage?size=400","True","True","FREESTANDING FLOOR STAND FOR SELF KIOSK","150","https://ycr.dearportal.com/Product/ae65f089-f2b7-4d7e-9724-b6f11a825231","ALL-ASO27A-BSPK",,"In stock"
"£0.50","True","https://prodcdn-fch9gyh8ejf9hget.z01.azurefd.net/Product/GetImage?size=400&id=f0156493-4f5b-4a5f-8c6b-26be53039569","True","False","GROUP 24 INK RIBBON","0.5","https://ycr.dearportal.com/Product/082f0fb2-8460-4967-8779-8a80518b2d0b","RB-0000003","2","2 in stock"
"£950.00","True","https://prodcdn-fch9gyh8ejf9hget.z01.azurefd.net/Product/GetImage?size=400&id=8f59c826-2a32-45d6-875d-56c6be936e83","True","True","HB32C 32"" HIGH BRIGHTNESS PROFESSIONAL MONITOR","950","https://ycr.dearportal.com/Product/f6a615b2-a4ad-449d-a9ef-a80c295c44dd","ALL-HB32C",,"In stock"
"£95.00","False","https://ycr.dearportal.com/Catalog/GetEmptyImage?size=400","False","False","HI-LITE CARD TERMINAL","95","https://ycr.dearportal.com/Product/dec085cd-db5c-4af1-821d-a004936d486b","PX-HILITE",,"Out of stock"
"£44.40","False","https://ycr.dearportal.com/Catalog/GetEmptyImage?size=400","False","False","HISENSE HM388 BATTERY","44.4","https://ycr.dearportal.com/Product/ba9198fe-2fa2-4fa3-bea3-9233d08e6792","BT-0000017",,"Out of stock"
"£31.80","True","https://prodcdn-fch9gyh8ejf9hget.z01.azurefd.net/Product/GetImage?size=400&id=4865261e-36c8-4742-9527-3bb55c838cd3","True","False","HISENSE HM388/618 PSU","31.8","https://ycr.dearportal.com/Product/56cbdb67-69bc-4854-b1de-d2969bf08e08","PS-0000027","1","1 in stock"
"£80.00","False","https://ycr.dearportal.com/Catalog/GetEmptyImage?size=400","False","False","HISENSE HM618 BATTERY","80","https://ycr.dearportal.com/Product/8d2fedb5-4280-44aa-a75b-48b1a30b80cf","BT-0000028",,""
"£70.00","False","https://ycr.dearportal.com/Catalog/GetEmptyImage?size=400","False","False","HISENSE HM618 4G MODULE","70","https://ycr.dearportal.com/Product/677695c0-ee3a-46ba-b2ab-867b9b8545bc","HS-HM6184G",,"Out of stock"
"£30.00","False","https://ycr.dearportal.com/Catalog/GetEmptyImage?size=400","True","False","HISENSE HM618 SHOULDER STRAP","30","https://ycr.dearportal.com/Product/9f7dd1a3-5019-4296-b241-7f41f5148d57","HS-HM618SHOULDERSTRAP","1","1 in stock"
"£284.00","False","https://ycr.dearportal.com/Catalog/GetEmptyImage?size=400","True","False","HISENSE HM618 SMART DOCK (WITH PRINTER)","284","https://ycr.dearportal.com/Product/bf1e8707-1fe7-4826-8453-185c9553ad2d","HS-HM618SMDOCKPR","1","1 in stock"
"£44.40","False","https://ycr.dearportal.com/Catalog/GetEmptyImage?size=400","False","False","HISENSE HM618 SMARTDOCK PSU","44.4","https://ycr.dearportal.com/Product/03c1acca-cd71-498e-b783-a00ce10b907b","PS-0000029",,"Out of stock"
"£75.00","False","https://ycr.dearportal.com/Catalog/GetEmptyImage?size=400","True","False","HISENSE HM628 BATTERY","75","https://ycr.dearportal.com/Product/ee6303f0-2ace-4c41-b293-9e641efd5e03","BT-0000029","1","1 in stock"
"£35.00","False","https://ycr.dearportal.com/Catalog/GetEmptyImage?size=400","True","False","HISENSE HM628 PSU","35","https://ycr.dearportal.com/Product/bfee92a4-ed01-44c4-bc46-84125f76bd57","PS-0000039","2","2 in stock"
"£195.00","True","https://prodcdn-fch9gyh8ejf9hget.z01.azurefd.net/Product/GetImage?size=400&id=1bf16989-6765-4039-913c-97fec0fdda51","True","False","HISENSE HM628 SMART DOCK (NO PRINTER)","195","https://ycr.dearportal.com/Product/4cdba36f-73a0-49a2-a14f-106cf53c7973","HS-HM628SMRTDOCK","19","19 in stock"
"£284.00","True","https://prodcdn-fch9gyh8ejf9hget.z01.azurefd.net/Product/GetImage?size=400&id=e7c7de41-76e9-48ed-8060-be895a45385c","False","False","HISENSE HM628 SMART DOCK (WITH PRINTER)","284","https://ycr.dearportal.com/Product/c615db4c-ecc8-4b0b-8735-175f98b64e6e","HS-HM628SMDOCKPR",,"Out of stock"
"£40.00","True","https://prodcdn-fch9gyh8ejf9hget.z01.azurefd.net/Product/GetImage?size=400&id=300eb2d2-7722-4d21-816a-283fe2d19b4f","True","False","HISENSE HM628 STANDARD DOCKING STATION","40","https://ycr.dearportal.com/Product/d24fb665-45b8-4f56-a437-0e5b3a1a77af","HS-HM628DOCKING","14","14 in stock"
"£599.00","True","https://prodcdn-fch9gyh8ejf9hget.z01.azurefd.net/Product/GetImage?size=400&id=04c1d133-d53b-4fde-8221-feca7d78632e","True","False","HISENSE HM628 TABLET WIN10 64GB","599","https://ycr.dearportal.com/Product/3ad37376-7a50-4e2f-82b2-6d24c7a907bd","HS-HM628TABLET","11","11 in stock"
"£35.00","True","https://prodcdn-fch9gyh8ejf9hget.z01.azurefd.net/Product/GetImage?size=400&id=4aff4d4f-2c0c-4479-bf3f-f10e63f573b4","False","False","HISENSE HM628 VESA WALL BRACKET","35","https://ycr.dearportal.com/Product/01cc37de-12db-47bf-9457-8115c6f76733","HS-HM628VESA",,""
"£115.00","True","https://prodcdn-fch9gyh8ejf9hget.z01.azurefd.net/Product/GetImage?size=400&id=b8566843-b60d-4d73-881d-df378c841f3b","False","False","HONEYWELL 1470G SCANNER USB BLACK 2D","115","https://ycr.dearportal.com/Product/9e0f7882-e4e8-4df1-937a-b375ed0f5ad9","HW-MS1470G",,"Out of stock"
"£332.99","True","https://prodcdn-fch9gyh8ejf9hget.z01.azurefd.net/Product/GetImage?size=400&id=b8e9788e-00e1-467b-8e10-c743acd717e5","False","False","HONEYWELL MK3780 SCANNER USB BLACK WITH STAND","332.99","https://ycr.dearportal.com/Product/42caeb26-c44e-4aeb-8bb0-5e009c2205b6","HW-MK3780UB",,"Out of stock"
"£139.00","True","https://prodcdn-fch9gyh8ejf9hget.z01.azurefd.net/Product/GetImage?size=400&id=1ea5cde2-dc07-479b-bcdc-22b26a2ea765","False","False","HONEYWELL MK9540 SCANNER FEMALE BLACK","139","https://ycr.dearportal.com/Product/6c70b062-110a-4f96-8fa6-acc469e30ce0","HW-MK9540FB",,"Out of stock"
"£125.00","True","https://prodcdn-fch9gyh8ejf9hget.z01.azurefd.net/Product/GetImage?size=400&id=a905a05c-bbaa-4491-bd77-690240af94d8","False","False","HONEYWELL MS1200G SCANNER FEMALE BLACK","125","https://ycr.dearportal.com/Product/3fb16eec-02e2-4106-b7e6-914fb71c476e","HW-MS1200FG",,"Out of stock"
"£80.00","True","https://prodcdn-fch9gyh8ejf9hget.z01.azurefd.net/Product/GetImage?size=400&id=02698842-8c52-4d6f-9e83-277bfc47d87f","True","False","HONEYWELL MS1200G SCANNER USB BLACK","80","https://ycr.dearportal.com/Product/0f1435b1-f424-4512-bf2b-fee76f74981f","HW-MS1200G","4","4 in stock"
"£145.00","True","https://prodcdn-fch9gyh8ejf9hget.z01.azurefd.net/Product/GetImage?size=400&id=039ed5b9-b3eb-4fec-91ee-dc1f5f0db11d","True","False","HONEYWELL MS1202G BLUETOOTH SCANNER USB BLACK","145","https://ycr.dearportal.com/Product/9f287cba-5b91-4972-83d5-39bde3cfea62","HW-MS1202G","4","4 in stock"
"£25.40","True","https://prodcdn-fch9gyh8ejf9hget.z01.azurefd.net/Product/GetImage?size=400&id=b2b035e9-9db4-449c-b82a-c49f1a60f476","False","False","HONEYWELL MS1202G RS232 CABLE","25.4","https://ycr.dearportal.com/Product/08a4adc5-8868-4acf-b585-f128abbcac4e","HW-MS1202G232CBL",,"Out of stock"
"£53.00","True","https://prodcdn-fch9gyh8ejf9hget.z01.azurefd.net/Product/GetImage?size=400&id=6bc84f8f-f1ec-4f18-a636-b2f7f320bcd4","False","False","HONEYWELL MS1202G SCANNER BATTERY","53","https://ycr.dearportal.com/Product/e8b8bbcc-6772-471f-83cd-05edbaea33ee","HW-MS1202BAT",,"Out of stock"
"£80.00","True","https://prodcdn-fch9gyh8ejf9hget.z01.azurefd.net/Product/GetImage?size=400&id=2bb9e0df-1803-4784-91bb-9aacea4b93bd","False","False","HONEYWELL MS1400G 2D SCANNER USB BLACK","80","https://ycr.dearportal.com/Product/19b4e233-0a8a-4ad5-afa2-3b1e9e0b53a1","HW-MS1400G",,"Out of stock"
"£57.00","True","https://prodcdn-fch9gyh8ejf9hget.z01.azurefd.net/Product/GetImage?size=400&id=f4f43689-a5bd-4e72-8879-483151e33655","True","True","HONEYWELL MS5145 SCANNER USB BLACK","57","https://ycr.dearportal.com/Product/912021c4-8df1-493b-8e10-182d7bca7997","HW-MS5145UB",,"In stock"
"£19.10","True","https://prodcdn-fch9gyh8ejf9hget.z01.azurefd.net/Product/GetImage?size=400&id=31af1ee1-92a0-45dc-a917-e9f3a043029c","True","False","HONEYWELL MS7120 RS232 FEMALE CABLE","19.1","https://ycr.dearportal.com/Product/113746d7-a0f4-4a55-b350-2f8bbd487948","HW-MS7120232CBL","1","1 in stock"
"£130.00","True","https://prodcdn-fch9gyh8ejf9hget.z01.azurefd.net/Product/GetImage?size=400&id=a779272a-13db-4f24-9deb-8d9c370c7f8c","False","False","HONEYWELL MS7120 SCANNER SERIAL [FEMALE] BLACK","130","https://ycr.dearportal.com/Product/a4de556c-5a9f-4c75-be93-d8c7778372eb","HW-MS7120FB",,"Out of stock"
"£112.00","True","https://prodcdn-fch9gyh8ejf9hget.z01.azurefd.net/Product/GetImage?size=400&id=f64e0783-7269-42f2-8b99-22fb27b32a91","True","False","HONEYWELL MS7120 SCANNER USB BLACK","112","https://ycr.dearportal.com/Product/74d79c18-4443-4c82-a728-0c5a8e9002a0","HW-MS7120UB","15","15 in stock"
"£135.00","True","https://prodcdn-fch9gyh8ejf9hget.z01.azurefd.net/Product/GetImage?size=400&id=0e546ed1-dcd9-484c-99b8-573193c129b9","False","False","HONEYWELL MS7120 SCANNER USB CREAM","135","https://ycr.dearportal.com/Product/c0d8f3dd-2010-442b-a74b-a55bafd76f65","HW-MS7120UC",,"Out of stock"
"£19.10","True","https://prodcdn-fch9gyh8ejf9hget.z01.azurefd.net/Product/GetImage?size=400&id=c1e77bce-5377-430c-b6f9-ef521e941a53","False","False","HONEYWELL MS7120 USB CABLE","19.1","https://ycr.dearportal.com/Product/4a3a9939-ae40-4ddf-a70b-6bc80fe9b676","HW-MS7120USBCBL",,"Out of stock"
"£199.00","True","https://prodcdn-fch9gyh8ejf9hget.z01.azurefd.net/Product/GetImage?size=400&id=85bc4080-8e0b-4202-92f3-0b18b39bc6fe","True","False","HONEYWELL MS7190G SCANNER USB 2D BLACK","199","https://ycr.dearportal.com/Product/fffed77c-906b-491d-b60e-29e0d54a2e07","HW-MS7190G","4","4 in stock"
"£350.00","True","https://prodcdn-fch9gyh8ejf9hget.z01.azurefd.net/Product/GetImage?size=400&id=8827e5d9-8c3b-446a-b9ad-b05fd79250f2","False","False","HONEYWELL SOLARIS XP 7990G SCANNER USB 2D BLACK","350","https://ycr.dearportal.com/Product/9ba74dd6-7bda-4c96-8edf-30f2c9cb937f","HW-XP7990G",,"Out of stock"
"£149.00","True","https://prodcdn-fch9gyh8ejf9hget.z01.azurefd.net/Product/GetImage?size=400&id=244c6f7f-81f7-4fa7-9da9-fc77cc728a42","False","False","HONEYWELL YOUJIO HF600 SCANNER USB 2D BLACK","149","https://ycr.dearportal.com/Product/113a9701-3414-4173-a0f8-c213ce70c748","HW-HF600UB",,"Out of stock"
"£59.00","True","https://prodcdn-fch9gyh8ejf9hget.z01.azurefd.net/Product/GetImage?size=400&id=780ea264-7642-4ab0-9959-0d05444068d7","True","False","HPRT HM-A300E MOBILE RECEIPT PRINTER 80mm","59","https://ycr.dearportal.com/Product/107ec8a1-c5d6-41af-8832-b6658519a130","HP-HMA300E","7","7 in stock"
"£92.00","True","https://prodcdn-fch9gyh8ejf9hget.z01.azurefd.net/Product/GetImage?size=400&id=5d63b20b-1985-451b-ade1-6f2dbfe2c982","False","False","HPRT KP806 THERMAL PRINTER USB/ETHER","92","https://ycr.dearportal.com/Product/a9ab61c2-907e-44e9-aeed-43e3c960f0e9","HP-KP806",,""
"£15.00","True","https://prodcdn-fch9gyh8ejf9hget.z01.azurefd.net/Product/GetImage?size=400&id=4f044514-6488-4714-b2c6-65345a4b6e1a","True","False","HPRT KP806 THERMAL PRINTER PLASTIC COVER","15","https://ycr.dearportal.com/Product/883b9a42-d44f-46bf-b8f4-1a430c81e5cd","HP-KP806COVER","22","22 in stock"
"£49.00","True","https://prodcdn-fch9gyh8ejf9hget.z01.azurefd.net/Product/GetImage?size=400&id=0ff43ae8-3b7d-4302-9f24-a32c45f586b5","True","False","HPRT N101 2D HANDHELD SCANNER USB BLACK","49","https://ycr.dearportal.com/Product/057d8834-51df-41d1-9211-f07fd29f1a16","HP-N101","18","18 in stock"
"£59.00","True","https://prodcdn-fch9gyh8ejf9hget.z01.azurefd.net/Product/GetImage?size=400&id=c4f2020e-924c-40c3-be63-c3dbb7165b7b","True","False","HPRT P200 (BR200) 2D SCANNER USB/SERIAL BLACK","59","https://ycr.dearportal.com/Product/d94f81de-f042-4f8e-8a55-6d18e4118ace","HP-P200","24","24 in stock"
"£45.00","True","https://prodcdn-fch9gyh8ejf9hget.z01.azurefd.net/Product/GetImage?size=400&id=0311ff75-845b-47c1-8e26-96e1833a4ce3","True","False","HPRT POS80H MAIN PCB","45","https://ycr.dearportal.com/Product/951a5caa-4c89-4b12-8ffe-56fd19e29173","PC-0000177","9","9 in stock"
"£25.00","True","https://prodcdn-fch9gyh8ejf9hget.z01.azurefd.net/Product/GetImage?size=400&id=6a2f32ab-0e44-48d6-84ae-b15535493d20","True","False","HPRT POS80H POWER SUPPLY","25","https://ycr.dearportal.com/Product/cbc13b19-93a4-4499-81ac-15d112c4068d","PS-0000040","19","19 in stock"
"£35.00","True","https://prodcdn-fch9gyh8ejf9hget.z01.azurefd.net/Product/GetImage?size=400&id=b64f5002-ee8f-4dd3-9854-bb4f64ee678d","True","False","HPRT POS80H THERMAL HEAD","35","https://ycr.dearportal.com/Product/3bdbccac-d29e-435b-b534-d5c40d24a79e","PR-0000316","12","12 in stock"
"£110.00","True","https://prodcdn-fch9gyh8ejf9hget.z01.azurefd.net/Product/GetImage?size=400&id=9decf4ab-1854-4234-b36c-904688f2e453","True","False","HPRT POS80H THERMAL PRINTER 5 IN 1","110","https://ycr.dearportal.com/Product/74a4fec9-99b0-46ab-86ce-78499d0bf756","HP-POS80H5IN1","43","43 in stock"
"£95.00","True","https://prodcdn-fch9gyh8ejf9hget.z01.azurefd.net/Product/GetImage?size=400&id=1fea1bd9-6c90-4f57-b959-ef5954a25f84","False","False","HPRT POS80H THERMAL PRINTER CUBE USB/SERIAL/ETHER","95","https://ycr.dearportal.com/Product/6fb8afc5-06c3-4682-ab23-bacdf6f7f558","HP-POS80H",,"Out of stock"
"£15.00","True","https://prodcdn-fch9gyh8ejf9hget.z01.azurefd.net/Product/GetImage?size=400&id=fdd23f75-b4b7-4166-ac17-097226c0c8be","True","False","HPRT POS80H WIFI MODULE PCB","15","https://ycr.dearportal.com/Product/973905c1-c018-4ac3-ac18-a0893d1175ee","PC-0000164","5","5 in stock"
"£45.00","True","https://prodcdn-fch9gyh8ejf9hget.z01.azurefd.net/Product/GetImage?size=400&id=3ac3a9a2-87c9-4b88-8897-5ba7dee1ded7","True","False","HPRT TP80C COMPLETE PRINTER MECHANISM","45","https://ycr.dearportal.com/Product/cce8afa1-d83e-4c05-8e30-e9adfe38d2d9","PR-0000305","14","14 in stock"
"£15.00","True","https://prodcdn-fch9gyh8ejf9hget.z01.azurefd.net/Product/GetImage?size=400&id=05ef87ff-109a-418c-92c6-06eadea31c49","True","False","HPRT TP80C INTERFACE PCB","15","https://ycr.dearportal.com/Product/2662a6bb-a939-4056-a347-839d8382fd61","PC-0000155","5","5 in stock"
"£12.50","True","https://prodcdn-fch9gyh8ejf9hget.z01.azurefd.net/Product/GetImage?size=400&id=634f39c2-999c-4903-a4a0-1fb20e299bb8","False","False","HPRT TP80C LED & SWITCH PCB (KEYBOARD)","12.5","https://ycr.dearportal.com/Product/2094281b-c4cb-45a6-98ec-da14154ec483","PR-0000306",,"Out of stock"
"£40.00","True","https://prodcdn-fch9gyh8ejf9hget.z01.azurefd.net/Product/GetImage?size=400&id=6340c607-27f3-4ee2-9229-41f8b8854ed8","True","False","HPRT TP80C MAIN PCB","40","https://ycr.dearportal.com/Product/29bc7437-d71c-4f69-88e1-2378470d205c","PC-0000154","9","9 in stock"
"£15.00","True","https://prodcdn-fch9gyh8ejf9hget.z01.azurefd.net/Product/GetImage?size=400&id=fca830e8-77c2-46be-a89e-b292b365ccdb","True","False","HPRT TP80C PLATEN ROLLER ASSY","15","https://ycr.dearportal.com/Product/340cc3e5-0d51-4e4d-8f6c-c671f8443b97","PR-0000312","15","15 in stock"
"£55.00","True","https://prodcdn-fch9gyh8ejf9hget.z01.azurefd.net/Product/GetImage?size=400&id=ee0487ef-8f9b-43b7-a44d-852fbf442eab","False","False","HPRT TP80C THERMAL PRINTER USB/SERIAL/ETHER GRADED","55","https://ycr.dearportal.com/Product/d608e441-1e92-4c2a-b07f-60e4a649ef34","HP-POS80G",,"Out of stock"
"£75.00","True","https://prodcdn-fch9gyh8ejf9hget.z01.azurefd.net/Product/GetImage?size=400&id=69672037-cb40-4ac2-8982-522e7c675675","True","False","HPRT TP80H THERMAL PRINTER CUBE USB/SERIAL/ETHER GRADED","75","https://ycr.dearportal.com/Product/b43a000c-e5d5-49dc-961c-c8964688aeff","HP-POS80H-X","2","2 in stock"
"£30.00","True","https://prodcdn-fch9gyh8ejf9hget.z01.azurefd.net/Product/GetImage?size=400&id=8fa35251-20c1-4ed9-97f6-a1a0682215be","True","False","HPRT TP80K CUTTER","30","https://ycr.dearportal.com/Product/a8841ef8-93ef-4b64-b526-36b4b428b7d6","PR-0000313","12","12 in stock"
"£15.00","True","https://prodcdn-fch9gyh8ejf9hget.z01.azurefd.net/Product/GetImage?size=400&id=81828bb3-e6e8-4ee5-9f62-f2834386e174","True","False","HPRT TP80K FEED MOTOR","15","https://ycr.dearportal.com/Product/2c03c904-91d0-459e-9eed-c46b21ac8481","PR-0000314","8","8 in stock"
"£40.00","True","https://prodcdn-fch9gyh8ejf9hget.z01.azurefd.net/Product/GetImage?size=400&id=4c62dd16-4f0a-4732-8e4f-4db700c62248","True","False","HPRT TP80K MAIN PCB","40","https://ycr.dearportal.com/Product/fa8b7ddf-5001-4349-a141-c480bc4179bc","PC-0000176","11","11 in stock"
"£15.00","True","https://prodcdn-fch9gyh8ejf9hget.z01.azurefd.net/Product/GetImage?size=400&id=c4c8704a-bc37-479b-bed8-c2d159746d7b","True","False","HPRT TP80K PLATEN ROLLER ASSY","15","https://ycr.dearportal.com/Product/006090d6-6abd-4131-8c79-a10449ed7d44","PR-0000315","11","11 in stock"
"£35.00","True","https://prodcdn-fch9gyh8ejf9hget.z01.azurefd.net/Product/GetImage?size=400&id=bc936a1f-882c-46eb-aefe-1cca4594edce","True","False","HPRT TP80K THERMAL HEAD","35","https://ycr.dearportal.com/Product/cdc0c3e7-ac64-4cb3-8923-06857771d3e7","PR-0000317","5","5 in stock"
"£45.00","True","https://prodcdn-fch9gyh8ejf9hget.z01.azurefd.net/Product/GetImage?size=400&id=17d8a286-65a4-4508-89d2-446aad8b7f95","True","False","HPRT TP80R MAIN PCB","45","https://ycr.dearportal.com/Product/0b553ad8-e065-4b12-a6a6-5aae85072174","PC-0000003","5","5 in stock"
"£25.00","True","https://prodcdn-fch9gyh8ejf9hget.z01.azurefd.net/Product/GetImage?size=400&id=1be91ef8-20bb-4dd9-8d67-f58a9a74b5f0","True","False","HPRT TP80R POWER SUPPLY","25","https://ycr.dearportal.com/Product/14a5b381-2186-4d35-89d8-0dd4ba0e0786","PS-0000030","5","5 in stock"
"£65.00","True","https://prodcdn-fch9gyh8ejf9hget.z01.azurefd.net/Product/GetImage?size=400&id=bc227cfd-4ad1-4640-8dad-ca273e059f33","True","False","HPRT TP80R THERMAL PRINTER USB/SERIAL/ETHER","65","https://ycr.dearportal.com/Product/b032bd86-1ca6-4ff4-89a3-43dfa209bf77","HP-TP80R","401","401 in stock"
"£658.00","True","https://prodcdn-fch9gyh8ejf9hget.z01.azurefd.net/Product/GetImage?size=400&id=75fdb277-4393-48c1-abc0-a144386ac6e5","True","True","IMIN CRANE 1 21.5"" ANDROID 13 8-CORE 2.2GHZ 21.5"" FHD WIFI6 BT AUTO-BOOT 4GB+64GB BLACK","658","https://ycr.dearportal.com/Product/21760f98-3f99-4453-a8fc-eff17712cc14","IM-SC112A005",,"In stock"
"£828.00","True","https://prodcdn-fch9gyh8ejf9hget.z01.azurefd.net/Product/GetImage?size=400&id=baf1b78e-889d-42b4-aaee-10535504809e","True","True","IMIN CRANE 1 21.5"" ANDROID 13 8-CORE 2.2GHZ 21.5"" FHD WIFI6 BT AUTO-BOOT 8GB+128GB BLACK","828","https://ycr.dearportal.com/Product/98e2f45c-d0c5-48f7-bfa9-68b1d264e966","IM-SC112A015",,"In stock"
"£658.00","True","https://prodcdn-fch9gyh8ejf9hget.z01.azurefd.net/Product/GetImage?size=400&id=08143314-24b0-4357-8c5a-f4de8b410559","True","True","IMIN CRANE 1 21.5"" ANDROID 13 8-CORE 2.2GHZ 21.5"" FHD WIFI6 BT AUTO-BOOT GMS 4GB+64GB BLACK","658","https://ycr.dearportal.com/Product/a68e1f9f-3959-4fe5-86e3-a8e50e6bad4f","IM-SC112A012",,"In stock"
"£828.00","True","https://prodcdn-fch9gyh8ejf9hget.z01.azurefd.net/Product/GetImage?size=400&id=df942bb5-1941-48f2-8202-ec1f0a8129bf","True","True","IMIN CRANE 1 21.5"" ANDROID 13 8-CORE 2.2GHZ 21.5"" FHD WIFI6 BT AUTO-BOOT GMS 8GB+128GB BLACK","828","https://ycr.dearportal.com/Product/de50f3e5-7563-4a54-a641-e98a9f8edf09","IM-SC112A018",,"In stock"
"£771.00","True","https://prodcdn-fch9gyh8ejf9hget.z01.azurefd.net/Product/GetImage?size=400&id=144bdd91-b0e9-4b78-8d4d-027e6cd96635","True","False","IMIN CRANE 1 27"" ANDROID 13 8-CORE 2.2GHZ 27"" FHD WIFI6 BT 4GB+64GB BLACK","771","https://ycr.dearportal.com/Product/295a72d7-1add-4773-8dee-1aa346907f8e","IM-SC113A002","35","35 in stock"
"£771.00","True","https://prodcdn-fch9gyh8ejf9hget.z01.azurefd.net/Product/GetImage?size=400&id=fc9c4630-7b9b-4c98-81ad-b73440fefe3c","True","True","IMIN CRANE 1 27"" ANDROID 13 8-CORE 2.2GHZ 27"" FHD WIFI6 BT AUTO-BOOT 8GB+128GB BLACK","771","https://ycr.dearportal.com/Product/701ebd96-4b92-4251-ba00-7fdd5dc6f9e2","IM-SC113A012",,"In stock"
"£771.00","True","https://prodcdn-fch9gyh8ejf9hget.z01.azurefd.net/Product/GetImage?size=400&id=c73785c4-df74-4daf-b4b4-6fc08e95e608","True","True","IMIN CRANE 1 27"" ANDROID 13 8-CORE 2.2GHZ 27"" FHD WIFI6 BT AUTO-BOOT GMS 4GB+64GB BLACK","771","https://ycr.dearportal.com/Product/c908b078-2c21-4684-97c2-0e72bf506015","IM-SC113A009",,"In stock"
"£942.00","True","https://prodcdn-fch9gyh8ejf9hget.z01.azurefd.net/Product/GetImage?size=400&id=cdf97995-9f25-47b7-a76e-9f60de944ac6","True","True","IMIN CRANE 1 27"" ANDROID 13 8-CORE 2.2GHZ 27"" FHD WIFI6 BT AUTO-BOOT GMS 8GB+128GB BLACK","942","https://ycr.dearportal.com/Product/bfdbba17-d9c9-4240-9eb1-070dfe11c76d","IM-SC113A015",,"In stock"
"£885.00","True","https://prodcdn-fch9gyh8ejf9hget.z01.azurefd.net/Product/GetImage?size=400&id=854a7ac0-46f5-4d3e-8d25-2c4fc48e31d2","True","False","IMIN CRANE 1 32"" ANDROID 13 8-CORE 2.2GHZ 27"" FHD WIFI6 BT AUTO-BOOT 4GB+64GB BLACK","885","https://ycr.dearportal.com/Product/4b3772d1-dd4a-4ebc-b229-8f7ca3f8d6f2","IM-SC114A004","29","29 in stock"
"£885.00","True","https://prodcdn-fch9gyh8ejf9hget.z01.azurefd.net/Product/GetImage?size=400&id=cac55037-1f2a-46d8-b19f-10d729a88a01","True","True","IMIN CRANE 1 32"" ANDROID 13 8-CORE 2.2GHZ 27"" FHD WIFI6 BT AUTO-BOOT GMS 4GB+64GB BLACK","885","https://ycr.dearportal.com/Product/42c0e51d-2457-4fc2-b86b-9da601e5091f","IM-SC114A006",,"In stock"
"£1,049.00","True","https://prodcdn-fch9gyh8ejf9hget.z01.azurefd.net/Product/GetImage?size=400&id=9a39204f-59b9-4fe1-b222-7668180f5b05","True","True","IMIN CRANE 1 32"" ANDROID 13 8-CORE 2.2GHZ 32"" FHD WIFI6 BT AUTO-BOOT 8GB+128GB BLACK","1049","https://ycr.dearportal.com/Product/58486a7e-da01-4407-9e68-fb8e8d2246e0","IM-SC114A009",,"In stock"
"£1,049.00","True","https://prodcdn-fch9gyh8ejf9hget.z01.azurefd.net/Product/GetImage?size=400&id=13535610-dd42-43ab-b6b1-1b9f513e04b8","True","True","IMIN CRANE 1 32"" ANDROID 13 8-CORE 2.2GHZ 32"" FHD WIFI6 BT AUTO-BOOT GMS 8GB+128GB BLACK","1049","https://ycr.dearportal.com/Product/6aeb2021-b967-40d0-a3a7-86226c5b945e","IM-SC114A013",,"In stock"
"£309.00","True","https://prodcdn-fch9gyh8ejf9hget.z01.azurefd.net/Product/GetImage?size=400&id=a7e18e3d-19cb-493c-a6b9-884f352b5313","False","False","IMIN FALCON 2 ANDROID 13 8-CORE 2.2GHZ 10.95"" 2MP FRONT CAMERA 13MP REAR CAMERA 3.89V 8000MAH BATTERY WIFI BT GNSS NFC 4GB+64GB GMS GRAY","309","https://ycr.dearportal.com/Product/b9b6d8a0-9418-403b-b361-d1b272cf4275","IM-TF211A007",,"Out of stock"
"£309.00","True","https://prodcdn-fch9gyh8ejf9hget.z01.azurefd.net/Product/GetImage?size=400&id=a38ce9ca-250e-466d-bf9f-30b74b428683","False","False","IMIN FALCON 2 ANDROID 13 8-CORE 2.2GHZ 10.95"" 2MP FRONT CAMERA 13MP REAR CAMERA 3.89V 8000MAH BATTERY WIFI BT GNSS NFC 4GB+64GB GRAY","309","https://ycr.dearportal.com/Product/2a783351-b834-480d-b087-a6034d6b11f0","IM-TF211A008",,"Out of stock"
"£427.00","True","https://prodcdn-fch9gyh8ejf9hget.z01.azurefd.net/Product/GetImage?size=400&id=c6f7603d-9d9f-45ce-951d-4b804834ce29","False","False","IMIN FALCON 2 ANDROID 13 8-CORE 2.2GHZ 10.95"" 2MP FRONT CAMERA 13MP REAR CAMERA 3.89V 8000MAH BATTERY WIFI BT GNSS NFC 8GB+128GB GMS GRAY","427","https://ycr.dearportal.com/Product/d7444887-3d60-47c8-a611-0647d84a6e1c","IM-TF211A015",,"Out of stock"
"£427.00","True","https://prodcdn-fch9gyh8ejf9hget.z01.azurefd.net/Product/GetImage?size=400&id=c77868f0-08b1-4931-af3a-3d5893b042e1","True","False","IMIN FALCON 2 ANDROID 13 8-CORE 2.2GHZ 10.95"" 2MP FRONT CAMERA 13MP REAR CAMERA 3.89V 8000MAH BATTERY WIFI BT GNSS NFC 8GB+128GB GRAY","427","https://ycr.dearportal.com/Product/05ce0008-9a6d-4ff4-bd9c-534b035de8f4","IM-TF211A016","18","18 in stock"
"£353.00","True","https://prodcdn-fch9gyh8ejf9hget.z01.azurefd.net/Product/GetImage?size=400&id=ccabb0c7-4543-4071-a65a-63550b5c94e9","False","False","IMIN FALCON 2 ANDROID 13 8-CORE 2.2GHZ 10.95"" 2MP FRONT CAMERA 13MP REAR CAMERA 3.89V 8000MAH BATTERY WIFI LTE BT GNSS NFC FINGERPRINT 4GB+64GB GMS GRAY","353","https://ycr.dearportal.com/Product/4bcd9f7b-c58b-4a9e-8413-3be70689326f","IM-TF212A007",,"Out of stock"
"£353.00","True","https://prodcdn-fch9gyh8ejf9hget.z01.azurefd.net/Product/GetImage?size=400&id=9f60283d-d83d-47a9-b943-1aa13d886df9","True","False","IMIN FALCON 2 ANDROID 13 8-CORE 2.2GHZ 10.95"" 2MP FRONT CAMERA 13MP REAR CAMERA 3.89V 8000MAH BATTERY WIFI LTE BT GNSS NFC FINGERPRINT 4GB+64GB GRAY","353","https://ycr.dearportal.com/Product/2c536ad9-017b-4f08-b56f-8756494acb94","IM-TF212A008","3","3 in stock"
"£471.00","True","https://prodcdn-fch9gyh8ejf9hget.z01.azurefd.net/Product/GetImage?size=400&id=f6516ca6-b9e8-43d7-b870-eed27f94e5f4","False","False","IMIN FALCON 2 ANDROID 13 8-CORE 2.2GHZ 10.95"" 2MP FRONT CAMERA 13MP REAR CAMERA 3.89V 8000MAH BATTERY WIFI LTE BT GNSS NFC FINGERPRINT 8GB+128 GMS GRAY","471","https://ycr.dearportal.com/Product/91fcb680-4c20-4b92-8293-b3e6c380d460","IM-TF212A016",,"Out of stock"
"£471.00","True","https://prodcdn-fch9gyh8ejf9hget.z01.azurefd.net/Product/GetImage?size=400&id=2b40b1af-dc58-4bc2-a382-363a7c48c412","False","False","IMIN FALCON 2 ANDROID 13 8-CORE 2.2GHZ 10.95"" 2MP FRONT CAMERA 13MP REAR CAMERA 3.89V 8000MAH BATTERY WIFI LTE BT GNSS NFC FINGERPRINT 8GB+128GB GRAY","471","https://ycr.dearportal.com/Product/785f15b2-686d-428d-8146-5fce02436065","IM-TF212A017",,"Out of stock"
"£100.00","True","https://prodcdn-fch9gyh8ejf9hget.z01.azurefd.net/Product/GetImage?size=400&id=0170b866-0b0f-4f51-bdf8-c3a7dac5115c","True","False","IMIN FALCON 2 80MM PRINTER DOCK GRAY","100","https://ycr.dearportal.com/Product/95f51e8b-348f-43ae-9e59-8462aa406427","IM-TF233A005","33","33 in stock"
"£100.00","True","https://prodcdn-fch9gyh8ejf9hget.z01.azurefd.net/Product/GetImage?size=400&id=a6b54ff7-11f4-4717-a188-1452bc650340","True","False","IMIN FALCON 2 80MM PRINTER DOCK GRAY GRADED","100","https://ycr.dearportal.com/Product/b8164ac1-b228-4b85-a31b-08e2fc60dbc6","IM-FALCON2PRINTDOCK-X","1","1 in stock"
"£38.00","True","https://prodcdn-fch9gyh8ejf9hget.z01.azurefd.net/Product/GetImage?size=400&id=08902cb0-3726-4979-98b5-0873b2683cb2","True","False","IMIN FALCON 2 BASIC DOCK GRAY","38","https://ycr.dearportal.com/Product/e8136d5d-1a3a-40a0-9010-9f85cfb41da1","IM-TF231A001","36","36 in stock"
"£437.00","True","https://prodcdn-fch9gyh8ejf9hget.z01.azurefd.net/Product/GetImage?size=400&id=81c7dee0-efa2-4a48-ab24-e5a2fa4a2838","True","True","IMIN FALCON 2 MAX ANDROID 13 8-CORE 2.2GHZ 12.6"" 2MP FRONT CAMERA 13MP REAR CAMERA 3.89V 10000MAH BATTERY WIFI LTE BT GNSS NFC FINGERPRINT 4GB+64GB GMS GRAY","437","https://ycr.dearportal.com/Product/b406ade8-d7a0-47fa-913b-0ba041ae81b8","IM-TF213A003",,"In stock"
"£500.00","True","https://prodcdn-fch9gyh8ejf9hget.z01.azurefd.net/Product/GetImage?size=400&id=d5c36a33-d30b-4da9-b11a-d17ce09fc0dd","True","True","IMIN FALCON 2 MAX ANDROID 13 8-CORE 2.2GHZ 12.6"" 2MP FRONT CAMERA 13MP REAR CAMERA 3.89V 10000MAH BATTERY WIFI LTE BT GNSS NFC FINGERPRINT 4GB+64GB GMS NEWLAND SCANNER GRAY","500","https://ycr.dearportal.com/Product/6c26729f-d1e3-42cb-88fa-dea788e7f91b","IM-TF213A007",,"In stock"
"£559.00","True","https://prodcdn-fch9gyh8ejf9hget.z01.azurefd.net/Product/GetImage?size=400&id=a8e7fccb-8d6a-4c9c-98b2-c68c50e846f0","True","True","IMIN FALCON 2 MAX ANDROID 13 8-CORE 2.2GHZ 12.6"" 2MP FRONT CAMERA 13MP REAR CAMERA 3.89V 10000MAH BATTERY WIFI LTE BT GNSS NFC FINGERPRINT 8GB+128GB GMS GRAY IMIN FALCON 2 MAX TABLET 8GB+128GB - ANDROID 13 12.6"" NO SCANNER","559","https://ycr.dearportal.com/Product/54757b10-fed0-4ac9-8e36-f36e570883c2","IM-TF213A012",,"In stock"
"£618.00","True","https://prodcdn-fch9gyh8ejf9hget.z01.azurefd.net/Product/GetImage?size=400&id=1f45ff8c-e882-461d-ba99-e24131e40d91","True","True","IMIN FALCON 2 MAX ANDROID 13 8-CORE 2.2GHZ 12.6"" 2MP FRONT CAMERA 13MP REAR CAMERA 3.89V 10000MAH BATTERY WIFI LTE BT GNSS NFC FINGERPRINT 8GB+128GB GMS NEWLAND SCANNER GRAY","618","https://ycr.dearportal.com/Product/de52378b-63d5-4475-a9a7-4b30f3889c25","IM-TF213A015",,"In stock"
"£1,095.00","True","https://prodcdn-fch9gyh8ejf9hget.z01.azurefd.net/Product/GetImage?size=400&id=8a0f48ae-8e6c-4ffb-844d-261760ecc901","True","True","IMIN HERON 1 ANDROID 15 8-CORE, 2.0GHZ 23.8"" WIFI 6 BT NFC 80MM PRINTER SINGLE CAMERA STANDARD SCANNER GMS BLACK 4GB+64GB","1095","https://ycr.dearportal.com/Product/6804b377-4df7-468c-868b-5917a482dcf1","IM-SH112A001",,"In stock"
"£1,270.00","True","https://prodcdn-fch9gyh8ejf9hget.z01.azurefd.net/Product/GetImage?size=400&id=ccad3d48-e431-4482-b068-8c4048991dec","True","True","IMIN HERON 1 ANDROID 15 8-CORE, 2.0GHZ 23.8"" WIFI 6 BT NFC 80MM PRINTER SINGLE CAMERA STANDARD SCANNER GMS BLACK 8GB+128GB","1270","https://ycr.dearportal.com/Product/d4073604-6e86-49a8-8840-7724d32757bf","IM-SH112A004",,"In stock"
"£1,588.00","True","https://prodcdn-fch9gyh8ejf9hget.z01.azurefd.net/Product/GetImage?size=400&id=91ccff6f-0a53-4cae-8ddb-ffb85afd5f9d","True","True","IMIN HERON 1 (RETAIL EDITION) ANDROID 15 8-CORE, 2.0GHZ 23.8"" WIFI 6 BT NFC 80MM PRINTER DUAL CAMERA RETAIL SCANNER GMS BLACK 8GB+128GB","1588","https://ycr.dearportal.com/Product/1e1a9a14-adeb-4d6f-9bf5-ed42bcc5f57f","IM-SH112A019",,"In stock"
"£1,270.00","True","https://prodcdn-fch9gyh8ejf9hget.z01.azurefd.net/Product/GetImage?size=400&id=ba1f9075-3787-4929-a97e-a7db6ecea932","True","True","IMIN HERON 1 (RETAIL EDITION) ANDROID 15 8-CORE, 2.0GHZ 23.8"" WIFI 6 BT NFC 80MM PRINTER SINGLE CAMERA RETAIL SCANNER GMS BLACK 4GB+64GB","1270","https://ycr.dearportal.com/Product/64cf311a-87d5-4617-b4bf-f55de682abb4","IM-SH112A010",,"In stock"
"£1,418.00","True","https://prodcdn-fch9gyh8ejf9hget.z01.azurefd.net/Product/GetImage?size=400&id=9b0fc33a-5bf6-442f-9766-5c1155fa8ac9","True","True","IMIN HERON 1 (RETAIL EDITION) ANDROID 15 8-CORE, 2.0GHZ 23.8"" WIFI 6 BT NFC 80MM PRINTER SINGLE CAMERA RETAIL SCANNER GMS BLACK 8GB+128GB","1418","https://ycr.dearportal.com/Product/5a9399c9-c017-4e3c-acfe-bfb6236ea78c","IM-SH112A013",,"In stock"
"£805.00","True","https://prodcdn-fch9gyh8ejf9hget.z01.azurefd.net/Product/GetImage?size=400&id=cdec6e62-cdf8-4439-b35b-32f4839ec5f0","True","False","IMIN HERON 1 MINI ANDROID 15 8-CORE, 2.0GHZ 15.6"" WIFI 6 BT NFC 80MM PRINTER SINGLE CAMERA STANDARD SCANNER GMS BLACK 4GB+64GB","805","https://ycr.dearportal.com/Product/6f1f1c92-c66a-4f74-bfc3-a81333c6f7ec","IM-SH111A001","1","1 in stock"
"£987.00","True","https://prodcdn-fch9gyh8ejf9hget.z01.azurefd.net/Product/GetImage?size=400&id=4834cb35-0450-4500-849a-2b26627d7734","True","True","IMIN HERON 1 MINI ANDROID 15 8-CORE, 2.0GHZ 15.6"" WIFI 6 BT NFC 80MM PRINTER SINGLE CAMERA STANDARD SCANNER GMS BLACK 8GB+128GB","987","https://ycr.dearportal.com/Product/975a5e01-bbde-4dee-9f88-3993c3feaa7f","IM-SH111A004",,"In stock"
"£1,282.00","True","https://prodcdn-fch9gyh8ejf9hget.z01.azurefd.net/Product/GetImage?size=400&id=28a73c91-5135-419a-b7a8-a8be528c0d9b","True","True","IMIN HERON 1 MINI (RETAIL EDITION) ANDROID 15 8-CORE, 2.0GHZ 15.6"" WIFI 6 BT NFC 80MM PRINTER DUAL CAMERA RETAIL SCANNER GMS BLACK 8GB+128GB","1282","https://ycr.dearportal.com/Product/394fdf87-3625-47bc-9a74-38b694666965","IM-SH111A019",,"In stock"
"£987.00","True","https://prodcdn-fch9gyh8ejf9hget.z01.azurefd.net/Product/GetImage?size=400&id=9cfb0656-3aa3-4638-b825-158470740e03","True","True","IMIN HERON 1 MINI (RETAIL EDITION) ANDROID 15 8-CORE, 2.0GHZ 15.6"" WIFI 6 BT NFC 80MM PRINTER SINGLE CAMERA RETAIL SCANNER GMS BLACK 4GB+64GB","987","https://ycr.dearportal.com/Product/68829c77-5b5d-4757-833a-c70242f250fb","IM-SH111A010",,"In stock"
"£1,123.00","True","https://prodcdn-fch9gyh8ejf9hget.z01.azurefd.net/Product/GetImage?size=400&id=0686da42-9ae1-4576-8bcc-b7ff572b0aec","True","True","IMIN HERON 1 MINI (RETAIL EDITION) ANDROID 15 8-CORE, 2.0GHZ 15.6"" WIFI 6 BT NFC 80MM PRINTER SINGLE CAMERA RETAIL SCANNER GMS BLACK 8GB+128GB","1123","https://ycr.dearportal.com/Product/6b8afca2-d92f-47d0-87db-db74be368761","IM-SH111A013",,"In stock"
"£324.00","True","https://prodcdn-fch9gyh8ejf9hget.z01.azurefd.net/Product/GetImage?size=400&id=06a91993-7b14-4dfc-aa58-8084545a96ff","True","False","IMIN LARK 1 ANDROID 13 8-CORE, 2.2GHZ 6.5"" 3.87V 5000MAH BATTERY 2MP FRONT CAMERA 13MP REAR CAMERA TOTINFO SCANNER LTE WIFI BT GNSS NFC 4GB+32GB BLACK GMS","324","https://ycr.dearportal.com/Product/f0c768d0-3c02-47b3-9ed7-82e9bc9b153c","IM-ML111A007","188","188 in stock"
"£324.00","True","https://prodcdn-fch9gyh8ejf9hget.z01.azurefd.net/Product/GetImage?size=400&id=97603f7c-e340-4c4a-9812-8fde35787046","True","True","IMIN LARK 1 ANDROID 13 8-CORE, 2.2GHZ 6.5"" 3.87V 5000MAH BATTERY 2MP FRONT CAMERA 13MP REAR CAMERA TOTINFO SCANNER LTE WIFI BT GNSS REAR COVER NFC 4GB+32GB BLACK","324","https://ycr.dearportal.com/Product/e38e95e9-ffa4-432b-843f-054e34bcddca","IM-ML111A001",,"In stock"
"£324.00","True","https://prodcdn-fch9gyh8ejf9hget.z01.azurefd.net/Product/GetImage?size=400&id=1e2953d6-d603-4cac-9481-79f29c4a4463","True","True","IMIN LARK 1 ANDROID 13 8-CORE, 2.2GHZ 6.5"" 3.87V 5000MAH BATTERY 2MP FRONT CAMERA 13MP REAR CAMERA TOTINFO SCANNER LTE WIFI BT GNSS UNDER-DISPLAY NFC 4GB+32GB BLACK","324","https://ycr.dearportal.com/Product/bcc8c2dd-01e5-4f19-9ee5-5a032abef6bd","IM-ML111A004",,"In stock"
"£383.00","True","https://prodcdn-fch9gyh8ejf9hget.z01.azurefd.net/Product/GetImage?size=400&id=34f3aba5-2f9d-48ae-9f24-2f4b2bb21fd6","True","True","IMIN LARK 1 ANDROID 13 8-CORE, 2.2GHZ 6.5"" 3.87V 5000MAH BATTERY 2MP FRONT CAMERA 13MP REAR CAMERA ZEBRA SCANNER LTE WIFI BT GNSS REAR COVER NFC 4GB+64GB BLACK","383","https://ycr.dearportal.com/Product/ae2b7b52-c486-4e43-a9a6-63cc2fdf5185","IM-ML111A009",,"In stock"
"£500.00","True","https://prodcdn-fch9gyh8ejf9hget.z01.azurefd.net/Product/GetImage?size=400&id=d0a5725d-2e65-4eca-832b-2b280cfe4814","True","True","IMIN LARK 1 ANDROID 13 8-CORE, 2.2GHZ 6.5"" 3.87V 5000MAH BATTERY 2MP FRONT CAMERA 13MP REAR CAMERA ZEBRA SCANNER LTE WIFI BT GNSS REAR COVER NFC FINGERPRINT 8GB+128GB BLACK","500","https://ycr.dearportal.com/Product/aaee7d2c-b712-4482-965b-02022b94e783","IM-ML111A018",,"In stock"
"£383.00","True","https://prodcdn-fch9gyh8ejf9hget.z01.azurefd.net/Product/GetImage?size=400&id=b99f5e4d-dca8-4bd8-abc0-46d2b6b1ce16","True","True","IMIN LARK 1 ANDROID 13 8-CORE, 2.2GHZ 6.5"" 3.87V 5000MAH BATTERY 2MP FRONT CAMERA 13MP REAR CAMERA ZEBRA SCANNER LTE WIFI BT GNSS UNDER-DISPLAY NFC 4GB+64GB BLACK","383","https://ycr.dearportal.com/Product/1455e4ac-3172-4bdc-8e69-a55d0c087512","IM-ML111A015",,"In stock"
"£383.00","True","https://prodcdn-fch9gyh8ejf9hget.z01.azurefd.net/Product/GetImage?size=400&id=1efc5e68-77a5-4ef4-9b82-d82cbffa0f67","True","True","IMIN LARK 1 ANDROID 13 8-CORE, 2.2GHZ 6.5"" 3.87V 5000MAH BATTERY 2MP FRONT CAMERA 13MP REAR CAMERA ZEBRA SCANNER LTE WIFI BT GNSS UNDER-DISPLAY NFC 4GB+64GB BLACK GMS","383","https://ycr.dearportal.com/Product/027ab0df-1228-4a85-a8e6-d970e92a133b","IM-ML111A033",,"In stock"
"£500.00","True","https://prodcdn-fch9gyh8ejf9hget.z01.azurefd.net/Product/GetImage?size=400&id=77cf1637-18df-4d28-a3b9-c7bb2363f89e","True","True","IMIN LARK 1 ANDROID 13 8-CORE, 2.2GHZ 6.5"" 3.87V 5000MAH BATTERY 2MP FRONT CAMERA 13MP REAR CAMERA ZEBRA SCANNER LTE WIFI BT GNSS UNDER-DISPLAY NFC FINGERPRINT 8GB+128GB BLACK","500","https://ycr.dearportal.com/Product/9c4cfa2e-d467-47a4-812b-80d6b6c2fd00","IM-ML111A022",,"In stock"
"£500.00","True","https://prodcdn-fch9gyh8ejf9hget.z01.azurefd.net/Product/GetImage?size=400&id=f14b93e9-af0d-45df-b57e-047061193083","True","True","IMIN LARK 1 ANDROID 13 8-CORE, 2.2GHZ 6.5"" 3.87V 5000MAH BATTERY 2MP FRONT CAMERA 13MP REAR CAMERA ZEBRA SCANNER LTE WIFI BT GNSS UNDER-DISPLAY NFC FINGERPRINT 8GB+128GB BLACK GMS","500","https://ycr.dearportal.com/Product/609b7cb5-1918-4156-b530-281db5c388c4","IM-ML111A036",,"In stock"
"£324.00","True","https://prodcdn-fch9gyh8ejf9hget.z01.azurefd.net/Product/GetImage?size=400&id=fea439c6-60a0-4b02-aed3-48ded99ed19c","True","True","IMIN LARK 1 ANDROID 15 8-CORE, 2.2GHZ 6.5"" 3.87V 5000MAH BATTERY 2MP FRONT CAMERA 13MP REAR CAMERA TOTINFO SCANNER LTE WIFI BT GNSS UNDER-DISPLAY NFC 4GB+32GB BLACK GMS","324","https://ycr.dearportal.com/Product/8b6178be-5a7e-4116-b7ce-44f9637988dd","IM-ML111A028",,"In stock"
"£443.00","True","https://prodcdn-fch9gyh8ejf9hget.z01.azurefd.net/Product/GetImage?size=400&id=569672e1-c200-4a88-bdb3-b05c31cf4466","True","False","IMIN SWAN 1 PRO ANDROID 13 8-CORE, 2.2GHZ 15.6"" FHD WIFI6E BT GRAY 4GB+64GB","443","https://ycr.dearportal.com/Product/9890efb1-26b5-477b-927c-34e174e2d97d","IM-DS113A002","1","1 in stock"
"£443.00","True","https://prodcdn-fch9gyh8ejf9hget.z01.azurefd.net/Product/GetImage?size=400&id=0994c773-af1e-425d-8880-b4428c936ed8","True","True","IMIN SWAN 1 PRO ANDROID 13 8-CORE, 2.2GHZ 15.6"" FHD WIFI6E BT GRAY 4GB+64GB GMS","443","https://ycr.dearportal.com/Product/1e1fc2fd-f2bd-400f-8c2e-a0f003fc7655","IM-DS113A008",,"In stock"
"£596.00","True","https://prodcdn-fch9gyh8ejf9hget.z01.azurefd.net/Product/GetImage?size=400&id=407b9cb0-fadd-4d14-ad4e-b4e2dfce877d","True","True","IMIN SWAN 1 PRO ANDROID 13 8-CORE, 2.2GHZ 15.6"" FHD WIFI6E BT GRAY 8GB+128GB","596","https://ycr.dearportal.com/Product/b67a7e97-dc51-4900-873f-7b104416ea4a","IM-DS113A010",,"In stock"
"£596.00","True","https://prodcdn-fch9gyh8ejf9hget.z01.azurefd.net/Product/GetImage?size=400&id=fe923ca1-f71e-4cd9-b2b8-00381d20f3d8","False","False","IMIN SWAN 1 PRO ANDROID 13 8-CORE, 2.2GHZ 15.6"" FHD WIFI6E BT GRAY 8GB+128GB GMS","596","https://ycr.dearportal.com/Product/fdb1444a-b10e-496f-bad7-fa29a0a014d3","IM-DS113A019",,""
"£324.00","True","https://prodcdn-fch9gyh8ejf9hget.z01.azurefd.net/Product/GetImage?size=400&id=b3c5d7a1-ed35-49e6-be25-e1b43cf30263","True","True","IMIN SWAN 2 ANDROID 13 8-CORE, 2.0GHZ 15.6""FHD WIFI6 BT NFC 4GB+64GB BLACK","324","https://ycr.dearportal.com/Product/794ca00c-2bab-4645-9a96-483a5083f346","IM-DS213A003",,"In stock"
"£324.00","True","https://prodcdn-fch9gyh8ejf9hget.z01.azurefd.net/Product/GetImage?size=400&id=001e68ae-b5d9-4636-bced-b073d2154f46","True","False","IMIN SWAN 2 ANDROID 13 8-CORE, 2.0GHZ 15.6""FHD WIFI6 BT NFC GMS 4GB+64GB BLACK","324","https://ycr.dearportal.com/Product/e020d67f-3c34-4d56-81da-cbdb0807647e","IM-DS213A007","126","126 in stock"
"£383.00","True","https://prodcdn-fch9gyh8ejf9hget.z01.azurefd.net/Product/GetImage?size=400&id=5b18e167-6b58-466f-b057-69ac20c5270b","True","True","IMIN SWAN 2 ANDROID 13 8-CORE, 2.0GHZ 15.6""FHD+10.1""HD WIFI6 BT NFC 4GB+64GB BLACK","383","https://ycr.dearportal.com/Product/ba39232c-7bb8-4f6d-bf7a-0ffbabc5042a","IM-DS214A003",,"In stock"
"£383.00","True","https://prodcdn-fch9gyh8ejf9hget.z01.azurefd.net/Product/GetImage?size=400&id=acc8c110-89d8-41b6-994d-8ec8db1ba92b","True","True","IMIN SWAN 2 ANDROID 13 8-CORE, 2.0GHZ 15.6""FHD+10.1""HD WIFI6 BT NFC GMS 4GB+64GB BLACK","383","https://ycr.dearportal.com/Product/cccaf469-2822-43cd-85d1-0edf9ee02cb9","IM-DS214A008",,"In stock"
"£471.00","True","https://prodcdn-fch9gyh8ejf9hget.z01.azurefd.net/Product/GetImage?size=400&id=06cbe6a7-f23e-4c31-ade3-70138d220e5e","True","True","IMIN SWAN 2 ANDROID 13 8-CORE, 2.0GHZ 15.6""FHD+15.6""FHD WIFI6 BT NFC 4GB+64GB BLACK 2ND TP","471","https://ycr.dearportal.com/Product/058a5f47-5be4-4a6f-9165-52f98b84cf10","IM-DS215A003",,"In stock"
"£441.00","True","https://prodcdn-fch9gyh8ejf9hget.z01.azurefd.net/Product/GetImage?size=400&id=442d7dbe-bab1-46d8-9aea-bbc41f85512a","True","True","IMIN SWAN 2 ANDROID 13 8-CORE, 2.0GHZ 15.6""FHD+15.6""FHD WIFI6 BT NFC 4GB+64GB BLACK GMS","441","https://ycr.dearportal.com/Product/eeae5ceb-143d-4eac-bce8-e31522adaa4b","IM-DS215A006",,"In stock"
"£290.00","True","https://prodcdn-fch9gyh8ejf9hget.z01.azurefd.net/Product/GetImage?size=400&id=362b2e56-8a40-45d3-a992-dceac38fd596","True","True","IMIN SWAN 2 ANDROID 13 8-CORE, 2.0GHZ 15.6""HD WIFI6 BT 4GB+32GB BLACK","290","https://ycr.dearportal.com/Product/70e387fb-8a95-4f1a-ae9a-10a577bff6e0","IM-DS211A012",,"In stock"
"£290.00","True","https://prodcdn-fch9gyh8ejf9hget.z01.azurefd.net/Product/GetImage?size=400&id=58bd4df2-b459-4789-b803-2e4ab030862c","True","True","IMIN SWAN 2 ANDROID 13 8-CORE, 2.0GHZ 15.6""HD WIFI6 BT GMS 4GB+32GB WHITE","290","https://ycr.dearportal.com/Product/eb688bdf-c03a-4ce3-979b-f09e44e1fb5c","IM-DS211A009",,"In stock"
"£352.00","True","https://prodcdn-fch9gyh8ejf9hget.z01.azurefd.net/Product/GetImage?size=400&id=35d637ce-78ff-4f4d-a479-64286553a6ec","True","True","IMIN SWAN 2 ANDROID 13 8-CORE, 2.0GHZ 15.6""HD+10.1""HD WIFI6 BT 4GB+32GB BLACK","352","https://ycr.dearportal.com/Product/1ec293c2-cfa8-469d-93a0-6f929b219e93","IM-DS212A018",,"In stock"
"£352.00","True","https://prodcdn-fch9gyh8ejf9hget.z01.azurefd.net/Product/GetImage?size=400&id=2c11cad7-25f2-4d1a-bcab-1de11b7f840c","True","True","IMIN SWAN 2 ANDROID 13 8-CORE, 2.0GHZ 15.6""HD+10.1""HD WIFI6 BT 4GB+32GB WHITE","352","https://ycr.dearportal.com/Product/d5e9d8ba-9804-47d9-b301-49ff26847c99","IM-DS212A015",,"In stock"
"£375.00","True","https://prodcdn-fch9gyh8ejf9hget.z01.azurefd.net/Product/GetImage?size=400&id=28f87d8e-dc15-473d-b468-fa13a83e0463","True","True","IMIN SWAN 2 ANDROID 13 8-CORE, 2.0GHZ 15.6""HD+10.1""HD WIFI6 BT 4GB+32GB WHITE 2ND TP","375","https://ycr.dearportal.com/Product/315b178f-3db0-4d8e-b75b-17abe25bac9b","IM-DS212A012",,"In stock"
"£368.00","True","https://prodcdn-fch9gyh8ejf9hget.z01.azurefd.net/Product/GetImage?size=400&id=c582a6ae-206d-4379-801b-1385845bcf00","True","True","IMIN SWAN 2 (PRINTER) ANDROID 13 8-CORE, 2.0GHZ 15.6""FHD WIFI6 BT NFC 58MM PRINTER 4GB+64GB BLACK","368","https://ycr.dearportal.com/Product/f791291a-8f4d-40a5-95fc-6de397cf75f7","IM-DS221A002",,"In stock"
"£412.00","True","https://prodcdn-fch9gyh8ejf9hget.z01.azurefd.net/Product/GetImage?size=400&id=d974ec37-630b-49ce-b791-3872c9f90f73","True","True","IMIN SWAN 2 (PRINTER) ANDROID 13 8-CORE, 2.0GHZ 15.6""FHD WIFI6 BT NFC 80MM PRINTER 4GB+64GB BLACK","412","https://ycr.dearportal.com/Product/de60ccfa-21b5-48d2-89d2-41a052fb38a6","IM-DS224A003",,"In stock"
"£412.00","True","https://prodcdn-fch9gyh8ejf9hget.z01.azurefd.net/Product/GetImage?size=400&id=e3148194-4ff8-473c-9d03-ed59c3e71019","True","False","IMIN SWAN 2 (PRINTER) ANDROID 13 8-CORE, 2.0GHZ 15.6""FHD WIFI6 BT NFC 80MM PRINTER GMS 4GB+64GB BLACK","412","https://ycr.dearportal.com/Product/80d61f12-fd8f-4604-a3fe-601130764240","IM-DS224A006","90","90 in stock"
"£427.00","True","https://prodcdn-fch9gyh8ejf9hget.z01.azurefd.net/Product/GetImage?size=400&id=08418a64-f5bd-4cc6-bda9-71ecb856bcd8","True","True","IMIN SWAN 2 (PRINTER) ANDROID 13 8-CORE, 2.0GHZ 15.6""FHD+10.1""HD WIFI6 BT NFC 58MM PRINTER GMS 4GB+64GB BLACK","427","https://ycr.dearportal.com/Product/438a8f26-38ee-4126-8ffe-f1e56d7148fd","IM-DS222A003",,"In stock"
"£471.00","True","https://prodcdn-fch9gyh8ejf9hget.z01.azurefd.net/Product/GetImage?size=400&id=5eff89ea-09b1-4c85-96bc-ac816cbc2b64","True","True","IMIN SWAN 2 (PRINTER) ANDROID 13 8-CORE, 2.0GHZ 15.6""FHD+10.1""HD WIFI6 BT NFC 80MM PRINTER 4GB+64GB BLACK","471","https://ycr.dearportal.com/Product/09f548d6-756e-4f95-8a00-e658cc45e2c2","IM-DS225A003",,"In stock"
"£471.00","True","https://prodcdn-fch9gyh8ejf9hget.z01.azurefd.net/Product/GetImage?size=400&id=7bcb6ca3-f028-46b2-86aa-ca078582e2e2","True","False","IMIN SWAN 2 (PRINTER) ANDROID 13 8-CORE, 2.0GHZ 15.6""FHD+10.1""HD WIFI6 BT NFC 80MM PRINTER GMS 4GB+64GB BLACK","471","https://ycr.dearportal.com/Product/fac4f7c5-2ca0-4446-9487-f5259c92ac7d","IM-DS225A006","49","49 in stock"
"£529.00","True","https://prodcdn-fch9gyh8ejf9hget.z01.azurefd.net/Product/GetImage?size=400&id=9cc5770d-4a6c-47b5-9b4c-f31c1fe6569d","True","True","IMIN SWAN 2 (PRINTER) ANDROID 13 8-CORE, 2.0GHZ 15.6""FHD+15.6""FHD WIFI6 BT NFC 80MM PRINTER 4GB+64GB BLACK","529","https://ycr.dearportal.com/Product/756f570d-c343-402e-95b1-d7be7d76d06e","IM-DS226A003",,"In stock"
"£559.00","True","https://prodcdn-fch9gyh8ejf9hget.z01.azurefd.net/Product/GetImage?size=400&id=745c8a36-4dc2-4a6d-b6e8-b0abe40b52cf","True","True","IMIN SWAN 2 (PRINTER) ANDROID 13 8-CORE, 2.0GHZ 15.6""FHD+15.6""FHD WIFI6 BT NFC 80MM PRINTER 4GB+64GB BLACK 2ND TP","559","https://ycr.dearportal.com/Product/95bbb192-7f56-461f-b0cc-2c23f620cf82","IM-DS226A005",,"In stock"
"£353.00","True","https://prodcdn-fch9gyh8ejf9hget.z01.azurefd.net/Product/GetImage?size=400&id=70713546-a595-4f13-b2e8-abf5d4f6772a","True","True","IMIN SWAN 2 PRO ANDROID 15 8-CORE, 2.0GHZ 15.6""FHD WIFI6 BT NFC 4GB+64GB BLACK","353","https://ycr.dearportal.com/Product/c8a02cf4-a188-4ed4-a950-bb9b3ce4d38d","IM-DS271A003",,"In stock"
"£544.00","True","https://prodcdn-fch9gyh8ejf9hget.z01.azurefd.net/Product/GetImage?size=400&id=c7bd251f-fbc6-4c4c-8b65-b9531813635b","True","True","IMIN SWAN 2 PRO ANDROID 15 8-CORE, 2.0GHZ 15.6""FHD WIFI6 BT NFC 8GB+128GB BLACK","544","https://ycr.dearportal.com/Product/07ec2632-dde6-4d15-8d3a-b612417f9c3a","IM-DS271A012",,"In stock"
"£353.00","True","https://prodcdn-fch9gyh8ejf9hget.z01.azurefd.net/Product/GetImage?size=400&id=c3a08d10-8ed1-4947-9be7-eb3ac1f76d3e","True","True","IMIN SWAN 2 PRO ANDROID 15 8-CORE, 2.0GHZ 15.6""FHD WIFI6 BT NFC GMS 4GB+64GB BLACK","353","https://ycr.dearportal.com/Product/0d082d82-0968-4adb-8c65-469998e6678b","IM-DS271A006",,"In stock"
"£544.00","True","https://prodcdn-fch9gyh8ejf9hget.z01.azurefd.net/Product/GetImage?size=400&id=6ec5e671-415d-475e-b257-d7a5f4247ac5","True","True","IMIN SWAN 2 PRO ANDROID 15 8-CORE, 2.0GHZ 15.6""FHD WIFI6 BT NFC GMS 8GB+128GB BLACK","544","https://ycr.dearportal.com/Product/0fef5e5f-b1ef-4498-bb81-469b5cf36c21","IM-DS271A015",,"In stock"
"£429.00","True","https://prodcdn-fch9gyh8ejf9hget.z01.azurefd.net/Product/GetImage?size=400&id=e2af2f00-ff59-400b-b6e7-a3832aceced5","True","True","IMIN SWAN 2 PRO ANDROID 15 8-CORE, 2.0GHZ 15.6""FHD+10.1""HD WIFI6 BT NFC 4GB+64GB BLACK","429","https://ycr.dearportal.com/Product/f6d401a0-1f66-404d-890d-de7c44561347","IM-DS272A003",,"In stock"
"£603.00","True","https://prodcdn-fch9gyh8ejf9hget.z01.azurefd.net/Product/GetImage?size=400&id=e68749ac-85b5-4c7a-bc1f-9ab131a4167e","True","True","IMIN SWAN 2 PRO ANDROID 15 8-CORE, 2.0GHZ 15.6""FHD+10.1""HD WIFI6 BT NFC 8GB+128GB BLACK","603","https://ycr.dearportal.com/Product/ae540fea-6733-4994-963c-28422a1d9a70","IM-DS272A012",,"In stock"
"£429.00","True","https://prodcdn-fch9gyh8ejf9hget.z01.azurefd.net/Product/GetImage?size=400&id=f44ca2fc-6d4b-42b1-9c61-c2d408cf523e","True","True","IMIN SWAN 2 PRO ANDROID 15 8-CORE, 2.0GHZ 15.6""FHD+10.1""HD WIFI6 BT NFC GMS 4GB+64GB BLACK","429","https://ycr.dearportal.com/Product/1e0a1f96-a1bd-45bf-8fac-4fde6f749e6d","IM-DS272A006",,"In stock"
"£603.00","True","https://prodcdn-fch9gyh8ejf9hget.z01.azurefd.net/Product/GetImage?size=400&id=7f3a4c1d-e99c-475b-8843-ef9412487741","True","True","IMIN SWAN 2 PRO ANDROID 15 8-CORE, 2.0GHZ 15.6""FHD+10.1""HD WIFI6 BT NFC GMS 8GB+128GB BLACK","603","https://ycr.dearportal.com/Product/beb83259-15d8-4b3e-b40b-5054fc8197ce","IM-DS272A015",,"In stock"
"£490.00","True","https://prodcdn-fch9gyh8ejf9hget.z01.azurefd.net/Product/GetImage?size=400&id=36753e84-0d38-4048-acef-6be2890d7f71","True","True","IMIN SWAN 2 PRO ANDROID 15 8-CORE, 2.0GHZ 15.6""FHD+15.6""FHD WIFI6 BT NFC GMS 4GB+64GB BLACK","490","https://ycr.dearportal.com/Product/247bacba-8243-4a11-99a1-209a3dcfa8c1","IM-DS273A004",,"In stock"
"£662.00","True","https://prodcdn-fch9gyh8ejf9hget.z01.azurefd.net/Product/GetImage?size=400&id=b800251a-f372-4f5b-b5a3-e3069a3ef5b2","True","True","IMIN SWAN 2 PRO ANDROID 15 8-CORE, 2.0GHZ 15.6""FHD+15.6""FHD WIFI6 BT NFC GMS 8GB+128GB BLACK","662","https://ycr.dearportal.com/Product/f97fe90c-5136-4ce2-b50b-9f4ea92cbc34","IM-DS273A011",,"In stock"
"£353.00","True","https://prodcdn-fch9gyh8ejf9hget.z01.azurefd.net/Product/GetImage?size=400&id=e47901a3-561e-4630-ab89-29fcc92cbc68","True","True","IMIN SWAN 2 PRO ANDROID 15 8-CORE, 2.0GHZ CORE BOARD 15.6""FHD WIFI6 BT NFC GMS 4GB+64GB BLACK","353","https://ycr.dearportal.com/Product/c738fe89-27d3-4e25-846f-a52abbb28179","IM-DS271A009",,"In stock"
"£544.00","True","https://prodcdn-fch9gyh8ejf9hget.z01.azurefd.net/Product/GetImage?size=400&id=fbc3805a-42c1-4c32-bd6b-8ecbcd7e0975","True","True","IMIN SWAN 2 PRO ANDROID 15 8-CORE, 2.0GHZ CORE BOARD 15.6""FHD WIFI6 BT NFC GMS 8GB+128GB BLACK","544","https://ycr.dearportal.com/Product/75a60fc2-8066-4637-9def-88e8dd18f93a","IM-DS271A018",,"In stock"
"£429.00","True","https://prodcdn-fch9gyh8ejf9hget.z01.azurefd.net/Product/GetImage?size=400&id=7b9ed735-b3b6-4a42-9046-fdf45a5bdf7c","True","True","IMIN SWAN 2 PRO ANDROID 15 8-CORE, 2.0GHZ CORE BOARD 15.6""FHD+10.1""HD WIFI6 BT NFC GMS 4GB+64GB BLACK","429","https://ycr.dearportal.com/Product/958147f0-b983-4b0d-ab8c-6a3a5b8a5be7","IM-DS272A009",,"In stock"
"£603.00","True","https://prodcdn-fch9gyh8ejf9hget.z01.azurefd.net/Product/GetImage?size=400&id=23e3d1dd-26cf-4531-966c-ee86e1aeabf7","True","True","IMIN SWAN 2 PRO ANDROID 15 8-CORE, 2.0GHZ CORE BOARD 15.6""FHD+10.1""HD WIFI6 BT NFC GMS 8GB+128GB BLACK","603","https://ycr.dearportal.com/Product/4e98484c-703b-4c76-bfff-2d8f583d571a","IM-DS272A018",,"In stock"
"£490.00","True","https://prodcdn-fch9gyh8ejf9hget.z01.azurefd.net/Product/GetImage?size=400&id=23209fdf-42e9-46af-8a09-985e730d20ed","True","True","IMIN SWAN 2 PRO ANDROID 15 8-CORE, 2.0GHZ CORE BOARD 15.6""FHD+15.6""FHD WIFI6 BT NFC GMS 4GB+64GB BLACK","490","https://ycr.dearportal.com/Product/e024e165-a5ed-4340-bdae-60e1c25a2b10","IM-DS273A007",,"In stock"
"£662.00","True","https://prodcdn-fch9gyh8ejf9hget.z01.azurefd.net/Product/GetImage?size=400&id=246f1c0a-7284-4684-b5c8-d577db66002a","True","True","IMIN SWAN 2 PRO ANDROID 15 8-CORE, 2.0GHZ CORE BOARD 15.6""FHD+15.6""FHD WIFI6 BT NFC GMS 8GB+128GB BLACK","662","https://ycr.dearportal.com/Product/a3c6bca2-9636-403c-a717-b431495214d6","IM-DS273A014",,"In stock"
"£662.00","True","https://prodcdn-fch9gyh8ejf9hget.z01.azurefd.net/Product/GetImage?size=400&id=38909fd1-e28d-4b01-a432-7b4c6e345504","True","True","IMIN SWAN 2 PRO (PRINTER) ANDROID 15 8-CORE, 2.0GHZ 15.6""FHD WIFI6 BT NFC 80MM PRINTER 8GB+128GB BLACK","662","https://ycr.dearportal.com/Product/9c2aa945-7beb-46d1-889e-b6e1ce9eb524","IM-DS284A005",,"In stock"
"£490.00","True","https://prodcdn-fch9gyh8ejf9hget.z01.azurefd.net/Product/GetImage?size=400&id=d03f7a0b-a848-4bc6-952c-cd2b9e754867","True","True","IMIN SWAN 2 PRO (PRINTER) ANDROID 15 8-CORE, 2.0GHZ CORE BOARD 15.6""FHD WIFI6 BT NFC 80MM PRINTER GMS 4GB+64GB BLACK","490","https://ycr.dearportal.com/Product/21705705-c1c5-40d3-ac8c-405adbbc8c08","IM-DS284A004",,"In stock"
"£662.00","True","https://prodcdn-fch9gyh8ejf9hget.z01.azurefd.net/Product/GetImage?size=400&id=f2506ce7-b217-403f-946d-e5e077f19e6b","True","True","IMIN SWAN 2 PRO (PRINTER) ANDROID 15 8-CORE, 2.0GHZ CORE BOARD 15.6""FHD WIFI6 BT NFC 80MM PRINTER GMS 8GB+128GB BLACK","662","https://ycr.dearportal.com/Product/b7a3aadc-6b1f-4566-8508-6bf58ca66ebf","IM-DS284A008",,"In stock"
"£552.00","True","https://prodcdn-fch9gyh8ejf9hget.z01.azurefd.net/Product/GetImage?size=400&id=022ebfbc-7ed9-4cd6-b778-f9da208e449d","False","False","IMIN SWAN 2 PRO (PRINTER) ANDROID 15 8-CORE, 2.0GHZ CORE BOARD 15.6""FHD+10.1""HD WIFI6 BT NFC 80MM PRINTER GMS 4GB+64GB BLACK","552","https://ycr.dearportal.com/Product/78ed05f4-e0ab-4481-a42e-231d89c5afa0","IM-DS285A003",,"Out of stock"
"£720.00","True","https://prodcdn-fch9gyh8ejf9hget.z01.azurefd.net/Product/GetImage?size=400&id=ce7ea8d1-025c-4e87-9d70-f0cd3f98d1c3","True","True","IMIN SWAN 2 PRO (PRINTER) ANDROID 15 8-CORE, 2.0GHZ CORE BOARD 15.6""FHD+10.1""HD WIFI6 BT NFC 80MM PRINTER GMS 8GB+128GB BLACK","720","https://ycr.dearportal.com/Product/2be63fbc-4e6a-4ff0-8f9d-359b153d098c","IM-DS285A006",,"In stock"
"£613.00","True","https://prodcdn-fch9gyh8ejf9hget.z01.azurefd.net/Product/GetImage?size=400&id=01489878-4729-4fde-89de-f75ed14429f6","True","True","IMIN SWAN 2 PRO (PRINTER) ANDROID 15 8-CORE, 2.0GHZ CORE BOARD 15.6""FHD+15.6""FHD WIFI6 BT NFC 80MM PRINTER GMS 4GB+64GB BLACK","613","https://ycr.dearportal.com/Product/36b3fd16-81ef-4822-a862-d828184a6eec","IM-DS286A003",,"In stock"
"£779.00","True","https://prodcdn-fch9gyh8ejf9hget.z01.azurefd.net/Product/GetImage?size=400&id=c932b7ae-ea50-4061-b77c-25515903ce93","True","True","IMIN SWAN 2 PRO (PRINTER) ANDROID 15 8-CORE, 2.0GHZ CORE BOARD 15.6""FHD+15.6""FHD WIFI6 BT NFC 80MM PRINTER GMS 8GB+128GB BLACK","779","https://ycr.dearportal.com/Product/e92ae3f3-68e7-4334-b0d1-d2cfb45cd752","IM-DS286A006",,"In stock"
"£236.00","True","https://prodcdn-fch9gyh8ejf9hget.z01.azurefd.net/Product/GetImage?size=400&id=61402bea-f1b8-49cb-b451-0bfe33239559","False","False","IMIN SWIFT 2 PRO ANDROID 13 8-CORE, 2.0GHZ 6.5"" 7.7V 3350MAH BATTERY 5MP REAR CAMERA LTE WIFI BT GNSS 58MM PRINTER 4GB+32GB RED","236","https://ycr.dearportal.com/Product/1dad04ec-0e8a-4c2d-8cd8-d996bb4268d9","IM-MS212A001",,"Out of stock"
"£236.00","True","https://prodcdn-fch9gyh8ejf9hget.z01.azurefd.net/Product/GetImage?size=400&id=cb97246e-7e99-4f7f-b69e-80f0a931fcfd","False","False","IMIN SWIFT 2 PRO ANDROID 13 8-CORE, 2.0GHZ 6.5"" 7.7V 3350MAH BATTERY 5MP REAR CAMERA LTE WIFI BT GNSS 58MM PRINTER 4GB+32GB RED GMS","236","https://ycr.dearportal.com/Product/e63ccd19-c3e1-4a30-801c-531418c489ee","IM-MS212A005",,"Out of stock"
"£265.00","True","https://prodcdn-fch9gyh8ejf9hget.z01.azurefd.net/Product/GetImage?size=400&id=9ef1db9f-57e8-4472-90b3-a7370fdbc6fc","False","False","IMIN SWIFT 2 PRO ANDROID 13 8-CORE, 2.0GHZ 6.5"" 7.7V 3350MAH BATTERY 5MP REAR CAMERA LTE WIFI BT GNSS 58MM PRINTER 4GB+32GB RED NFC","265","https://ycr.dearportal.com/Product/ee1516bc-2b82-46dc-8244-9fb7847181df","IM-MS212A008",,"Out of stock"
"£265.00","True","https://prodcdn-fch9gyh8ejf9hget.z01.azurefd.net/Product/GetImage?size=400&id=b34e6d7f-30fb-4d40-b246-154fe0dda8a8","True","False","IMIN SWIFT 2 PRO ANDROID 13 8-CORE, 2.0GHZ 6.5"" 7.7V 3350MAH BATTERY 5MP REAR CAMERA LTE WIFI BT GNSS 58MM PRINTER 4GB+32GB RED NFC GMS","265","https://ycr.dearportal.com/Product/6f4e113b-9d97-4974-ba7f-0e161a7a52db","IM-MS212A012","251","251 in stock"
"£346.00","True","https://prodcdn-fch9gyh8ejf9hget.z01.azurefd.net/Product/GetImage?size=400&id=6cdaa225-472b-40af-836c-0eb72c85c2b9","True","False","IMIN SWIFT 2 ULTRA ANDROID 13 8-CORE, 2.2GHZ 6.5"" 7.7V 3350MAH BATTERY 5MP REAR CAMERA LTE WIFI BT GNSS 58MM PRINTER 4GB+64GB RED NFC FINGERPRINT NEWLAND SCANNER HAND STRAP GMS","346","https://ycr.dearportal.com/Product/4e039689-a7b4-421b-90d8-b2add47bf5fa","IM-MS213A004","23","23 in stock"
"£397.00","True","https://prodcdn-fch9gyh8ejf9hget.z01.azurefd.net/Product/GetImage?size=400&id=9b17c52d-19fd-4b8f-b70a-2c68d1231b07","False","False","IMIN SWIFT 2 ULTRA ANDROID 13 8-CORE, 2.2GHZ 6.5"" 7.7V 3350MAH BATTERY 5MP REAR CAMERA LTE WIFI BT GNSS 58MM PRINTER 4GB+64GB RED NFC FINGERPRINT ZEBRA SCANNER HAND STRAP GMS","397","https://ycr.dearportal.com/Product/ebc081ec-e3a4-438d-8c48-f2e77bf53db8","IM-MS213A011",,"Out of stock"
"£287.00","True","https://prodcdn-fch9gyh8ejf9hget.z01.azurefd.net/Product/GetImage?size=400&id=b04f4830-1210-4e11-98f4-119fc92d3146","False","False","IMIN SWIFT 2 ULTRA ANDROID 13 8-CORE, 2.2GHZ 6.5"" 7.7V 3350MAH BATTERY 5MP REAR CAMERA LTE WIFI BT GNSS 58MM PRINTER 4GB+64GB RED NFC GMS","287","https://ycr.dearportal.com/Product/c269e59c-f794-41ca-b884-da07b7b80173","IM-MS213A003",,"Out of stock"
"£20.00","False","https://ycr.dearportal.com/Catalog/GetEmptyImage?size=400","False","False","IMIN SWIFT 2 ULTRA DOCK 2 X USB-A PORTS 20W BLACK","20","https://ycr.dearportal.com/Product/7be5c510-807d-4fb9-8014-212990b4e3df","IM-MS222A001",,"Out of stock"
"£193.00","True","https://prodcdn-fch9gyh8ejf9hget.z01.azurefd.net/Product/GetImage?size=400&id=49a1c1fd-f22e-4570-b63d-df6ab9d172ee","True","True","IMIN CRANE 1 10"" CUSTOMER DISPLAY","193","https://ycr.dearportal.com/Product/4ebd1713-8c6a-44e3-9932-06aa4b08ac97","IM-CRANE10CUSTDISPLAY",,"In stock"
"£709.00","True","https://prodcdn-fch9gyh8ejf9hget.z01.azurefd.net/Product/GetImage?size=400&id=69fd5515-0f58-44e4-aa87-74adacd3236f","True","True","IMIN CRANE 1 16"" 4GB+64GB AUTO BOOT","709","https://ycr.dearportal.com/Product/73f75204-e1f4-4aab-97fb-3ad124f2514d","IM-SC111A013",,"In stock"
"£545.00","True","https://prodcdn-fch9gyh8ejf9hget.z01.azurefd.net/Product/GetImage?size=400&id=fd7bfacf-a654-42ec-953e-84bc3e5a3ecb","True","True","IMIN CRANE 1 16"" ANDROID 13 8-CORE 2.2GHZ 16"" FHD WIFI6 BT AUTO-BOOT 4GB+64GB BLACK","545","https://ycr.dearportal.com/Product/0d74e873-81f5-4416-952d-61021de51f2c","IM-SC111A003",,"In stock"
"£545.00","True","https://prodcdn-fch9gyh8ejf9hget.z01.azurefd.net/Product/GetImage?size=400&id=1dd40868-0858-4061-9db3-ebfdb5238fc8","True","True","IMIN CRANE 1 16"" ANDROID 13 8-CORE 2.2GHZ 16"" FHD WIFI6 BT AUTO-BOOT GMS 4GB+64GB BLACK","545","https://ycr.dearportal.com/Product/bd7c8025-7a41-4f9f-b4f6-017412104380","IM-SC111A009",,"In stock"
"£709.00","True","https://prodcdn-fch9gyh8ejf9hget.z01.azurefd.net/Product/GetImage?size=400&id=b03ed0cd-28e9-4f19-b45d-8c301a8356bd","True","True","IMIN CRANE 1 16"" ANDROID 13 8-CORE 2.2GHZ 16"" FHD WIFI6 BT AUTO-BOOT GMS 8GB+128GB BLACK","709","https://ycr.dearportal.com/Product/22cd3a46-a1b1-4c55-a372-de55da8cf541","IM-SC111A017",,"In stock"
"£545.00","True","https://prodcdn-fch9gyh8ejf9hget.z01.azurefd.net/Product/GetImage?size=400&id=8d60652d-93e5-4584-b109-80b0fe830bd5","True","False","IMIN CRANE 1 16"" ANDROID 13 8-CORE 2.2GHZ 16"" FHD WIFI6 BT GMS 4GB+64GB BLACK","545","https://ycr.dearportal.com/Product/7c4fa3b4-bb57-49bf-acff-ba24cd3c652b","IM-SC111A005","3","3 in stock"
"£709.00","True","https://prodcdn-fch9gyh8ejf9hget.z01.azurefd.net/Product/GetImage?size=400&id=b605fc21-7283-491c-9302-d61ea5ba2748","False","False","IMIN CRANE 1 16"" ANDROID 13 8-CORE 2.2GHZ 16"" FHD WIFI6 BT GMS 8GB+128GB BLACK","709","https://ycr.dearportal.com/Product/ee4eac9c-40f3-487d-99b3-ee30e07af32c","IM-SC111A014",,"Out of stock"
"£175.00","True","https://prodcdn-fch9gyh8ejf9hget.z01.azurefd.net/Product/GetImage?size=400&id=e54059fc-37ce-4b28-82c5-917afad1c06b","True","False","IMIN CRANE 1 16"" CUSTOMER DISPLAY","175","https://ycr.dearportal.com/Product/3447708a-e55f-467f-8288-b0b4c80fae58","IM-SC131A001","11","11 in stock"
"£658.00","True","https://prodcdn-fch9gyh8ejf9hget.z01.azurefd.net/Product/GetImage?size=400&id=899130d4-f2c3-48f6-8b18-86681e268655","True","False","IMIN CRANE 1 21.5"" ANDROID 13 WiFi6 BT GMS 4GB+64GB","658","https://ycr.dearportal.com/Product/88a76230-6ec8-4301-9fc6-eb2e37dc8fb7","IM-SC112A008","5","5 in stock"
"£397.00","True","https://prodcdn-fch9gyh8ejf9hget.z01.azurefd.net/Product/GetImage?size=400&id=498a3cbe-aeb2-46ad-891d-d4239d54492e","True","False","IMIN CRANE 1 FLOOR STAND","397","https://ycr.dearportal.com/Product/7a4d1e4a-751a-4a5c-b3b6-ea27994de87d","IM-AP02BA001","38","38 in stock"
"£20.00","True","https://prodcdn-fch9gyh8ejf9hget.z01.azurefd.net/Product/GetImage?size=400&id=f6fc92f4-3293-42fc-bce0-da3d7d23a850","True","False","IMIN CRANE EFT BRACKET","20","https://ycr.dearportal.com/Product/d6953257-6164-4048-b331-413a4fca2e17","IM-SC126A001","16","16 in stock"
"£72.00","True","https://prodcdn-fch9gyh8ejf9hget.z01.azurefd.net/Product/GetImage?size=400&id=b70d14eb-caaa-49cc-84c6-8c5ac285d1db","True","False","IMIN CRANE1 CASHIER STAND","72","https://ycr.dearportal.com/Product/001187a9-069f-4aa1-b101-f102b28e6c83","IM-CASHIERSTAND","20","20 in stock"
"£44.00","True","https://prodcdn-fch9gyh8ejf9hget.z01.azurefd.net/Product/GetImage?size=400&id=8a74abe5-8ef9-4dcd-a1d1-36972791701a","True","False","IMIN CRANE1 MSR READER","44","https://ycr.dearportal.com/Product/244c51b4-c490-4b1f-af08-58326abee8e2","IM-SC142A001","6","6 in stock"
"£29.00","True","https://prodcdn-fch9gyh8ejf9hget.z01.azurefd.net/Product/GetImage?size=400&id=fb080250-0393-41a5-8dc2-6279c6b957bf","True","False","IMIN CRANE1 NFC","29","https://ycr.dearportal.com/Product/d7cd9d0d-9127-41db-bb75-0884c66723ef","IM-SC144A001","9","9 in stock"
"£58.00","True","https://prodcdn-fch9gyh8ejf9hget.z01.azurefd.net/Product/GetImage?size=400&id=c6fabe43-617f-47e4-a75f-e53f72578f57","True","False","IMIN CRANE1 SCANNER MODULE","58","https://ycr.dearportal.com/Product/66796458-33a7-44f6-a586-1f9d7a9fabf0","IM-SC141A001","2","2 in stock"
"£31.80","True","https://prodcdn-fch9gyh8ejf9hget.z01.azurefd.net/Product/GetImage?size=400&id=4ea16270-5c74-467d-8a18-690688e6c437","False","False","IMIN D1 PSU","31.8","https://ycr.dearportal.com/Product/df51ccaa-ba2a-4a35-b497-31f38e77ac71","PS-0000003",,"Out of stock"
"£92.00","True","https://prodcdn-fch9gyh8ejf9hget.z01.azurefd.net/Product/GetImage?size=400&id=0bb61fff-1647-4633-af42-a2ca14e5af81","True","False","IMIN D1 COMPLETE DISPLAY ASSY","92","https://ycr.dearportal.com/Product/778fba0d-bdac-4689-b00a-63c02335f25a","DS-0000130","3","3 in stock"
"£45.00","True","https://prodcdn-fch9gyh8ejf9hget.z01.azurefd.net/Product/GetImage?size=400&id=b32069d1-4132-4238-b489-cbb8cb961ca0","True","False","IMIN D1 INTERFACE (I/O) PCB","45","https://ycr.dearportal.com/Product/3057d01e-5ad3-4861-b030-0698fd8f887f","PC-0000158","5","5 in stock"
"£115.00","True","https://prodcdn-fch9gyh8ejf9hget.z01.azurefd.net/Product/GetImage?size=400&id=c57f6e09-5d9e-4357-8e71-70b93332d3fb","True","False","IMIN D1 MAIN PCB (2+16)","115","https://ycr.dearportal.com/Product/8754b5b2-1f67-4e1b-a62c-aa55ee91dda3","PC-0000157","6","6 in stock"
"£25.00","True","https://prodcdn-fch9gyh8ejf9hget.z01.azurefd.net/Product/GetImage?size=400&id=6eff54e8-346e-49d6-93d7-a01a631701f1","True","False","IMIN D1 PRINTER PCB","25","https://ycr.dearportal.com/Product/bd57db13-1830-4ae7-b3e5-c0685f543af6","PC-0000159","1","1 in stock"
"£35.00","True","https://prodcdn-fch9gyh8ejf9hget.z01.azurefd.net/Product/GetImage?size=400&id=6d03cca9-4a7e-467f-8a80-eeec5585f4db","True","False","IMIN D1 REAR DISPLAY ASSY","35","https://ycr.dearportal.com/Product/8ed252d3-3bd8-49c2-863c-5bddf35dae24","DS-0000138","1","1 in stock"
"£92.00","True","https://prodcdn-fch9gyh8ejf9hget.z01.azurefd.net/Product/GetImage?size=400&id=52b714bf-4315-4e10-a369-2d4a078fd8a2","True","False","IMIN D2 COMPLETE DISPLAY ASSY","92","https://ycr.dearportal.com/Product/000b7e13-098a-4cf7-9afe-cf277812f8a6","DS-0000132","4","4 in stock"
"£115.00","True","https://prodcdn-fch9gyh8ejf9hget.z01.azurefd.net/Product/GetImage?size=400&id=cf6071b2-e94d-41c8-afe6-323f4c6ab97b","True","False","IMIN D2 MAIN PCB (2+16)","115","https://ycr.dearportal.com/Product/c78a13f2-85a3-4e63-bc06-b5b47fb25dc5","PC-0000172","4","4 in stock"
"£31.80","True","https://prodcdn-fch9gyh8ejf9hget.z01.azurefd.net/Product/GetImage?size=400&id=014d1d43-69b9-46e2-9d6f-f25eb1ede248","False","False","IMIN D2 PSU","31.8","https://ycr.dearportal.com/Product/a16b6b47-2f44-491b-825f-b64edfaf88bf","PS-0000005",,"Out of stock"
"£178.00","True","https://prodcdn-fch9gyh8ejf9hget.z01.azurefd.net/Product/GetImage?size=400&id=f4720e20-ad8d-41ae-b538-ad19016a473b","False","False","IMIN D2-402 ANDROID 11","178","https://ycr.dearportal.com/Product/30ae57c1-39f0-4ca4-9395-c98f49fea07f","IM-D2-402",,"Out of stock"
"£125.00","True","https://prodcdn-fch9gyh8ejf9hget.z01.azurefd.net/Product/GetImage?size=400&id=63dc1f1e-b848-4fcd-bade-b34322f45f3d","True","False","IMIN D3 COMPLETE FRONT DISPLAY ASSY","125","https://ycr.dearportal.com/Product/355cb4f1-adcb-41e3-8327-e5b3e424b88e","DS-0000127","5","5 in stock"
"£115.00","True","https://prodcdn-fch9gyh8ejf9hget.z01.azurefd.net/Product/GetImage?size=400&id=c5b84232-745b-47dc-9e31-0816354c8ba3","True","False","IMIN D3 MAIN PCB (2+16)","115","https://ycr.dearportal.com/Product/d607c4d5-ed6c-4a21-acf6-3cfe6ef21dcc","PC-0000165","3","3 in stock"
"£175.00","True","https://prodcdn-fch9gyh8ejf9hget.z01.azurefd.net/Product/GetImage?size=400&id=6e10f76e-b0aa-4bb9-b0c1-8fb82ff8337f","False","False","IMIN D3-504 ANDROID 11 GRADED","175","https://ycr.dearportal.com/Product/e33e5649-6d09-4cf0-b9c9-afbbbbb8250d","IM-D3-504-X",,"Out of stock"
"£80.00","True","https://prodcdn-fch9gyh8ejf9hget.z01.azurefd.net/Product/GetImage?size=400&id=dab97c06-8ea9-4e02-9857-51af7bb0471f","True","False","IMIN D3-505 SECONDARY SCREEN SET 10.1"" RK3288","80","https://ycr.dearportal.com/Product/b38066e0-deec-449d-ae62-c52682610e92","DS-0000123","1","1 in stock"
"£80.00","True","https://prodcdn-fch9gyh8ejf9hget.z01.azurefd.net/Product/GetImage?size=400&id=5e4bfd7a-1baa-4dc3-afb1-3e6b8612f23e","True","False","IMIN D3-505 SECONDARY SCREEN SET 10.1"" RK3568","80","https://ycr.dearportal.com/Product/93a76507-5f68-4f4e-b59f-0fce23a4d3f6","DS-0000133","2","2 in stock"
"£125.00","True","https://prodcdn-fch9gyh8ejf9hget.z01.azurefd.net/Product/GetImage?size=400&id=5ec49244-b3df-4f40-ba53-8d1139489d6d","True","False","IMIN D4 COMPLETE FRONT DISPLAY ASSY","125","https://ycr.dearportal.com/Product/d91ba1b7-4ef7-4b48-9b02-5d42206b5614","DS-0000128","5","5 in stock"
"£30.00","True","https://prodcdn-fch9gyh8ejf9hget.z01.azurefd.net/Product/GetImage?size=400&id=ffd12828-ce34-409c-813c-6124484d7d96","False","False","IMIN D4 CUTTER ASSY","30","https://ycr.dearportal.com/Product/87479cfb-c6fe-4c03-bc66-23eb2e6c52d2","PR-0000311",,""
"£115.00","True","https://prodcdn-fch9gyh8ejf9hget.z01.azurefd.net/Product/GetImage?size=400&id=363ed824-4caa-4c9e-b98f-06cb82459223","False","False","IMIN D4 MAIN PCB (2+16) RK3288","115","https://ycr.dearportal.com/Product/1d773f30-a127-43e6-b654-28ca94d8f4ce","PC-0000174",,""
"£115.00","True","https://prodcdn-fch9gyh8ejf9hget.z01.azurefd.net/Product/GetImage?size=400&id=4db51e02-5980-4a89-b101-e50d7acf184e","True","False","IMIN D4 MAIN PCB (2+16) RK3568","115","https://ycr.dearportal.com/Product/b7207d18-1456-4aa0-94c9-25865651698e","PC-0000178","1","1 in stock"
"£20.00","True","https://prodcdn-fch9gyh8ejf9hget.z01.azurefd.net/Product/GetImage?size=400&id=53a8e4e1-6dc3-4334-a502-532b89dac63d","True","False","IMIN D4 POWER PCB","20","https://ycr.dearportal.com/Product/3151ee1a-3056-431b-8f0d-6f1934421423","PC-0000184","2","2 in stock"
"£45.00","True","https://prodcdn-fch9gyh8ejf9hget.z01.azurefd.net/Product/GetImage?size=400&id=7279a560-e9d9-480e-8cf8-490d1b91c6ad","True","False","IMIN D4 PRINTER ASSY","45","https://ycr.dearportal.com/Product/ad1bf987-fbf0-41a7-bd4d-cf782db4c66a","PR-0000310","1","1 in stock"
"£35.00","True","https://prodcdn-fch9gyh8ejf9hget.z01.azurefd.net/Product/GetImage?size=400&id=70577d97-7703-40b0-92e9-d15338c349b7","True","False","IMIN D4 PRINTER PCB","35","https://ycr.dearportal.com/Product/ceaf4853-db51-4139-bef1-19ac6fd51999","PC-0000175","2","2 in stock"
"£328.00","True","https://prodcdn-fch9gyh8ejf9hget.z01.azurefd.net/Product/GetImage?size=400&id=a6c46268-4aff-4fff-af78-7876f822cce4","True","False","IMIN D4-503 ANDROID 7.1 15.6 INC PRINTER GRADED","328","https://ycr.dearportal.com/Product/09a77786-5731-475f-a42d-a1bcc06bee65","IM-D4-503-X","1","1 in stock"
"£518.00","True","https://prodcdn-fch9gyh8ejf9hget.z01.azurefd.net/Product/GetImage?size=400&id=961cde04-6e44-45b3-95dc-5ecd5cbb05bc","False","False","IMIN D4-503 PRO ANDROID 13","518","https://ycr.dearportal.com/Product/0a2240af-5561-4c71-ad6b-d1e29d2a1be7","IM-D4-503PRO",,"Out of stock"
"£589.00","True","https://prodcdn-fch9gyh8ejf9hget.z01.azurefd.net/Product/GetImage?size=400&id=b4d4fcf1-de2b-4664-8752-7873d965f0d6","False","False","IMIN D4-504 PRO ANDROID 13 inc. 10.1 Rear Display","589","https://ycr.dearportal.com/Product/4ee0a315-2bf8-4fd2-a942-2bc5f31dd7a3","IM-D4-504PRO",,"Out of stock"
"£80.00","True","https://prodcdn-fch9gyh8ejf9hget.z01.azurefd.net/Product/GetImage?size=400&id=e6eb25eb-013e-4e35-b11f-92b9ec352c76","True","False","IMIN D4-504 SECONDARY SCREEN SET 10.1"" FHD","80","https://ycr.dearportal.com/Product/87318914-b2df-4155-abf7-e5641536217e","DS-0000124","2","2 in stock"
"£92.00","True","https://prodcdn-fch9gyh8ejf9hget.z01.azurefd.net/Product/GetImage?size=400&id=89a40f1f-1752-4c63-8c29-aaf69a64de6e","True","False","IMIN FALCON 1 COMPLETE DISPLAY ASSY","92","https://ycr.dearportal.com/Product/3874ff22-8128-4b9b-9db5-06fc05299c05","DS-0000125","6","6 in stock"
"£45.00","True","https://prodcdn-fch9gyh8ejf9hget.z01.azurefd.net/Product/GetImage?size=400&id=02120371-5eff-485f-a8d0-dcfa06fd4b08","True","False","IMIN FALCON 1 INTERFACE (I/O) PCB","45","https://ycr.dearportal.com/Product/bcdc420b-0ea5-4ecd-9e34-07476f83a70c","PC-0000167","7","7 in stock"
"£115.00","True","https://prodcdn-fch9gyh8ejf9hget.z01.azurefd.net/Product/GetImage?size=400&id=5f700539-8cc5-47ea-9e45-d35ebc53e3b8","True","False","IMIN FALCON 1 MAIN PCB (2+16)","115","https://ycr.dearportal.com/Product/1c3fb020-2c5a-4167-86cf-2e3e433cce19","PC-0000166","8","8 in stock"
"£65.00","True","https://prodcdn-fch9gyh8ejf9hget.z01.azurefd.net/Product/GetImage?size=400&id=3a370dfb-5e41-41ae-b095-6cfa1d18e208","True","False","IMIN FALCON 1 PRINTER ASSY","65","https://ycr.dearportal.com/Product/8614e5d4-aca2-44f5-a822-4be3a411642b","PR-0000307","10","10 in stock"
"£35.00","True","https://prodcdn-fch9gyh8ejf9hget.z01.azurefd.net/Product/GetImage?size=400&id=50cea823-b51b-4b2d-8b3e-c534b1632ff6","True","False","IMIN FALCON 1 PRINTER PCB","35","https://ycr.dearportal.com/Product/86d7e05d-2296-4985-b0f8-f52b43b6cbcc","PC-0000168","9","9 in stock"
"£31.80","True","https://prodcdn-fch9gyh8ejf9hget.z01.azurefd.net/Product/GetImage?size=400&id=af9701c8-9d0f-41f2-b160-d18493ac3483","True","False","IMIN FALCON 1 PSU","31.8","https://ycr.dearportal.com/Product/203729a9-014c-44e2-9733-d8e00f826888","PS-0000001","2","2 in stock"
"£55.00","True","https://prodcdn-fch9gyh8ejf9hget.z01.azurefd.net/Product/GetImage?size=400&id=6c2c8538-f836-40c3-9110-480b2362b950","True","False","IMIN FALCON 1 REAR DISPLAY ASSY","55","https://ycr.dearportal.com/Product/5d6761cb-5a4e-40c2-b899-862319c44ee7","DS-0000139","1","1 in stock"
"£30.00","True","https://prodcdn-fch9gyh8ejf9hget.z01.azurefd.net/Product/GetImage?size=400&id=739e7316-e801-4178-8390-f3c88cb8f42d","True","False","IMIN FALCON 1 SUB PCB","30","https://ycr.dearportal.com/Product/26349b40-0bd9-45e8-bede-2a657a8111d7","PC-0000169","1","1 in stock"
"£45.00","True","https://prodcdn-fch9gyh8ejf9hget.z01.azurefd.net/Product/GetImage?size=400&id=dcde0f31-530c-49d2-a537-88bfcf51dda8","True","False","IMIN FALCON 2 - 5"" SECONDARY DISPLAY","45","https://ycr.dearportal.com/Product/3f8d4f27-3e16-4846-b1ce-8b4dde1045d3","IM-TF241A001","19","19 in stock"
"£25.00","True","https://prodcdn-fch9gyh8ejf9hget.z01.azurefd.net/Product/GetImage?size=400&id=07c5e8d2-dec4-4c6e-b96b-00f52e69c3b6","True","False","IMIN FALCON 2 CASE PROTECTIVE CASE GREY HAND STRAP SHOULDER STRAP","25","https://ycr.dearportal.com/Product/42ac0708-dd6d-4e24-885c-4680e17459e9","IM-TF221A001","13","13 in stock"
"£40.00","True","https://prodcdn-fch9gyh8ejf9hget.z01.azurefd.net/Product/GetImage?size=400&id=ff422262-2dba-49d5-9d3e-f65a6c1af3dd","True","False","IMIN FALCON 2 MAX CASE","40","https://ycr.dearportal.com/Product/d406b34a-4df6-4302-84a4-fb1659deb7a5","IM-TF251A001","1","1 in stock"
"£336.00","True","https://prodcdn-fch9gyh8ejf9hget.z01.azurefd.net/Product/GetImage?size=400&id=1ca2f0dd-8d4b-41f6-9d1a-6398cac4f3cb","True","False","IMIN FALCON 2 TABLET 8GB+128GB WIFI - GRADED","336","https://ycr.dearportal.com/Product/3e93ff43-211f-49b7-b9f7-f28796ce3b25","IM-FALCON28128WIFI-X","1","1 in stock"
"£48.00","True","https://prodcdn-fch9gyh8ejf9hget.z01.azurefd.net/Product/GetImage?size=400&id=12448075-8f3c-4b77-b019-4f40c5abff83","True","False","IMIN HERON 1 POS HOLDER","48","https://ycr.dearportal.com/Product/f885c3e2-7756-42e3-b85a-4c8d141a7419","IM-SH131A001","1","1 in stock"
"£397.00","True","https://prodcdn-fch9gyh8ejf9hget.z01.azurefd.net/Product/GetImage?size=400&id=3b1b695e-41ec-443e-af6c-41c65eac5d70","True","False","IMIN HERON 1 FLOOR STAND","397","https://ycr.dearportal.com/Product/327c5be4-e46a-4a40-9fee-4ac2b6b79830","IM-SH133A001","1","1 in stock"
"£220.00","True","https://prodcdn-fch9gyh8ejf9hget.z01.azurefd.net/Product/GetImage?size=400&id=4c9c2d6b-1044-4930-bd1d-37efc20aa2b6","True","False","IMIN K1 COMPLETE FRONT DISPLAY ASSY 21.5""","220","https://ycr.dearportal.com/Product/90b75c93-aa4d-4415-939a-5c45d5661bc9","DS-0000136","12","12 in stock"
"£165.00","True","https://prodcdn-fch9gyh8ejf9hget.z01.azurefd.net/Product/GetImage?size=400&id=2ba45394-2c92-4fc8-8bbd-602e8020e67d","True","False","IMIN K1 MAIN PCB V1 (4+32) ANDROID 7","165","https://ycr.dearportal.com/Product/9b6c0cee-afdb-4a59-9c8f-715f4cf7612c","PC-0000163","3","3 in stock"
"£165.00","True","https://prodcdn-fch9gyh8ejf9hget.z01.azurefd.net/Product/GetImage?size=400&id=2bba5f05-b221-4ac4-ac0d-ce9b250d1be3","True","False","IMIN K1 MAIN PCB V2 (4+32) ANDROID 11","165","https://ycr.dearportal.com/Product/98e36174-d0cf-4c69-a42b-551fc646bd36","PC-0000185","3","3 in stock"
"£31.80","True","https://prodcdn-fch9gyh8ejf9hget.z01.azurefd.net/Product/GetImage?size=400&id=6e490359-5df6-4209-b614-3512b628ce23","True","False","IMIN K1 PSU","31.8","https://ycr.dearportal.com/Product/349d1b2f-47ae-4de6-9625-8004939a8c1b","PS-0000004","11","11 in stock"
"£40.00","True","https://prodcdn-fch9gyh8ejf9hget.z01.azurefd.net/Product/GetImage?size=400&id=e3bcb4b8-403a-49de-aae6-0785523ad438","False","False","IMIN K1 WALL MOUNT (FOR K1 ONLY)","40","https://ycr.dearportal.com/Product/9d2c8987-bfb7-493b-8f84-0ebb1942b1b7","IM-K1-WALL",,"Out of stock"
"£425.00","True","https://prodcdn-fch9gyh8ejf9hget.z01.azurefd.net/Product/GetImage?size=400&id=723ef902-3964-4ed2-bb0f-badfa2b1d6dc","False","False","IMIN K1-101 KDS ANDROID 11","425","https://ycr.dearportal.com/Product/d22b0c4e-a129-43a5-9990-fcb055cf5d34","IM-K1-101",,"Out of stock"
"£239.00","True","https://prodcdn-fch9gyh8ejf9hget.z01.azurefd.net/Product/GetImage?size=400&id=03ef736b-e9de-46ce-957a-7a3c99a70eb2","True","False","IMIN KIOSK CRANE 1 TABLE STAND","239","https://ycr.dearportal.com/Product/01b67c85-1c47-4f33-b051-b0bd33763db5","IM-AP02AA001","13","13 in stock"
"£13.00","True","https://prodcdn-fch9gyh8ejf9hget.z01.azurefd.net/Product/GetImage?size=400&id=59a19668-b90c-41f5-a43e-f4d157ade271","True","False","IMIN LARK 1 CASE","13","https://ycr.dearportal.com/Product/77b95775-6e86-47c0-8849-f33ff47c4da1","IM-ML141A001","33","33 in stock"
"£7.00","True","https://prodcdn-fch9gyh8ejf9hget.z01.azurefd.net/Product/GetImage?size=400&id=4651b67d-8b6a-4dd3-a54a-72390ced373a","True","False","IMIN LARK 1 HAND STRAP","7","https://ycr.dearportal.com/Product/cc494280-7697-4e3e-b9e5-08521125ccfe","IM-ML143A001","27","27 in stock"
"£25.00","True","https://prodcdn-fch9gyh8ejf9hget.z01.azurefd.net/Product/GetImage?size=400&id=be648ea0-9c3c-4a57-b0a4-b21f82e89a75","False","False","IMIN LARK 1 SINGLE SLOT CHARGER","25","https://ycr.dearportal.com/Product/66777de3-3d31-4cc2-8cfa-f5001f97abfa","IM-ML121A001",,""
"£25.00","True","https://prodcdn-fch9gyh8ejf9hget.z01.azurefd.net/Product/GetImage?size=400&id=8431fc82-6eff-479a-8c5c-959715508d56","True","False","IMIN LARK 1 TRIGGER HANDLE","25","https://ycr.dearportal.com/Product/6c919b6d-370e-4ce4-89aa-a6413ba8c784","IM-ML131A001","38","38 in stock"
"£75.00","True","https://prodcdn-fch9gyh8ejf9hget.z01.azurefd.net/Product/GetImage?size=400&id=217ba92f-b2f7-49bb-9b50-b3c903ee88bc","True","False","IMIN M2 203 MAIN PCB (1+8)","75","https://ycr.dearportal.com/Product/0b337004-86fa-4008-8beb-7d945af2bd3c","PC-0000182","2","2 in stock"
"£15.00","True","https://prodcdn-fch9gyh8ejf9hget.z01.azurefd.net/Product/GetImage?size=400&id=0d235e48-8351-4e7b-9271-ef838a75f710","True","False","IMIN M2 203 PRINTER COVER","15","https://ycr.dearportal.com/Product/6d89dd16-dd85-439a-8c27-d26a4ef39b4f","CV-0000003","1","1 in stock"
"£15.00","True","https://prodcdn-fch9gyh8ejf9hget.z01.azurefd.net/Product/GetImage?size=400&id=1a60ec80-53eb-4bab-940e-ede70589457d","True","False","IMIN M2 CHARGER","15","https://ycr.dearportal.com/Product/0d7533f9-55ae-477b-9b2e-5bedc05cf0da","IM-M2-201","6","6 in stock"
"£25.00","True","https://prodcdn-fch9gyh8ejf9hget.z01.azurefd.net/Product/GetImage?size=400&id=a00cac27-f952-4d32-9e2e-6f51b47e2b53","True","False","IMIN M2 MAX LANDSCAPE BASE","25","https://ycr.dearportal.com/Product/436aca5b-1997-4e38-bb7b-9d8b2c8c2259","IM-M2MAXBAS","5","5 in stock"
"£95.00","True","https://prodcdn-fch9gyh8ejf9hget.z01.azurefd.net/Product/GetImage?size=400&id=84ccbaac-8e7b-425e-aa86-a9e2d1cc7b1e","True","False","IMIN M2 MAX MAIN PCB (2+16)","95","https://ycr.dearportal.com/Product/7fbab867-9fd8-4019-acc9-41e136558107","PC-0000181","2","2 in stock"
"£15.00","True","https://prodcdn-fch9gyh8ejf9hget.z01.azurefd.net/Product/GetImage?size=400&id=1a0b9965-238f-4edc-bf19-1c79552b97d3","True","False","IMIN M2 MAX PRINTER COVER","15","https://ycr.dearportal.com/Product/709d4c97-4099-4818-ba83-c2f62308c491","CV-0000002","1","1 in stock"
"£25.00","True","https://prodcdn-fch9gyh8ejf9hget.z01.azurefd.net/Product/GetImage?size=400&id=4afa0231-5fda-415d-8b5c-0b6d698c5909","True","False","IMIN M2 MAX PSU","25","https://ycr.dearportal.com/Product/2526f4ba-9949-494b-bb40-0b2acf9c5a74","PS-0000010","3","3 in stock"
"£70.00","True","https://prodcdn-fch9gyh8ejf9hget.z01.azurefd.net/Product/GetImage?size=400&id=5cb0cc76-298e-40ed-af23-f1124e954ede","True","False","IMIN M2 MAX SCREEN SET","70","https://ycr.dearportal.com/Product/2d549f0a-ae79-4af6-9862-651d3308c168","DS-0000135","1","1 in stock"
"£5.00","True","https://prodcdn-fch9gyh8ejf9hget.z01.azurefd.net/Product/GetImage?size=400&id=23646670-4bee-4967-92c2-29483b599c08","True","False","IMIN M2 MAX SPEAKER","5","https://ycr.dearportal.com/Product/b722f62a-d5f3-4bf2-85cf-001158b8ef6f","PC-0000186","1","1 in stock"
"£95.00","True","https://prodcdn-fch9gyh8ejf9hget.z01.azurefd.net/Product/GetImage?size=400&id=83e2ee6f-64b3-41ac-9a0e-1d1cb103fb4b","True","False","IMIN M2 PRO MAIN PCB (2+16) NON NFC","95","https://ycr.dearportal.com/Product/1d01a0b3-c57a-43ba-b55a-ba3ff1fae83c","PC-0000180","4","4 in stock"
"£100.00","True","https://prodcdn-fch9gyh8ejf9hget.z01.azurefd.net/Product/GetImage?size=400&id=764ae272-3fb0-4707-8577-56256557f921","True","False","IMIN M2 PRO MAIN PCB (2+16) WITH NFC","100","https://ycr.dearportal.com/Product/cda130f5-c6a1-4a24-a1f1-3d383ea9eecb","PC-0000183","1","1 in stock"
"£35.00","True","https://prodcdn-fch9gyh8ejf9hget.z01.azurefd.net/Product/GetImage?size=400&id=90a2a6f8-ecc1-4e40-9667-5afb3df51929","True","False","IMIN M2 PRO PRINTER ASSY","35","https://ycr.dearportal.com/Product/154ce0ac-79ed-46e1-b380-a6aa0f8154b8","PR-0000308","29","29 in stock"
"£25.00","True","https://prodcdn-fch9gyh8ejf9hget.z01.azurefd.net/Product/GetImage?size=400&id=60399c88-e315-4396-baad-93aa6922a477","True","False","IMIN M2 SERIES BATTERY","25","https://ycr.dearportal.com/Product/d0dfc232-243b-43f1-a00d-036cee1217a3","BT-0000031","24","24 in stock"
"£65.00","True","https://prodcdn-fch9gyh8ejf9hget.z01.azurefd.net/Product/GetImage?size=400&id=f438d905-4110-4978-802c-8d9218616ba7","True","False","IMIN M2-203 SCREEN SET","65","https://ycr.dearportal.com/Product/119b50cb-7e82-4415-a8e1-bcfa83de7b44","DS-0000126","1","1 in stock"
"£129.00","True","https://prodcdn-fch9gyh8ejf9hget.z01.azurefd.net/Product/GetImage?size=400&id=cf39c052-e959-4e9f-a2f3-db75e787ec8b","True","False","IMIN M2-MAX ANDROID 11 8"" Display","129","https://ycr.dearportal.com/Product/f29e1c0e-e42c-4049-98d7-7e5cf2a70541","IM-M2-MAX","18","18 in stock"
"£57.00","True","https://prodcdn-fch9gyh8ejf9hget.z01.azurefd.net/Product/GetImage?size=400&id=1e9153b7-d2b1-42c5-a5f9-1aa9d85449ea","True","False","IMIN SWAN 1 10.1 DISPLAY","57","https://ycr.dearportal.com/Product/23d606f9-0860-4a6a-a54c-22cf48cd7025","IM-SWAN1DISP","5","5 in stock"
"£50.00","True","https://prodcdn-fch9gyh8ejf9hget.z01.azurefd.net/Product/GetImage?size=400&id=bd4a3389-ef84-497a-8476-bf764a832492","True","False","IMIN SWAN 1 10.1 DISPLAY DP VERSION","50","https://ycr.dearportal.com/Product/af0c331f-0ee5-456b-9186-d61fc3253b0d","IM-DS121A001","43","43 in stock"
"£97.00","True","https://prodcdn-fch9gyh8ejf9hget.z01.azurefd.net/Product/GetImage?size=400&id=00c769b5-9c86-403d-ae42-edd033e2e27d","False","False","IMIN SWAN 1 10.1 DISPLAY WITH NFC","97","https://ycr.dearportal.com/Product/deba3f59-1e8d-482c-9411-d7179085d85b","IM-DS122A002",,""
"£215.00","True","https://prodcdn-fch9gyh8ejf9hget.z01.azurefd.net/Product/GetImage?size=400&id=e544919a-ff35-462d-8b41-d45f95a9e33c","False","False","IMIN SWAN 1 ANDROID 11 15.6 DISPLAY [DP]","215","https://ycr.dearportal.com/Product/fc0be12f-8a3e-4672-a42a-a4b8451055de","IM-SWAN1DP",,"Out of stock"
"£125.00","True","https://prodcdn-fch9gyh8ejf9hget.z01.azurefd.net/Product/GetImage?size=400&id=155d98cb-5d2c-49e5-af81-ac5a71500ce7","True","False","IMIN SWAN 1 COMPLETE FRONT DISPLAY ASSY (V1 HDMI)","125","https://ycr.dearportal.com/Product/80bcc74e-67df-406e-b8fd-d64ee32cabac","DS-0000129","1","1 in stock"
"£125.00","True","https://prodcdn-fch9gyh8ejf9hget.z01.azurefd.net/Product/GetImage?size=400&id=be087580-9287-42c6-bbd0-13984506528b","True","False","IMIN SWAN 1 COMPLETE FRONT DISPLAY ASSY (V2 DP)","125","https://ycr.dearportal.com/Product/fd5fc9ef-af6f-41e1-8640-df2e2d762f50","DS-0000131","6","6 in stock"
"£40.00","True","https://prodcdn-fch9gyh8ejf9hget.z01.azurefd.net/Product/GetImage?size=400&id=26b711a3-192d-43bd-be5c-199cae08be01","True","False","IMIN SWAN 1 COMPLETE REAR CASE","40","https://ycr.dearportal.com/Product/535d1aa0-6872-4b80-b72e-5636c1bf4b7b","CV-0000001","4","4 in stock"
"£15.00","True","https://prodcdn-fch9gyh8ejf9hget.z01.azurefd.net/Product/GetImage?size=400&id=0dad67aa-e757-4351-a48e-e1c9c1e61aae","True","False","IMIN SWAN 1 PRO REAR DISPLAY CABLE (1m DP)","15","https://ycr.dearportal.com/Product/49d0d247-4703-4511-8c6a-c1986836dafc","CB-0000004","48","48 in stock"
"£31.80","True","https://prodcdn-fch9gyh8ejf9hget.z01.azurefd.net/Product/GetImage?size=400&id=b5807ed5-e36b-4e7d-830e-c7cb461d7934","False","False","IMIN SWAN 1 PSU","31.8","https://ycr.dearportal.com/Product/6a30cebe-8d88-44fa-801d-7abb00228989","PS-0000007",,"Out of stock"
"£15.00","True","https://prodcdn-fch9gyh8ejf9hget.z01.azurefd.net/Product/GetImage?size=400&id=c268f408-59bc-44be-bf44-fa44e61a8aff","True","False","IMIN SWAN 1 REAR DISPLAY CABLE (V2 DP)","15","https://ycr.dearportal.com/Product/d4d5243d-d409-4da7-b7bd-0243899fcf2b","CB-0000001","13","13 in stock"
"£22.00","True","https://prodcdn-fch9gyh8ejf9hget.z01.azurefd.net/Product/GetImage?size=400&id=7890531d-fc8e-464b-a9d8-cb4558227426","False","False","IMIN SWAN 1 REMOTE DISPLAY STAND","22","https://ycr.dearportal.com/Product/f49dc2d7-dd26-4cc4-bb6d-2001c3360dd7","IM-DS131A001",,""
"£150.00","True","https://prodcdn-fch9gyh8ejf9hget.z01.azurefd.net/Product/GetImage?size=400&id=c761803a-91dd-4cef-b630-40e1bbe116bf","True","False","IMIN SWAN 1 V1 MAIN PCB (2+16)","150","https://ycr.dearportal.com/Product/b52cd38a-91a3-4198-a25c-9989a3816bb3","PC-0000170","1","1 in stock"
"£150.00","True","https://prodcdn-fch9gyh8ejf9hget.z01.azurefd.net/Product/GetImage?size=400&id=cc1b0d8a-b904-42b1-85dc-4eaf6de8c76c","True","False","IMIN SWAN 1 V2 MAIN PCB (2+16)","150","https://ycr.dearportal.com/Product/9c47a463-4f8d-4dcd-9a7b-0c25b54aeb2b","PC-0000171","7","7 in stock"
"£353.00","True","https://prodcdn-fch9gyh8ejf9hget.z01.azurefd.net/Product/GetImage?size=400&id=42c6fef0-64dc-4bdb-8a08-71a301868c3d","True","False","IMIN SWAN 1K (GEN 2) ANDROID 13 8-CORE, 2.0GHZ 15.6"" FHD WIFI6 BT NFC GREY 4GB+64GB GMS IMIN SWAN 1K ANDROID 11 15.6 DISPLAY KDS","353","https://ycr.dearportal.com/Product/4a6fbbcc-2c3e-43f9-8629-58b9fe554326","IM-DS116A006","10","10 in stock"
"£15.00","True","https://prodcdn-fch9gyh8ejf9hget.z01.azurefd.net/Product/GetImage?size=400&id=19e29f38-705c-4183-9407-90186f78365e","True","False","IMIN SWAN 2 NFC","15","https://ycr.dearportal.com/Product/2be1199b-be5a-4e5e-9eae-d25336ceb47e","IM-DS251A001","18","18 in stock"
"£44.00","True","https://prodcdn-fch9gyh8ejf9hget.z01.azurefd.net/Product/GetImage?size=400&id=ade38f0d-da2e-4f54-b250-acf9ab5af28a","True","False","IMIN SWAN 2 NFC ANTENNA / SCANNER","44","https://ycr.dearportal.com/Product/97c273d9-685f-4bc4-b841-30aaaab4f7e2","IM-DS252A001","9","9 in stock"
"£120.00","False","https://ycr.dearportal.com/Catalog/GetEmptyImage?size=400","True","True","IMIN SWAN 3 10.1"" CUSTOMER FACING DISPLAY 10.1"" GREY","120","https://ycr.dearportal.com/Product/d981f184-2780-4ad5-ba61-8d6e14a1b2e2","IM-DS322A001",,"In stock"
"£155.00","False","https://ycr.dearportal.com/Catalog/GetEmptyImage?size=400","True","True","IMIN SWAN 3 10.1"" CUSTOMER FACING DISPLAY 10.1"" GREY TP","155","https://ycr.dearportal.com/Product/a143e696-0ceb-4d1d-91a3-645c7e1740c2","IM-DS322A002",,"In stock"
"£475.00","True","https://prodcdn-fch9gyh8ejf9hget.z01.azurefd.net/Product/GetImage?size=400&id=5f276775-1f67-447b-a5d9-1360ae601fb3","True","True","IMIN SWAN 3 ANDROID 15 8-CORE, 2.0GHZ 15.6"" WIFI 6 BT GMS GREY 4GB+64GB","475","https://ycr.dearportal.com/Product/458a4d50-1f06-4973-a3c8-fc309f2a1514","IM-DS311A003",,"In stock"
"£628.00","True","https://prodcdn-fch9gyh8ejf9hget.z01.azurefd.net/Product/GetImage?size=400&id=8dc78fb7-222e-4816-b364-cf25ea63d3f5","True","True","IMIN SWAN 3 ANDROID 15 8-CORE, 2.0GHZ 15.6"" WIFI 6 BT GMS GREY 8GB+128GB","628","https://ycr.dearportal.com/Product/1a960632-48bb-467e-bc27-72ba303af692","IM-DS311A006",,"In stock"
"£643.00","True","https://prodcdn-fch9gyh8ejf9hget.z01.azurefd.net/Product/GetImage?size=400&id=2e9a3d0c-4185-442b-8bbc-a65994ce8a08","True","True","IMIN SWAN 3 ANDROID 15 8-CORE, 2.0GHZ 15.6""+10.1"" WIFI 6 BT NFC GMS GREY 4GB+64GB","643","https://ycr.dearportal.com/Product/31344ccb-74b7-4a81-9454-876900fe0331","IM-DS312A004",,"In stock"
"£703.00","True","https://prodcdn-fch9gyh8ejf9hget.z01.azurefd.net/Product/GetImage?size=400&id=3cac06c2-d428-4e66-a43b-0532505d1553","True","True","IMIN SWAN 3 PRO ANDROID 15 8-CORE, 2.6GHZ 15.6"" WIFI 6E BT GMS GREY 4GB+64GB","703","https://ycr.dearportal.com/Product/d44e8a8c-cc46-44be-b287-6383ab6b9555","IM-DS361A003",,"In stock"
"£875.00","True","https://prodcdn-fch9gyh8ejf9hget.z01.azurefd.net/Product/GetImage?size=400&id=4fdf3562-8403-40eb-9ffa-d78d0846a1f1","True","True","IMIN SWAN 3 PRO ANDROID 15 8-CORE, 2.6GHZ 15.6"" WIFI 6E BT GMS GREY 8GB+128GB","875","https://ycr.dearportal.com/Product/01eda459-aada-486f-a6f6-b8c8015a9d27","IM-DS361A007",,"In stock"
"£892.00","True","https://prodcdn-fch9gyh8ejf9hget.z01.azurefd.net/Product/GetImage?size=400&id=1b03475c-6ee1-411f-abf2-28211fc7f1e4","True","True","IMIN SWAN 3 PRO ANDROID 15 8-CORE, 2.6GHZ 15.6""+10.1"" WIFI 6E BT NFC GMS GREY 4GB+64GB","892","https://ycr.dearportal.com/Product/fdbf7b1e-b313-4ff7-8008-4e34e283c2cf","IM-DS362A003",,"In stock"
"£1,063.00","True","https://prodcdn-fch9gyh8ejf9hget.z01.azurefd.net/Product/GetImage?size=400&id=c93b0169-4cf2-4898-876c-81e6ce6f709d","True","True","IMIN SWAN 3 PRO ANDROID 15 8-CORE, 2.6GHZ 15.6""+10.1"" WIFI 6E BT NFC GMS GREY 8GB+128GB","1063","https://ycr.dearportal.com/Product/f51b328b-e975-45f8-b277-a92e49fb5b8f","IM-DS362A006",,"In stock"
"£35.00","False","https://ycr.dearportal.com/Catalog/GetEmptyImage?size=400","True","True","IMIN SWAN 3 SEGMENT DISPLAY GREY","35","https://ycr.dearportal.com/Product/5dc1c54b-55d5-45ec-81ca-1c4f8fc4208f","IM-DS321A001",,"In stock"
"£25.00","True","https://prodcdn-fch9gyh8ejf9hget.z01.azurefd.net/Product/GetImage?size=400&id=18ad5c99-3d0e-4048-8215-1a5ea6655d6b","True","False","IMIN SWIFT 1 BATTERY","25","https://ycr.dearportal.com/Product/d6663b82-24ba-42db-bbab-21b1f2975d9b","BT-0000030","1","1 in stock"
"£37.00","True","https://prodcdn-fch9gyh8ejf9hget.z01.azurefd.net/Product/GetImage?size=400&id=6912bb19-5607-45f4-a7ca-cba486dc7531","True","False","IMIN SWIFT 1 58MM THERMAL PRINTER MODULE","37","https://ycr.dearportal.com/Product/5bf2281a-0aa1-4c42-9dae-dfc4389a7bf1","IM-SWIFT1PRINTER","27","27 in stock"
"£109.00","True","https://prodcdn-fch9gyh8ejf9hget.z01.azurefd.net/Product/GetImage?size=400&id=7ca0e374-33f1-4d4c-b6d7-b2d7d17ce551","False","False","IMIN SWIFT 1 ANDROID 11 6.5"" 2GB+16GB WIFI BT","109","https://ycr.dearportal.com/Product/132db1f8-ea3d-42c1-bdfd-91a3958b7deb","IM-SWIFT1",,"Out of stock"
"£140.00","True","https://prodcdn-fch9gyh8ejf9hget.z01.azurefd.net/Product/GetImage?size=400&id=ba9e5570-24d6-4c31-a82d-13160ff21d3c","True","False","IMIN SWIFT 1 ANDROID 11 6.5"" 2GB+16GB WIFI BT inc NFC","140","https://ycr.dearportal.com/Product/fa927f28-4f09-4763-bcf5-ff12932e430a","IM-SWIFT1NFC","2","2 in stock"
"£7.00","True","https://prodcdn-fch9gyh8ejf9hget.z01.azurefd.net/Product/GetImage?size=400&id=3236c13d-dbf6-4b03-bf40-973232378e68","True","False","IMIN SWIFT 1 HAND STRAP","7","https://ycr.dearportal.com/Product/d068b778-8bf9-49ba-9443-b73893c69e71","IM-SWIFT1HANDSTRAP","1","1 in stock"
"£250.00","True","https://prodcdn-fch9gyh8ejf9hget.z01.azurefd.net/Product/GetImage?size=400&id=db65b248-0676-4cc8-939a-8e30612dbfa4","True","True","IMIN SWIFT 1 PRO ANDROID 13 8-CORE, 2.0GHZ 6.5"" LTE WIFI5 BT GPS 0.3MP FRONT CAMERA 5MP REAR CAMERA 7.6V 2500MAH BATTERY BLACK 4GB+32GB","250","https://ycr.dearportal.com/Product/66ecbb59-0435-4b39-b69e-d7d4c82e8c6d","IM-MS115A011",,"In stock"
"£265.00","True","https://prodcdn-fch9gyh8ejf9hget.z01.azurefd.net/Product/GetImage?size=400&id=5b5976b8-16d2-477a-b922-d4c4f100e25c","False","False","IMIN SWIFT 1 PRO ANDROID 13 8-CORE, 2.0GHZ 6.5"" LTE WIFI5 BT GPS NFC 0.3MP FRONT CAMERA 5MP REAR CAMERA 7.6V 2500MAH BATTERY BLACK 4GB+32GB","265","https://ycr.dearportal.com/Product/73dd2f04-779e-44e3-a634-b2d429b85c3f","IM-MS115A006",,"Out of stock"
"£265.00","True","https://prodcdn-fch9gyh8ejf9hget.z01.azurefd.net/Product/GetImage?size=400&id=1f349664-82fb-4450-b1ce-2aac972ba9e2","False","False","IMIN SWIFT 1 PRO ANDROID 13 8-CORE, 2.0GHZ 6.5"" LTE WIFI5 BT GPS NFC 0.3MP FRONT CAMERA 5MP REAR CAMERA 7.6V 2500MAH BATTERY BLACK GMS 4GB+32GB","265","https://ycr.dearportal.com/Product/68ce7b8a-303a-4322-8b01-cd09ba7825ec","IM-MS115A003",,"Out of stock"
"£50.00","True","https://prodcdn-fch9gyh8ejf9hget.z01.azurefd.net/Product/GetImage?size=400&id=9121069c-5506-41b4-8ee2-878b6d5bf8fa","True","False","IMIN SWIFT 1 SCANNER [TOTINFO]","50","https://ycr.dearportal.com/Product/e13ba806-8a01-4474-9a8d-4729ec93960c","IM-SWIFT1SCANNER[TOTINFO]","16","16 in stock"
"£65.00","True","https://prodcdn-fch9gyh8ejf9hget.z01.azurefd.net/Product/GetImage?size=400&id=9389c083-a63f-4696-8ffd-412b1e5af6b5","True","False","IMIN SWIFT 1 SCREEN SET V1","65","https://ycr.dearportal.com/Product/d2e09314-a71e-4166-9208-72b3b9c862b8","DS-0000137","2","2 in stock"
"£65.00","True","https://prodcdn-fch9gyh8ejf9hget.z01.azurefd.net/Product/GetImage?size=400&id=33b3297f-5b00-4c96-8e1e-5557c3bef979","True","False","IMIN SWIFT 1 SCREEN SET V2","65","https://ycr.dearportal.com/Product/bb8171cd-6bc5-406f-a7aa-5a145152cc4b","DS-0000134","2","2 in stock"
"£95.00","True","https://prodcdn-fch9gyh8ejf9hget.z01.azurefd.net/Product/GetImage?size=400&id=9f90f25f-5aba-48d6-8256-aaa4d03526a3","True","False","IMIN SWIFT 1 V1 MAIN PCB (2+16)","95","https://ycr.dearportal.com/Product/2fa9cbc3-f7bb-4b4d-9189-6a5c61d911fb","PC-0000179","2","2 in stock"
"£95.00","True","https://prodcdn-fch9gyh8ejf9hget.z01.azurefd.net/Product/GetImage?size=400&id=6f003109-2871-4b9b-a5bd-e79b8a63a5ac","True","False","IMIN SWIFT 1 V2 MAIN PCB (2+16)","95","https://ycr.dearportal.com/Product/8197e2ba-fcdf-471c-8039-2a1b92a2d773","PC-0000173","1","1 in stock"
"£200.00","True","https://prodcdn-fch9gyh8ejf9hget.z01.azurefd.net/Product/GetImage?size=400&id=2ae7ad23-903a-4678-8f9f-36bb062d3f78","True","False","IMIN SWIFT 1P ANDROID 11 6.5"" 2GB+16GB WIFI BT WITH PRINTER","200","https://ycr.dearportal.com/Product/7b7e6a73-0b50-45e1-8f5e-eb282eaabf29","IM-SWIFT1P","2","2 in stock"
"£20.00","True","https://prodcdn-fch9gyh8ejf9hget.z01.azurefd.net/Product/GetImage?size=400&id=fe1091f7-d2fe-4c65-95ec-aa16f2aaa9a7","True","False","IMIN SWIFT 2 CRADLE","20","https://ycr.dearportal.com/Product/72fa164b-0fae-4734-b53c-95611b146aba","IM-MS221A001","47","47 in stock"
"£206.00","True","https://prodcdn-fch9gyh8ejf9hget.z01.azurefd.net/Product/GetImage?size=400&id=67414a7e-2143-4fb2-9629-bc083c237f3c","False","False","IMIN SWIFT 2 ANDROID 13 4-CORE, 2.0GHZ 6.5"" 7.7V 3350MAH BATTERY 5MP REAR CAMERA LTE WIFI BT GNSS 58MM PRINTER 2GB+16GB RED","206","https://ycr.dearportal.com/Product/ebb80578-cd80-42ad-a266-b504af587bc5","IM-MS211A001",,"Out of stock"
"£206.00","True","https://prodcdn-fch9gyh8ejf9hget.z01.azurefd.net/Product/GetImage?size=400&id=d3c83100-f355-44b0-a7ef-68d5be978948","False","False","IMIN SWIFT 2 ANDROID 13 4-CORE, 2.0GHZ 6.5"" 7.7V 3350MAH BATTERY 5MP REAR CAMERA LTE WIFI BT GNSS 58MM PRINTER 2GB+16GB RED GMS","206","https://ycr.dearportal.com/Product/af8b313a-f3d2-40d6-8fa5-6981539ee6e4","IM-MS211A015",,"Out of stock"
"£221.00","True","https://prodcdn-fch9gyh8ejf9hget.z01.azurefd.net/Product/GetImage?size=400&id=ff1d990e-2e12-4fb3-98a0-6b4151876c6e","False","False","IMIN SWIFT 2 ANDROID 13 4-CORE, 2.0GHZ 6.5"" 7.7V 3350MAH BATTERY 5MP REAR CAMERA LTE WIFI BT GNSS 58MM PRINTER 2GB+16GB RED NFC","221","https://ycr.dearportal.com/Product/4c3f77e6-ad66-45d2-9e7a-539c2bc1e579","IM-MS211A008",,"Out of stock"
"£221.00","True","https://prodcdn-fch9gyh8ejf9hget.z01.azurefd.net/Product/GetImage?size=400&id=854a1f1d-798e-4872-be6f-236a2b0b97f6","False","False","IMIN SWIFT 2 ANDROID 13 4-CORE, 2.0GHZ 6.5"" 7.7V 3350MAH BATTERY 5MP REAR CAMERA LTE WIFI BT GNSS 58MM PRINTER 2GB+16GB RED NFC GMS","221","https://ycr.dearportal.com/Product/546d8aeb-aef9-4eb8-81dc-3a017cd23176","IM-MS211A011",,"Out of stock"
"£36.00","True","https://prodcdn-fch9gyh8ejf9hget.z01.azurefd.net/Product/GetImage?size=400&id=dceedbbd-b977-4969-8a99-95dbbd1631ec","True","False","IMIN X1-201 BARCODE SCANNER, LINUX, CAMERA, LED LIGHT","36","https://ycr.dearportal.com/Product/26257617-7018-44c7-9396-5e40a7447286","IM-X1-201","49","49 in stock"
"£0.60","True","https://prodcdn-fch9gyh8ejf9hget.z01.azurefd.net/Product/GetImage?size=400&id=b868a151-edc0-4ebe-a16d-bfe621175685","True","False","IR40 INK ROLLER","0.6","https://ycr.dearportal.com/Product/797951e0-4aab-45cc-9d7d-7c8f503b50e4","RB-0000001","47","47 in stock"
"£0.75","True","https://prodcdn-fch9gyh8ejf9hget.z01.azurefd.net/Product/GetImage?size=400&id=e3575aee-e028-43d7-894c-44e4911a43a6","True","False","IR40T RED / BLACK INK ROLLER","0.75","https://ycr.dearportal.com/Product/ef4fc0da-d9f6-4fd4-b451-b83c6474df0e","RB-0000005","7","7 in stock"
"£2.00","True","https://prodcdn-fch9gyh8ejf9hget.z01.azurefd.net/Product/GetImage?size=400&id=014b1b9e-8a3e-4020-b0a2-6f02fcb40b2b","True","False","IR93 INK ROLLER","2","https://ycr.dearportal.com/Product/eb3a025c-01ff-4e05-ae52-963535172727","RB-0000002","11","11 in stock"
"£45.00","True","https://prodcdn-fch9gyh8ejf9hget.z01.azurefd.net/Product/GetImage?size=400&id=6b0de33e-1294-4f67-8741-e47528657174","True","False","KINGSTON A400 120GB 2.5 SATA III SSD","45","https://ycr.dearportal.com/Product/dc798a30-cb8d-47b2-94ae-c007f044a0ba","RM-0000027","3","3 in stock"
"£2,112.00","False","https://ycr.dearportal.com/Catalog/GetEmptyImage?size=400","True","True","L50HD9-T 50"" INFRARED FREESTANDING TOUCH SCRN POSTERDUAL OS","2112","https://ycr.dearportal.com/Product/48e2ef8b-d53e-4164-a32f-44e1dd73e2da","ALL-L50E3-T",,"In stock"
"£2,112.00","False","https://ycr.dearportal.com/Catalog/GetEmptyImage?size=400","True","True","L50HD9-TW 50"" INFRARED FREESTAND TOUCH SCRN POSTER DUAL OS","2112","https://ycr.dearportal.com/Product/9380cd0f-24e8-4199-9ca1-04f5902ce4ff","ALL-L50E3-TW",,"In stock"
"£1,229.00","False","https://ycr.dearportal.com/Catalog/GetEmptyImage?size=400","True","True","M65UHD3 65"" 4K LARGE FORMAT COMMERCIAL DISPLAY","1229","https://ycr.dearportal.com/Product/d5e921f8-f122-4324-be2b-6a831c7311f3","ALL-M65UHD1",,"In stock"
"£2,843.00","False","https://ycr.dearportal.com/Catalog/GetEmptyImage?size=400","True","True","M86UHD3 86"" 4K LARGE FORMAT COMMERCIAL DISPLAY","2843","https://ycr.dearportal.com/Product/861d1284-4677-4f50-9b9d-e6794bd8e994","ALL-M86UHD1",,"In stock"
"£30.00","False","https://ycr.dearportal.com/Catalog/GetEmptyImage?size=400","True","False","MAG CARD 86*54 EMBEDDED -SIGN ON 25 PACK","30","https://ycr.dearportal.com/Product/662f184d-eef2-41d6-a159-89e8bab69fa5","CO-MAGCARDSIGN","2","2 in stock"
"£5.50","True","https://prodcdn-fch9gyh8ejf9hget.z01.azurefd.net/Product/GetImage?size=400&id=ff859b83-ae3d-4617-bb20-c45afded19ea","True","False","MAG DALLAS BLACK","5.5","https://ycr.dearportal.com/Product/a3c10471-249b-4e03-84f3-e93b51f54646","IM-DALLASBLACK","304","304 in stock"
"£5.50","True","https://prodcdn-fch9gyh8ejf9hget.z01.azurefd.net/Product/GetImage?size=400&id=6c92e52a-74f6-4af4-ac38-197c04794ea0","True","False","MAG DALLAS BLUE","5.5","https://ycr.dearportal.com/Product/453ad108-b51b-49bd-a84f-80c393ad4874","IM-DALLASBLUE","19","19 in stock"
"£5.50","True","https://prodcdn-fch9gyh8ejf9hget.z01.azurefd.net/Product/GetImage?size=400&id=839262bc-4794-4aa7-813b-9e49b0f154c5","True","False","MAG DALLAS GREEN","5.5","https://ycr.dearportal.com/Product/ef62b734-5acf-4f1f-a0f7-39c3e497c84f","IM-DALLASGREEN","22","22 in stock"
"£5.50","True","https://prodcdn-fch9gyh8ejf9hget.z01.azurefd.net/Product/GetImage?size=400&id=8006658a-2fda-46af-bb29-973f42956542","True","False","MAG DALLAS RED","5.5","https://ycr.dearportal.com/Product/bf7621ae-2774-4a91-8891-7b9d016578ee","IM-DALLASRED","60","60 in stock"
"£5.50","True","https://prodcdn-fch9gyh8ejf9hget.z01.azurefd.net/Product/GetImage?size=400&id=22823ea7-d074-4d68-8010-c4174f92985e","True","False","MAG DALLAS YELLOW","5.5","https://ycr.dearportal.com/Product/8ef80beb-2983-4712-9aa2-6e64610647be","IM-DALLASYELLOW","66","66 in stock"
"£5.80","True","https://prodcdn-fch9gyh8ejf9hget.z01.azurefd.net/Product/GetImage?size=400&id=08e94afb-1300-4763-80c4-fa001ba00a7a","True","False","NETWORK CABLE 10M","5.8","https://ycr.dearportal.com/Product/641b4754-dc26-4b5d-b49a-d76baff18f12","CB-0000091","9","9 in stock"
"£2.00","True","https://prodcdn-fch9gyh8ejf9hget.z01.azurefd.net/Product/GetImage?size=400&id=c8b78bab-a4e6-42e4-9283-4648a31640f4","False","False","NETWORK CABLE 1M","2","https://ycr.dearportal.com/Product/3ff9ab54-af40-4f96-8ac8-7a3cec070fbe","CB-0000089",,"Out of stock"
"£3.30","True","https://prodcdn-fch9gyh8ejf9hget.z01.azurefd.net/Product/GetImage?size=400&id=ce33f2e7-3096-4187-89c9-8492b65c141a","True","False","NETWORK CABLE 2M","3.3","https://ycr.dearportal.com/Product/b44ef155-cbcf-4cc8-9fdd-4e4213e801d6","CB-0000090","8","8 in stock"
"£255.00","False","https://ycr.dearportal.com/Catalog/GetEmptyImage?size=400","True","True","OPS-E3 ECONOMICAL OPS SLOT-IN PC INTEL I3","255","https://ycr.dearportal.com/Product/f633f8b4-fe93-4b5d-a430-13a629dc2eb8","ALL-OPS-E3",,"In stock"
"£628.00","False","https://ycr.dearportal.com/Catalog/GetEmptyImage?size=400","True","True","OPS-P4 PREMIUM OPS SLOT-IN PC INTEL CORET I5","628","https://ycr.dearportal.com/Product/f9a03484-357f-4b0e-a452-bc605909d942","ALL-OPS-P1",,"In stock"
"£16,316.00","True","https://prodcdn-fch9gyh8ejf9hget.z01.azurefd.net/Product/GetImage?size=400&id=0060ce81-361c-4a62-b4e3-e54a24523f90","True","True","OT75E-T2 75"" FREESTANDING PCAP OUTDOOR TOUCH SCREEN POSTER","16316","https://ycr.dearportal.com/Product/96c41d8a-ff84-4ece-82bd-47438e5e9f11","ALL-OT75E-T",,"In stock"
"£13.00","False","https://ycr.dearportal.com/Catalog/GetEmptyImage?size=400","False","False","PAPER ROLL 44X70MM THERMAL","13","https://ycr.dearportal.com/Product/84995f10-70bc-4fbc-aef5-e0a2cd69408d","TR-ROLL44X70T",,"Out of stock"
"£15.00","False","https://ycr.dearportal.com/Catalog/GetEmptyImage?size=400","False","False","PAPER ROLL 44X80MM","15","https://ycr.dearportal.com/Product/5d8f4a18-c974-4f08-82da-babf4d080d24","TR-ROLL44X80",,"Out of stock"
"£11.55","False","https://ycr.dearportal.com/Catalog/GetEmptyImage?size=400","False","False","PAPER ROLL 44X80MM 2PLY","11.55","https://ycr.dearportal.com/Product/3cb4f998-9b5f-4061-a645-bcce0ef4e0c0","TR-ROLL44X802PLY",,"Out of stock"
"£10.80","False","https://ycr.dearportal.com/Catalog/GetEmptyImage?size=400","True","False","PAPER ROLL 44X80MM THERMAL","10.8","https://ycr.dearportal.com/Product/fbfa3454-bdbd-4fe3-9bfe-aaeeaf878c21","TR-ROLL44X80T","35","35 in stock"
"£3.10","False","https://ycr.dearportal.com/Catalog/GetEmptyImage?size=400","False","False","PAPER ROLL 57X30MM THERMAL","3.1","https://ycr.dearportal.com/Product/1f7e2aff-37e9-4c20-bf99-07e1b2f9181d","TR-ROLL57X30T",,"Out of stock"
"£5.10","False","https://ycr.dearportal.com/Catalog/GetEmptyImage?size=400","True","False","PAPER ROLL 57X40MM THERMAL","5.1","https://ycr.dearportal.com/Product/f0e85637-fd87-48b5-95bf-7df528a6aea8","TR-ROLL57X40T","48","48 in stock"
"£11.50","False","https://ycr.dearportal.com/Catalog/GetEmptyImage?size=400","True","False","PAPER ROLL 57X57MM (40 PACK)","11.5","https://ycr.dearportal.com/Product/56bd6ea0-20b4-47d5-a457-ecf9de7a8f72","TR-ROLL57X5740","2","2 in stock"
"£6.00","False","https://ycr.dearportal.com/Catalog/GetEmptyImage?size=400","True","False","PAPER ROLL 57X57MM 20 PACK","6","https://ycr.dearportal.com/Product/ced4e05f-fa3b-4fa2-a7ea-ad08dae6d599","TR-ROLL57X5720","4","4 in stock"
"£8.30","False","https://ycr.dearportal.com/Catalog/GetEmptyImage?size=400","False","False","PAPER ROLL 57X57MM 2PLY","8.3","https://ycr.dearportal.com/Product/cb2a96c2-760d-4181-abf8-6952be509f6e","TR-ROLL57X572PLY",,"Out of stock"
"£10.30","False","https://ycr.dearportal.com/Catalog/GetEmptyImage?size=400","True","False","PAPER ROLL 57X57MM THERMAL","10.3","https://ycr.dearportal.com/Product/d5e96356-81ac-498b-8c0f-0d64d93e7d7a","TR-ROLL57X57T","24","24 in stock"
"£12.30","False","https://ycr.dearportal.com/Catalog/GetEmptyImage?size=400","True","False","PAPER ROLL 57X70MM THERMAL","12.3","https://ycr.dearportal.com/Product/b27358eb-ee03-4b58-9d65-09da32d6542e","TR-ROLL57X70T","1","1 in stock"
"£9.50","False","https://ycr.dearportal.com/Catalog/GetEmptyImage?size=400","True","False","PAPER ROLL 76X76MM","9.5","https://ycr.dearportal.com/Product/fb417aad-ae94-4fdb-9808-9b699caba504","TR-ROLL76X76","8","8 in stock"
"£15.00","False","https://ycr.dearportal.com/Catalog/GetEmptyImage?size=400","True","False","PAPER ROLL 76X76MM 2PLY","15","https://ycr.dearportal.com/Product/3a40f9aa-62f4-4e53-b0ba-3198465e459d","TR-ROLL76X762PLY","1","1 in stock"
"£16.50","False","https://ycr.dearportal.com/Catalog/GetEmptyImage?size=400","True","False","PAPER ROLL 80X80MM THERMAL TH80","16.5","https://ycr.dearportal.com/Product/9c46c622-cb49-484d-8f9d-346f298ade4d","TR-ROLL80X80T","38","38 in stock"
"£11.50","False","https://ycr.dearportal.com/Catalog/GetEmptyImage?size=400","False","False","PAPER ROLL CONTINUOUS LABEL","11.5","https://ycr.dearportal.com/Product/0d2adb3f-5c15-4586-a31e-47764a2252f5","TR-ROLLSRP300LAB",,""
"£5.50","False","https://ycr.dearportal.com/Catalog/GetEmptyImage?size=400","True","False","PAPER ROLL SRP750 TYPE 1 PEELABLE SIZE 32 X24","5.5","https://ycr.dearportal.com/Product/b7709ecc-3455-4342-80bc-f548002ca9f9","TR-ROLLSRP750T1P","38","38 in stock"
"£4.00","False","https://ycr.dearportal.com/Catalog/GetEmptyImage?size=400","True","False","PAPER ROLL SRP750 TYPE 1 PERMANENT SIZE 32 X24","4","https://ycr.dearportal.com/Product/d7d59bd2-667c-41bf-b3bd-8ed174cff87b","TR-ROLLSRP750T1","144","144 in stock"
"£8.00","False","https://ycr.dearportal.com/Catalog/GetEmptyImage?size=400","True","False","PAPER ROLL SRP750 TYPE 2 PEELABLE SIZE 44 X34","8","https://ycr.dearportal.com/Product/fb294dd6-0b38-491b-8847-d581b9113cbd","TR-ROLLSRP750T2P","230","230 in stock"
"£4.25","False","https://ycr.dearportal.com/Catalog/GetEmptyImage?size=400","True","False","PAPER ROLL SRP750 TYPE 2 PERMANENT SIZE 44 X34","4.25","https://ycr.dearportal.com/Product/e516d0d4-c5a8-4ea1-b788-1b4fe2545cf6","TR-ROLLSRP750T2","152","152 in stock"
"£9.50","False","https://ycr.dearportal.com/Catalog/GetEmptyImage?size=400","True","False","PAPER ROLL SRP750 TYPE 8 SIZE 101 X 51","9.5","https://ycr.dearportal.com/Product/18f592b9-3ecc-465c-8253-7288fc35e9bc","TR-ROLLSRP750T8","79","79 in stock"
"£9.50","False","https://ycr.dearportal.com/Catalog/GetEmptyImage?size=400","True","False","PAPER ROLL SRP750 TYPE 8 SIZE 101 X 51 FREEZER GRADE","9.5","https://ycr.dearportal.com/Product/89fb01c6-6f1a-4019-aea2-4d336c6c3e80","TR-ROLLSRP750T8F","15","15 in stock"
"£12.00","False","https://ycr.dearportal.com/Catalog/GetEmptyImage?size=400","True","False","PAPER ROLL SRP750 TYPE 8 SIZE 101 X 51 RED","12","https://ycr.dearportal.com/Product/f1e700e4-d854-4921-bbb9-cffbf1c5cab1","TR-ROLLSRP750T8R","43","43 in stock"
"£205.00","False","https://ycr.dearportal.com/Catalog/GetEmptyImage?size=400","False","False","PAX A80 DIAL, ETHERNET, CAMERA, ANDROID 7.1 EFT TERMINAL","205","https://ycr.dearportal.com/Product/1c6f7f57-6cb6-4b2d-b541-2bce2acdab43","PX-A80",,"Out of stock"
"£50.00","False","https://ycr.dearportal.com/Catalog/GetEmptyImage?size=400","False","False","PAX A920 CHARGING CRADLE","50","https://ycr.dearportal.com/Product/fbca04a3-73a9-4d25-83e1-92d9efbb1054","PX-L920BC",,"Out of stock"
"£45.00","False","https://ycr.dearportal.com/Catalog/GetEmptyImage?size=400","True","False","PAX A920 CHARGING CRADLE NETWORK","45","https://ycr.dearportal.com/Product/922757e2-635e-4f5f-aff4-5d4ab94cd0c4","PX-L920BE","7","7 in stock"
"£25.00","False","https://ycr.dearportal.com/Catalog/GetEmptyImage?size=400","False","False","PAX A920 LEATHER CASE","25","https://ycr.dearportal.com/Product/c0fe7510-4874-4c8d-937e-92b648ced895","PX-A920LEATHER",,"Out of stock"
"£20.00","False","https://ycr.dearportal.com/Catalog/GetEmptyImage?size=400","False","False","PAX A920 SILICON POUCH","20","https://ycr.dearportal.com/Product/c3a6d60b-0816-4d17-bd4b-9a28dadd1e0d","PX-A920SILICON",,"Out of stock"
"£299.00","False","https://ycr.dearportal.com/Catalog/GetEmptyImage?size=400","False","False","PAX A920 3G+WIFI EFT TERMINAL","299","https://ycr.dearportal.com/Product/5ed92e1d-f8fc-46e2-8000-d2d30d061e63","PX-A920PRO",,"Out of stock"
"£299.00","False","https://ycr.dearportal.com/Catalog/GetEmptyImage?size=400","False","False","PAX A920 4G+BT+WIFI GPS ANDROID 7.1 EFT TERMINAL [NO SIM]","299","https://ycr.dearportal.com/Product/11e78cc1-f2fe-42a2-b33c-460774d4a453","PX-A920",,"Out of stock"
"£50.00","False","https://ycr.dearportal.com/Catalog/GetEmptyImage?size=400","False","False","PAX A920 CHARGER","50","https://ycr.dearportal.com/Product/f33f3d80-aa4a-4558-8358-a5b24f110986","PX-A920CHARGER",,"Out of stock"
"£50.00","True","https://prodcdn-fch9gyh8ejf9hget.z01.azurefd.net/Product/GetImage?size=400&id=07e07998-af1a-4abf-b4d4-8b57421fb468","True","False","PAX A920 PRO CHARGING CRADLE","50","https://ycr.dearportal.com/Product/802e0c0a-7c7e-4529-9180-f2f5a3577b97","PX-L920BCPRO","3","3 in stock"
"£45.00","False","https://ycr.dearportal.com/Catalog/GetEmptyImage?size=400","True","False","PAX A920 PRO LEATHER CASE","45","https://ycr.dearportal.com/Product/d098c1a9-29ea-4d74-bec9-7e8d33848e8a","PX-A920PROLEATHER","2","2 in stock"
"£17.00","False","https://ycr.dearportal.com/Catalog/GetEmptyImage?size=400","True","False","PAX A920 PRO SILICON TRANSPARENT POUCH","17","https://ycr.dearportal.com/Product/093894d6-3f9c-49a7-93f6-53b896debd3d","PX-A920PROSILICONTRAN","20","20 in stock"
"£17.00","False","https://ycr.dearportal.com/Catalog/GetEmptyImage?size=400","True","False","PAX A920 PRO SILICON WHITE POUCH","17","https://ycr.dearportal.com/Product/c7f75894-eb7a-411b-b653-6e40b5ff7ddc","PX-A920PROSILICONWH","97","97 in stock"
"£70.00","False","https://ycr.dearportal.com/Catalog/GetEmptyImage?size=400","True","False","PLANET ADSL ROUTER ADN-4000A","70","https://ycr.dearportal.com/Product/9053739b-26c3-41d4-8305-bdbde4be816f","PL-ADW4302","1","1 in stock"
"£47.00","False","https://ycr.dearportal.com/Catalog/GetEmptyImage?size=400","False","False","POS READY 7","47","https://ycr.dearportal.com/Product/85c3a4d2-bb9e-4930-aa5b-7ed683954a52","S4-POSREADY7",,"Out of stock"
"£202.00","False","https://ycr.dearportal.com/Catalog/GetEmptyImage?size=400","True","True","POS10HD7B 10"" POS ANDROID ADVERTISING DISPLAY","202","https://ycr.dearportal.com/Product/24afd4d0-e192-47b2-8113-9b2abf479e0b","ALL-POS10HD7",,"In stock"
"£274.00","False","https://ycr.dearportal.com/Catalog/GetEmptyImage?size=400","True","True","POS10W4B-T 10"" POS NETWORK ANDROID PCAP TOUCH SCREEN","274","https://ycr.dearportal.com/Product/b4a923ea-89d6-4be5-b49b-77be799ac06f","ALL-POS10W4-T",,"In stock"
"£312.00","False","https://ycr.dearportal.com/Catalog/GetEmptyImage?size=400","True","True","POS15HD7B 15"" POS ANDROID ADVERTISING DISPLAY","312","https://ycr.dearportal.com/Product/6e8b5548-fe4d-4e28-b11a-0e46111c1776","ALL-POS15HD7",,"In stock"
"£372.00","False","https://ycr.dearportal.com/Catalog/GetEmptyImage?size=400","True","True","POS15W4B-T 15"" POS NETWORK ANDROID PCAP TOUCH SCREEN","372","https://ycr.dearportal.com/Product/66f8d4e2-542c-40fe-ae71-1640bd391328","ALL-POS15W4-T",,"In stock"
"£35.00","True","https://prodcdn-fch9gyh8ejf9hget.z01.azurefd.net/Product/GetImage?size=400&id=b22bdb77-a33d-413a-97f5-4d6ec09a4b73","True","False","POSPOLE ADJUSTABLE ARM 45 TO 38MM 200MM-320MM","35","https://ycr.dearportal.com/Product/a143e354-ac82-4a84-82ef-ae3780dddb3f","PP-ARMADJUST45-38","31","31 in stock"
"£24.10","True","https://prodcdn-fch9gyh8ejf9hget.z01.azurefd.net/Product/GetImage?size=400&id=deca40bc-8a30-441a-b185-ebec8db85a29","True","False","POSPOLE ARM FIX 45 TO 38MM 150MM","24.1","https://ycr.dearportal.com/Product/18796534-f13a-4fbc-897b-5539a8354451","PP-ARMFIX45-38","13","13 in stock"
"£12.10","True","https://prodcdn-fch9gyh8ejf9hget.z01.azurefd.net/Product/GetImage?size=400&id=d1794b60-990a-4378-8071-0f6a4aef5b5e","True","False","POSPOLE BASE POLE 38X120MM WITH NOTCH","12.1","https://ycr.dearportal.com/Product/da99c892-8854-462b-a802-66d6e78d74ab","PP-BPOLE38X120","4","4 in stock"
"£20.00","True","https://prodcdn-fch9gyh8ejf9hget.z01.azurefd.net/Product/GetImage?size=400&id=33c0fce2-369d-434b-890e-9d9c9c15486a","False","False","POSPOLE BASE POLE 38X350MM WITH NOTCH","20","https://ycr.dearportal.com/Product/984f4028-5002-4298-80f0-08a9c54b3e98","PP-BPOLE38X350",,"Out of stock"
"£20.00","True","https://prodcdn-fch9gyh8ejf9hget.z01.azurefd.net/Product/GetImage?size=400&id=a0f33cfc-8e47-4ae1-877c-cfa9240c3788","True","False","POSPOLE BASE POLE 45X400MM","20","https://ycr.dearportal.com/Product/7cb674fa-8d70-4e8b-9dd5-d494ac8fd34f","PP-BPOLE45X400","27","27 in stock"
"£21.80","True","https://prodcdn-fch9gyh8ejf9hget.z01.azurefd.net/Product/GetImage?size=400&id=2c409872-4f11-4051-a8df-68196073a16b","True","False","POSPOLE BASE POLE 45X500MM","21.8","https://ycr.dearportal.com/Product/313dd1e5-52a0-43d2-9456-45d2ee40a010","PP-BPOLE45X500","49","49 in stock"
"£2.00","True","https://prodcdn-fch9gyh8ejf9hget.z01.azurefd.net/Product/GetImage?size=400&id=7c154a59-97ad-4090-a85b-5c7e1420e887","True","False","POSPOLE CABLE COVER 120MM BLACK","2","https://ycr.dearportal.com/Product/27a22ed9-e26c-42d8-9785-15147437c5ad","PP-CABLECOV120","10","10 in stock"
"£2.20","True","https://prodcdn-fch9gyh8ejf9hget.z01.azurefd.net/Product/GetImage?size=400&id=1ffa9d94-6a0b-4ae5-9f4f-85810a5b487b","False","False","POSPOLE CABLE COVER 160MM BLACK","2.2","https://ycr.dearportal.com/Product/b043f455-dc5d-4f8e-8e9d-1d0238973ac7","PP-CABLECOV160",,"Out of stock"
"£1.80","True","https://prodcdn-fch9gyh8ejf9hget.z01.azurefd.net/Product/GetImage?size=400&id=1bc53585-f8c1-470d-9a3a-9a197c0e2e56","True","False","POSPOLE CABLE COVER 80MM BLACK","1.8","https://ycr.dearportal.com/Product/0cc283fe-a2d9-496e-b068-d872427b1a48","PP-CABLECOV80","146","146 in stock"
"£61.90","True","https://prodcdn-fch9gyh8ejf9hget.z01.azurefd.net/Product/GetImage?size=400&id=9a816ca2-8c4f-4444-a11e-7ab3107f438a","True","False","POSPOLE DOUBLE VESA MOUNT 45MM ANGLED","61.9","https://ycr.dearportal.com/Product/7baeb7b3-79f8-43fd-a5b5-e44d22699eef","PP-VMOUNT45X2","38","38 in stock"
"£42.00","True","https://prodcdn-fch9gyh8ejf9hget.z01.azurefd.net/Product/GetImage?size=400&id=e36ed7cc-68df-4953-89b2-7488a32634c9","False","False","POSPOLE KIT - BASE POLE & VERIFONE VX820/P200/P400","42","https://ycr.dearportal.com/Product/18baff75-0293-4300-a0eb-96e53e19939d","PP-PRS07067",,"Out of stock"
"£65.50","True","https://prodcdn-fch9gyh8ejf9hget.z01.azurefd.net/Product/GetImage?size=400&id=f9c05656-aff6-4595-be08-2671654c0361","False","False","POSPOLE KIT - BASE POLE AND ARM WITH VESA MOUNT","65.5","https://ycr.dearportal.com/Product/13155c4b-6474-46b5-ae52-9a574b4e5fbb","PP-PRS04Y",,"Out of stock"
"£78.90","True","https://prodcdn-fch9gyh8ejf9hget.z01.azurefd.net/Product/GetImage?size=400&id=8b18536c-ece8-4701-bc20-f8068bfd5a54","False","False","POSPOLE KIT - BASE POLE AND DUAL ARM WITH VESA MOUNT","78.9","https://ycr.dearportal.com/Product/fde6154c-c59a-4a52-90d2-031d23b117f0","PP-PRS06Y",,"Out of stock"
"£81.90","True","https://prodcdn-fch9gyh8ejf9hget.z01.azurefd.net/Product/GetImage?size=400&id=cc5228e9-e89e-4469-890e-73aac54ab5be","True","False","POSPOLE KIT - BASE POLE AND TWIN VESA MOUNT","81.9","https://ycr.dearportal.com/Product/8f9a7da6-65f7-466c-92c0-ff4d18413230","PP-PRS03Y","38","38 in stock"
"£46.10","True","https://prodcdn-fch9gyh8ejf9hget.z01.azurefd.net/Product/GetImage?size=400&id=17e75c5c-3a1c-4f42-9938-9e8528cf29f6","True","False","POSPOLE KIT - BASE POLE AND VESA SIDE MOUNT","46.1","https://ycr.dearportal.com/Product/fb684619-03d4-4123-bcbd-1bfd66e5f01a","PP-PRS01Y","33","33 in stock"
"£40.10","True","https://prodcdn-fch9gyh8ejf9hget.z01.azurefd.net/Product/GetImage?size=400&id=51cff19e-3b1b-4fcc-9051-128da2abdd49","True","False","POSPOLE KIT - BASE POLE AND VESA TOP MOUNT","40.1","https://ycr.dearportal.com/Product/d9bcb507-de1e-42a6-aca2-052d99648c69","PP-PRS02Y","27","27 in stock"
"£145.70","True","https://prodcdn-fch9gyh8ejf9hget.z01.azurefd.net/Product/GetImage?size=400&id=e9aa86b4-b0af-4fb5-91d9-6c6ac7b60d9a","True","False","POSPOLE KIT - BASE POLE ARM WITH VESA MOUNT & ARM WITH PAXA920 CRADLE","145.7","https://ycr.dearportal.com/Product/c0a397ec-7d07-4f84-8133-191b514af6c2","PP-PRS07Y","7","7 in stock"
"£31.00","True","https://prodcdn-fch9gyh8ejf9hget.z01.azurefd.net/Product/GetImage?size=400&id=9b91d896-4f1a-4235-9c51-64fdbee362e3","True","False","POSPOLE PINPAD HOLDER FOR 38MM POLE - Ingenico ICT220 / 250","31","https://ycr.dearportal.com/Product/fce22726-7d80-4404-a2fb-e66bfabae252","PP-PPADHOLD","1","1 in stock"
"£31.00","True","https://prodcdn-fch9gyh8ejf9hget.z01.azurefd.net/Product/GetImage?size=400&id=cfd761fe-a816-4390-80fa-3cb0bec22217","True","False","POSPOLE PINPAD HOLDER FOR 38MM POLE - PAX180","31","https://ycr.dearportal.com/Product/3b42626b-0116-41a6-9e0d-e6bb089990d5","PP-PPADPAXA80","4","4 in stock"
"£31.00","True","https://prodcdn-fch9gyh8ejf9hget.z01.azurefd.net/Product/GetImage?size=400&id=cd5a0847-3640-49d1-8e8f-ef40da7bd7b3","False","False","POSPOLE PINPAD HOLDER FOR 38MM POLE - SUNMI P2 LITE","31","https://ycr.dearportal.com/Product/314b01fa-48d3-43ad-9a3c-f275bbebbf16","PP-PPADSUNMIP2LITE",,"Out of stock"
"£41.00","True","https://prodcdn-fch9gyh8ejf9hget.z01.azurefd.net/Product/GetImage?size=400&id=cf190c69-797d-4e03-a5f0-9136af5027b0","True","False","POSPOLE PINPAD HOLDER MOVE 3500/5000 BLACK 38MM + 120MM POLE","41","https://ycr.dearportal.com/Product/a527413c-cbb1-471a-9ee5-94d548fbaf9f","PP-PPADMOVE3500","1","1 in stock"
"£31.00","True","https://prodcdn-fch9gyh8ejf9hget.z01.azurefd.net/Product/GetImage?size=400&id=607e2ac6-7fa6-4cf7-9f34-00b3b9eb7f19","True","False","POSPOLE PINPAD HOLDER PAX920 BLACK 38MM","31","https://ycr.dearportal.com/Product/76c10053-dc67-4ea7-94a4-51ed5245f864","PP-PPADPAX920","7","7 in stock"
"£31.00","False","https://ycr.dearportal.com/Catalog/GetEmptyImage?size=400","False","False","POSPOLE PINPAD HOLDER PAX920 WITH CRADLE BLACK 38MM","31","https://ycr.dearportal.com/Product/7625956b-a41c-47da-a5c9-ba21e82c52ac","PP-PPADPAX920CRADLE",,"Out of stock"
"£41.00","True","https://prodcdn-fch9gyh8ejf9hget.z01.azurefd.net/Product/GetImage?size=400&id=a6f39777-19e0-426b-bf96-11eacf2e9d97","True","False","POSPOLE PINPAD HOLDER PAXA80 BLACK 38MM + 120MM POLE","41","https://ycr.dearportal.com/Product/004fc513-033d-4c2a-bf54-775d4ebff992","PP-PRS10862","23","23 in stock"
"£31.00","True","https://prodcdn-fch9gyh8ejf9hget.z01.azurefd.net/Product/GetImage?size=400&id=ed76c77b-a775-45a9-8237-e78e2d3167e6","True","False","POSPOLE PINPAD HOLDER SUNMI P2 PRO BLACK 38MM","31","https://ycr.dearportal.com/Product/812bd1d8-0752-450e-80fe-7874a3b47793","PP-PPADSUNMIP2PRO","9","9 in stock"
"£41.00","True","https://prodcdn-fch9gyh8ejf9hget.z01.azurefd.net/Product/GetImage?size=400&id=e01bd633-0fef-4b06-b777-4ebe06415bb9","True","False","POSPOLE PINPAD HOLDER VERIFONE V200/400C BLACK 38MM","41","https://ycr.dearportal.com/Product/efa6ff4d-aa1a-4872-9486-e097e00d2f94","PP-PPADV200","3","3 in stock"
"£31.00","True","https://prodcdn-fch9gyh8ejf9hget.z01.azurefd.net/Product/GetImage?size=400&id=da446a4c-b649-4c6a-ac51-aea40b4edae3","True","False","POSPOLE PINPAD HOLDER VX690 38MM","31","https://ycr.dearportal.com/Product/49818b32-884b-49c6-9973-2a02981055e1","PP-PPADVX690","1","1 in stock"
"£31.00","True","https://prodcdn-fch9gyh8ejf9hget.z01.azurefd.net/Product/GetImage?size=400&id=ab1b9bec-4a59-4a0b-862f-a36de3424530","False","False","POSPOLE PINPAD HOLDER VX820/P200/P400 38MM","31","https://ycr.dearportal.com/Product/acbfe4f5-fced-4323-970a-6e065cbcce02","PP-PPADVX820",,""
"£18.20","True","https://prodcdn-fch9gyh8ejf9hget.z01.azurefd.net/Product/GetImage?size=400&id=fb8ecd7d-81cd-4da2-b696-1bd6d7e0efe7","True","False","POSPOLE PRINTER HOLDER FOR 38MM POLE","18.2","https://ycr.dearportal.com/Product/641fe74c-2d68-47e9-8792-8e739c85ec1d","PP-PRINTHOLD","7","7 in stock"
"£20.20","True","https://prodcdn-fch9gyh8ejf9hget.z01.azurefd.net/Product/GetImage?size=400&id=37ea0bc9-c5e8-40d7-bfb9-b79668a93393","True","False","POSPOLE SCANNER HOLDER FOR 45MM POLE","20.2","https://ycr.dearportal.com/Product/9ca580b4-7637-4a22-ac15-9fcef1def1e3","PP-SCANHOLD","12","12 in stock"
"£55.30","True","https://prodcdn-fch9gyh8ejf9hget.z01.azurefd.net/Product/GetImage?size=400&id=fa6575c7-07b5-4a53-ad5b-e11ac27fa3b6","True","False","POSPOLE TABLET HOLDER 38MM POLE OR ARM","55.3","https://ycr.dearportal.com/Product/989a636b-1956-40b4-8042-8b4d67307d3f","PP-TABHOLD","6","6 in stock"
"£42.30","True","https://prodcdn-fch9gyh8ejf9hget.z01.azurefd.net/Product/GetImage?size=400&id=0521189f-7e00-42b4-9e4e-9b2ac9bfb1d4","True","False","POSPOLE TILTABLE ARM 45 TO 38MM 2X180MM","42.3","https://ycr.dearportal.com/Product/d812aa20-df74-4e7f-a63f-d214214595ee","PP-ARMTILT","19","19 in stock"
"£20.90","True","https://prodcdn-fch9gyh8ejf9hget.z01.azurefd.net/Product/GetImage?size=400&id=97ca8b56-6d4e-426a-95ca-6430b0fc5e0e","False","False","POSPOLE VESA MOUNT 38MM METAL HINGE","20.9","https://ycr.dearportal.com/Product/64e38915-c104-49fb-809c-1cf2e6dc8bf2","PP-VMOUNT38",,""
"£27.30","True","https://prodcdn-fch9gyh8ejf9hget.z01.azurefd.net/Product/GetImage?size=400&id=6168b152-8429-401b-be4f-5bb525ef3cfd","True","False","POSPOLE VESA MOUNT 45MM ANGLED","27.3","https://ycr.dearportal.com/Product/50378954-b394-4d08-b317-f7f406b59a58","PP-VMOUNT45","33","33 in stock"
"£27.30","True","https://prodcdn-fch9gyh8ejf9hget.z01.azurefd.net/Product/GetImage?size=400&id=05f9b91c-5804-47f5-8cb0-d53be5761d4e","True","False","POSPOLE VESA MOUNT 45MM ANGLED 200 X 100","27.3","https://ycr.dearportal.com/Product/fbd7ea6b-b5b1-4775-83fc-406801419261","PP-VMOUNT45200X100","4","4 in stock"
"£20.90","True","https://prodcdn-fch9gyh8ejf9hget.z01.azurefd.net/Product/GetImage?size=400&id=95033469-9711-4cd3-a324-96dbc7fab976","True","False","POSPOLE VESA MOUNT 45MM TOP MOUNTED","20.9","https://ycr.dearportal.com/Product/674c51ae-9578-4e9a-a1a8-d256ae4c82ca","PP-VMOUNT45TOP","28","28 in stock"
"£55.00","False","https://ycr.dearportal.com/Catalog/GetEmptyImage?size=400","False","False","POWER WALKER VI 850SB UK UPS 480W","55","https://ycr.dearportal.com/Product/a4943d55-6f19-44a2-84de-d6d3b1a3b8ab","PW-VI850",,"Out of stock"
"£300.00","False","https://ycr.dearportal.com/Catalog/GetEmptyImage?size=400","True","True","PPCNET-C ANDROID CLOUD NETWORK MEDIA PLAYER","300","https://ycr.dearportal.com/Product/b75d3689-2f10-487c-a6f0-17457d98b986","ALL-PPCNET-B",,"In stock"
"£185.00","False","https://ycr.dearportal.com/Catalog/GetEmptyImage?size=400","True","True","PPHD7 STANDALONE ANDROID MEDIA PLAYER","185","https://ycr.dearportal.com/Product/8be00fcb-f965-47f0-ac15-134f991033a8","ALL-PPHD5",,"In stock"
"£20.00","False","https://ycr.dearportal.com/Catalog/GetEmptyImage?size=400","True","True","PROFESSIONAL MONITOR REMOTE CONTROL","20","https://ycr.dearportal.com/Product/b1a0be19-6eb2-400d-8e1e-37a98a89c2df","ALL-M32REMOTE",,"In stock"
"£1,143.00","False","https://ycr.dearportal.com/Catalog/GetEmptyImage?size=400","True","True","PT55H 55"" INTERACTIVE TOUCH DISPLAY WITH MEETINGPAD SOFTWARE","1143","https://ycr.dearportal.com/Product/c5af6d13-1abc-4798-b6e2-5c71077a6c06","ALL-PT55F",,"In stock"
"£1,488.00","False","https://ycr.dearportal.com/Catalog/GetEmptyImage?size=400","True","True","PT65H 65"" INTERACTIVE TOUCH DISPLAY WITH MEETINGPAD SOFTWARE","1488","https://ycr.dearportal.com/Product/ed47617a-01c1-4f81-86cd-8e4d318a0fe6","ALL-PT65F",,"In stock"
"£2,021.00","False","https://ycr.dearportal.com/Catalog/GetEmptyImage?size=400","True","True","PT775"" 4K INTERACTIVE TOUCH DISPLAY WITH MEETINGPAD SOFTWARE","2021","https://ycr.dearportal.com/Product/e474e455-fca3-49bc-a229-72ada916d977","ALL-PT75G",,"In stock"
"£2,588.00","False","https://ycr.dearportal.com/Catalog/GetEmptyImage?size=400","True","True","PT86H 86"" 4K INTERACTIVE T/DISPLAY WITH MEETINGPAD SOFTWARE","2588","https://ycr.dearportal.com/Product/59d94702-1672-4c24-aaa1-16cc68498442","ALL-PT86G",,"In stock"
"£732.00","False","https://ycr.dearportal.com/Catalog/GetEmptyImage?size=400","True","True","RD15HD8 15"" DIGITAL ROD DISPLAY","732","https://ycr.dearportal.com/Product/883d0bd6-d883-43e0-95ba-17ab196d6274","ALL-RD15HD7",,"In stock"
"£67.00","False","https://ycr.dearportal.com/Catalog/GetEmptyImage?size=400","True","True","RDFIX RODS AND FIXING KIT","67","https://ycr.dearportal.com/Product/c897714f-550a-4a04-9ba3-0d367675bef3","ALL-RDFIX",,"In stock"
"£76.00","False","https://ycr.dearportal.com/Catalog/GetEmptyImage?size=400","True","True","RDTRAN 100W DC TRANSFORMER","76","https://ycr.dearportal.com/Product/44336011-96e5-4ccb-864c-2599d3d27df4","ALL-RDTRAN",,"In stock"
"£0.70","True","https://prodcdn-fch9gyh8ejf9hget.z01.azurefd.net/Product/GetImage?size=400&id=afe43360-c06f-4465-8ff6-43e968e928c4","True","False","RJ11 CONNECTOR 6P4C","0.7","https://ycr.dearportal.com/Product/473994ba-feb2-419f-a445-cd8d829254bc","CT-0000048","25","25 in stock"
"£0.70","True","https://prodcdn-fch9gyh8ejf9hget.z01.azurefd.net/Product/GetImage?size=400&id=3ca1ffd2-c9b9-4642-bf50-4be1643da623","True","False","RJ12 CONNECTOR 6P6C","0.7","https://ycr.dearportal.com/Product/603e8521-027c-46c7-8dd4-a8dde4f2da24","CT-0000025","9","9 in stock"
"£2.00","True","https://prodcdn-fch9gyh8ejf9hget.z01.azurefd.net/Product/GetImage?size=400&id=bb7b9939-8ad8-4a50-8dfb-99c5c335cdde","True","False","RJ12 MODULAR SOCKET TO SOCKET COUPLERS","2","https://ycr.dearportal.com/Product/8ef5b622-87d8-4d6b-b3d2-a5b16c884ab8","CT-0000027","6","6 in stock"
"£0.70","True","https://prodcdn-fch9gyh8ejf9hget.z01.azurefd.net/Product/GetImage?size=400&id=e23f280f-617b-43c5-8c19-525c235ec939","True","False","RJ45 CONNECTOR 8P8C","0.7","https://ycr.dearportal.com/Product/b5e10e09-0f44-4d53-9b5a-7bdda2d68216","CT-0000024","3","3 in stock"
"£57.10","False","https://ycr.dearportal.com/Catalog/GetEmptyImage?size=400","True","False","SAM4S 128GB SSD","57.1","https://ycr.dearportal.com/Product/e2dfece0-a1a0-4cbc-827b-edce691bb693","RM-0000023","23","23 in stock"
"£2.10","True","https://prodcdn-fch9gyh8ejf9hget.z01.azurefd.net/Product/GetImage?size=400&id=1de66cb2-734f-44f9-8ae3-c9527ce0be74","True","False","SAM4S 20 WAY KEYBOARD CONNECTOR","2.1","https://ycr.dearportal.com/Product/5d076731-aac2-4017-aaa7-685a0125c4ba","CT-0000044","2","2 in stock"
"£3.90","True","https://prodcdn-fch9gyh8ejf9hget.z01.azurefd.net/Product/GetImage?size=400&id=bac61b74-869e-4f5b-989f-399d08ebf37e","True","False","SAM4S 2424 DRAWER KEYS","3.9","https://ycr.dearportal.com/Product/449138c9-07e9-47d3-acdb-dcf5106dc783","LK-0000055","68","68 in stock"
"£10.00","True","https://prodcdn-fch9gyh8ejf9hget.z01.azurefd.net/Product/GetImage?size=400&id=6098ae92-6634-4c1f-a764-f2e37d7e7dab","True","False","SAM4S 2424 DRAWER LOCK & KEY SET","10","https://ycr.dearportal.com/Product/42f5a34d-1d00-4345-ba3f-4aa9a8fbfd22","LK-0000078","12","12 in stock"
"£75.00","False","https://ycr.dearportal.com/Catalog/GetEmptyImage?size=400","True","False","SAM4S 3"" PRINTER SPT-7500","75","https://ycr.dearportal.com/Product/a7712cb3-1a02-4ca1-b969-1152d215d3ee","S4-SPT7500PRINTE","2","2 in stock"
"£36.00","True","https://prodcdn-fch9gyh8ejf9hget.z01.azurefd.net/Product/GetImage?size=400&id=c74450e5-dec5-4283-9d11-b8ed340b7347","True","False","SAM4S 410 12V CASH DRAWER GREY","36","https://ycr.dearportal.com/Product/6ee56b23-56e4-4362-a962-366b3dc3b9b5","DW-S4410G12V","285","285 in stock"
"£36.00","True","https://prodcdn-fch9gyh8ejf9hget.z01.azurefd.net/Product/GetImage?size=400&id=461228d4-1b27-4afd-b367-2d7ee342ba45","True","False","SAM4S 410 24V CASH DRAWER GREY","36","https://ycr.dearportal.com/Product/3de688e2-0873-44ae-9e47-a5487480fac2","DW-S4410G24V","708","708 in stock"
"£18.00","True","https://prodcdn-fch9gyh8ejf9hget.z01.azurefd.net/Product/GetImage?size=400&id=d9607034-a89c-47fa-ac72-9847e47e1eb5","True","False","SAM4S 410 INSERT (INS-410-4B8C)","18","https://ycr.dearportal.com/Product/ff3726ab-384e-4440-9890-9108b73addba","DW-S4410INSERT","216","216 in stock"
"£15.00","True","https://prodcdn-fch9gyh8ejf9hget.z01.azurefd.net/Product/GetImage?size=400&id=78589184-96f3-44b0-b548-f69be87102de","True","False","SAM4S 410 LOCKING LID","15","https://ycr.dearportal.com/Product/52b5e883-cdfb-418f-9cc3-20d37ccee21c","DW-S4410LOCKLID","73","73 in stock"
"£0.60","True","https://prodcdn-fch9gyh8ejf9hget.z01.azurefd.net/Product/GetImage?size=400&id=e81dc99d-6e63-4271-9e62-2a1d5209123b","True","False","SAM4S 8 WAY KEYBOARD CONNECTOR","0.6","https://ycr.dearportal.com/Product/c3142481-bf0e-41e0-80fa-5b11d4cc38ca","CT-0000046","3","3 in stock"
"£44.40","True","https://prodcdn-fch9gyh8ejf9hget.z01.azurefd.net/Product/GetImage?size=400&id=317ec448-f08c-4637-87e4-c16383cae4f5","True","False","SAM4S ASTRA 263 BACKLIGHT DRIVER PCB","44.4","https://ycr.dearportal.com/Product/7b4a2216-d2ce-41bc-b963-f587e8519fc9","PC-0000187","4","4 in stock"
"£253.20","True","https://prodcdn-fch9gyh8ejf9hget.z01.azurefd.net/Product/GetImage?size=400&id=b72d38ad-657b-490a-acaf-e4e512c4cf0f","True","False","SAM4S ASTRA 263 FRONT LED 21.5""","253.2","https://ycr.dearportal.com/Product/55f51b69-16ab-41e1-a1e3-021024e6b622","DS-0000002","5","5 in stock"
"£44.40","True","https://prodcdn-fch9gyh8ejf9hget.z01.azurefd.net/Product/GetImage?size=400&id=ad7fd0b5-bed7-4a4b-9d3f-00dbf6437474","True","False","SAM4S ASTRA 263 PCT CONTROLLER PCB","44.4","https://ycr.dearportal.com/Product/bbbea7e8-cd06-40e2-8c6e-287dfde8a6ca","PC-0000188","7","7 in stock"
"£4.50","True","https://prodcdn-fch9gyh8ejf9hget.z01.azurefd.net/Product/GetImage?size=400&id=51285114-4778-4dfb-a02c-c0e5cf7edc27","True","False","SAM4S ASTRA KIOSK PRINTER COVER KEY","4.5","https://ycr.dearportal.com/Product/62574198-07fd-4483-8bf0-ee3c734316fc","LK-0000001","11","11 in stock"
"£155.00","True","https://prodcdn-fch9gyh8ejf9hget.z01.azurefd.net/Product/GetImage?size=400&id=3278b21c-bb35-4a27-809d-d2069a5ab603","True","False","SAM4S ASTRA PCT TOUCH PANEL MAIN BODY WHITE","155","https://ycr.dearportal.com/Product/5d7027a8-b8c4-4a65-8b4f-57bfc35117f4","DS-0000001","6","6 in stock"
"£1.40","True","https://prodcdn-fch9gyh8ejf9hget.z01.azurefd.net/Product/GetImage?size=400&id=d10389af-4475-4d83-8511-24b333fc4022","True","False","SAM4S BLACK PLASTIC NOTE CLIP ARMS","1.4","https://ycr.dearportal.com/Product/36f9bcc6-ab6a-410d-a439-d6aae80010e5","DW-0000028","172","172 in stock"
"£3.90","True","https://prodcdn-fch9gyh8ejf9hget.z01.azurefd.net/Product/GetImage?size=400&id=591504c1-83cd-4a1f-8b76-78432dae1b94","True","False","SAM4S 'C' KEY","3.9","https://ycr.dearportal.com/Product/dcc9be75-90cd-4825-85e9-fa6c7e899328","LK-0000047","81","81 in stock"
"£77.90","False","https://ycr.dearportal.com/Catalog/GetEmptyImage?size=400","True","False","SAM4S DRAWER BASE BLACK 260/SPS5**","77.9","https://ycr.dearportal.com/Product/be000aac-dff4-4116-a00b-65543e8c8ebe","DW-0000025","4","4 in stock"
"£77.90","False","https://ycr.dearportal.com/Catalog/GetEmptyImage?size=400","True","False","SAM4S DRAWER BASE BLACK ER9**","77.9","https://ycr.dearportal.com/Product/457302b7-fd8e-4df6-a056-d97b091aa9e9","DW-0000027","7","7 in stock"
"£77.90","False","https://ycr.dearportal.com/Catalog/GetEmptyImage?size=400","False","False","SAM4S DRAWER BASE STANDARD","77.9","https://ycr.dearportal.com/Product/1d6319f0-120e-4347-a99f-0c43d18db949","DW-0000011",,"Out of stock"
"£4.50","True","https://prodcdn-fch9gyh8ejf9hget.z01.azurefd.net/Product/GetImage?size=400&id=5a31a03b-c259-433c-abc3-c7d40d84f4b9","True","False","SAM4S DRAWER HARNESS","4.5","https://ycr.dearportal.com/Product/9d1717c8-c13c-40aa-8966-418090da7243","CB-0000008","7","7 in stock"
"£34.20","False","https://ycr.dearportal.com/Catalog/GetEmptyImage?size=400","True","False","SAM4S DRAWER INSERT EBC-G84N (STD)","34.2","https://ycr.dearportal.com/Product/9373ba9f-a194-4b53-8118-ee9ee8e7e34e","DW-0000024","59","59 in stock"
"£3.90","True","https://prodcdn-fch9gyh8ejf9hget.z01.azurefd.net/Product/GetImage?size=400&id=323ce624-200b-4789-92bf-f1323be32079","True","False","SAM4S DRAWER KEYS","3.9","https://ycr.dearportal.com/Product/20181296-5649-4d47-978a-ba5b9bb81a78","LK-0000053","10","10 in stock"
"£13.90","True","https://prodcdn-fch9gyh8ejf9hget.z01.azurefd.net/Product/GetImage?size=400&id=bac2b3f7-6b9a-4a67-9ef3-e814aed35122","True","False","SAM4S DRAWER LOCK KIT","13.9","https://ycr.dearportal.com/Product/2705565e-fa1e-442b-acb6-0cb3bc2ad063","DW-0000021","8","8 in stock"
"£2.00","True","https://prodcdn-fch9gyh8ejf9hget.z01.azurefd.net/Product/GetImage?size=400&id=3e305710-85c3-43ac-a440-6bcd7542c6c7","True","False","SAM4S DRAWER ROLLERS 19MM","2","https://ycr.dearportal.com/Product/7aa970ad-2515-4d96-8b45-c3fab52dd9b7","DW-0000022","32","32 in stock"
"£2.00","True","https://prodcdn-fch9gyh8ejf9hget.z01.azurefd.net/Product/GetImage?size=400&id=beb2bb99-b5cc-4a4b-a873-946d26dac544","True","False","SAM4S DRAWER ROLLERS 22MM","2","https://ycr.dearportal.com/Product/509ffcd7-c971-40c1-b767-284c039dc4d0","DW-0000026","87","87 in stock"
"£55.00","True","https://prodcdn-fch9gyh8ejf9hget.z01.azurefd.net/Product/GetImage?size=400&id=036c0c14-b410-43a7-bab9-723f9ec6d170","True","False","SAM4S EIB-905 DALLAS READER + 5 KEYS","55","https://ycr.dearportal.com/Product/2d5d5356-1ad5-407a-a22b-4ec21baa0a31","S4-EIB905","25","25 in stock"
"£8.40","False","https://ycr.dearportal.com/Catalog/GetEmptyImage?size=400","False","False","SAM4S ELLIX 30 DISPLAY & SWITCH PCB","8.4","https://ycr.dearportal.com/Product/f62a5b93-cec5-408b-b91a-355612f54fc1","PR-0000199",,"Out of stock"
"£45.00","True","https://prodcdn-fch9gyh8ejf9hget.z01.azurefd.net/Product/GetImage?size=400&id=05730bd8-1b3f-41f4-89b7-5efcaf126b40","True","False","SAM4S ELLIX 30 MAIN PCB BOARD","45","https://ycr.dearportal.com/Product/068e520a-0940-4a91-8c80-6d2d80f2a3a3","PC-0000073","5","5 in stock"
"£22.90","True","https://prodcdn-fch9gyh8ejf9hget.z01.azurefd.net/Product/GetImage?size=400&id=c28b6942-c440-4640-a580-8fec702c9a0c","True","False","SAM4S ELLIX 30 PLATEN ROLLER ASSY","22.9","https://ycr.dearportal.com/Product/554f64df-02f3-4d0b-8e6e-467fc1e3bd55","PR-0000195","5","5 in stock"
"£10.00","True","https://prodcdn-fch9gyh8ejf9hget.z01.azurefd.net/Product/GetImage?size=400&id=1cea7580-10dc-486c-841e-560bfc6896e6","True","False","SAM4S ELLIX 30/40 KITCHEN BELL","10","https://ycr.dearportal.com/Product/56d85ad3-f5d7-4868-bfa0-e65af801332c","S4-ELLIXKITCHBEL","42","42 in stock"
"£5.50","True","https://prodcdn-fch9gyh8ejf9hget.z01.azurefd.net/Product/GetImage?size=400&id=34f2b301-d2d4-4eea-b0d9-09f0c8b46911","True","False","SAM4S ELLIX 30/40 SPLASH COVER","5.5","https://ycr.dearportal.com/Product/1f75c4ac-0dc0-4c3e-955b-1723c8fda512","S4-ELLIXSPLASHCO","54","54 in stock"
"£5.00","True","https://prodcdn-fch9gyh8ejf9hget.z01.azurefd.net/Product/GetImage?size=400&id=1d877ca1-8e2d-4914-b0c1-1b97d703f8a5","True","False","SAM4S ELLIX 30/40 WALL MOUNT BRACKET","5","https://ycr.dearportal.com/Product/71fdac08-eb08-4ded-80fd-935262ff4a7a","S4-ELLIXWALLMNT","45","45 in stock"
"£119.00","False","https://ycr.dearportal.com/Catalog/GetEmptyImage?size=400","False","False","SAM4S ELLIX 30DB SERIAL/USB/ETHER PRINTE","119","https://ycr.dearportal.com/Product/368143d1-31a7-42d3-a255-822b771ce03a","S4-ELLIX30DBD",,"Out of stock"
"£5.80","True","https://prodcdn-fch9gyh8ejf9hget.z01.azurefd.net/Product/GetImage?size=400&id=de80b979-cde0-41d0-a3bb-d070ca172f64","True","False","SAM4S ELLIX 30III LED WINDOW","5.8","https://ycr.dearportal.com/Product/416613e8-4ce4-4dd0-a9d3-de921061d1c3","PR-0000196","5","5 in stock"
"£57.10","True","https://prodcdn-fch9gyh8ejf9hget.z01.azurefd.net/Product/GetImage?size=400&id=74c7ce95-2c6d-44dd-9f85-0a13a1da2209","True","False","SAM4S ELLIX 30III MAIN PCB BOARD","57.1","https://ycr.dearportal.com/Product/a7dd6aad-e903-4608-8894-ca5645543623","PC-0000123","25","25 in stock"
"£55.00","True","https://prodcdn-fch9gyh8ejf9hget.z01.azurefd.net/Product/GetImage?size=400&id=59149857-6878-47c5-ae68-5a6b279cb496","True","False","SAM4S ELLIX 30III PRINTER ASSY","55","https://ycr.dearportal.com/Product/11bebdd6-2f9e-443f-9349-9d6a3169a2db","PR-0000255","10","10 in stock"
"£5.40","True","https://prodcdn-fch9gyh8ejf9hget.z01.azurefd.net/Product/GetImage?size=400&id=2657f7e7-d6f6-43d6-9fe6-c09e44f610b7","True","False","SAM4S ELLIX 40 LCD HARNESS","5.4","https://ycr.dearportal.com/Product/05cb26fe-cfb4-4e02-8306-20bbcff1b356","CB-0000055","5","5 in stock"
"£22.90","True","https://prodcdn-fch9gyh8ejf9hget.z01.azurefd.net/Product/GetImage?size=400&id=6c73ebe9-a59a-4c07-978e-0464be0f5a7d","True","False","SAM4S ELLIX 40II DISPLAY & SWITCH PCB","22.9","https://ycr.dearportal.com/Product/8c65975d-1c5d-46d9-bd1a-fe6fce1b3693","PR-0000200","8","8 in stock"
"£25.00","True","https://prodcdn-fch9gyh8ejf9hget.z01.azurefd.net/Product/GetImage?size=400&id=45eb856f-dacd-45c6-ae31-3f5e7c186ff6","True","False","SAM4S ELLIX 40II ETHERNET INTERFACE BOARD","25","https://ycr.dearportal.com/Product/c3a0c952-1696-4ed9-9de1-55827f2f8fa8","S4-ELLIX40EIF","33","33 in stock"
"£5.80","True","https://prodcdn-fch9gyh8ejf9hget.z01.azurefd.net/Product/GetImage?size=400&id=bd07c250-1d53-4aa9-8429-7f57709a4991","True","False","SAM4S ELLIX 40II LCD WINDOW","5.8","https://ycr.dearportal.com/Product/7357fc9f-31f0-4062-9405-b68b7f88985f","PR-0000197","4","4 in stock"
"£69.70","True","https://prodcdn-fch9gyh8ejf9hget.z01.azurefd.net/Product/GetImage?size=400&id=c4344ce4-bef4-402e-b299-dfd4e0137c9a","True","False","SAM4S ELLIX 40II MAIN PCB BOARD","69.7","https://ycr.dearportal.com/Product/8819eca7-1865-4851-8008-2a9d8574cb9d","PC-0000074","20","20 in stock"
"£10.00","True","https://prodcdn-fch9gyh8ejf9hget.z01.azurefd.net/Product/GetImage?size=400&id=b364f379-6a7a-4771-8763-f1a982484fec","True","False","SAM4S ELLIX 40II SERIAL INTERFACE BOARD","10","https://ycr.dearportal.com/Product/122a498e-0382-4232-974f-c8be0a6da938","S4-ELLIX20SBIF","9","9 in stock"
"£69.70","True","https://prodcdn-fch9gyh8ejf9hget.z01.azurefd.net/Product/GetImage?size=400&id=ab956738-81e7-4a13-9ac9-05ac79702a7a","True","False","SAM4S ELLIX 40II STM-B40 PRINTER ASSY","69.7","https://ycr.dearportal.com/Product/9c180465-22c6-4b11-b607-c575eff6c5df","PR-0000198","13","13 in stock"
"£44.40","True","https://prodcdn-fch9gyh8ejf9hget.z01.azurefd.net/Product/GetImage?size=400&id=870e46a2-2c3c-4b0d-a8be-9f9b0a780e3f","True","False","SAM4S ELLIX 40II THERMAL HEAD","44.4","https://ycr.dearportal.com/Product/ff8101e4-5437-411a-9bda-878b46d6e83a","PR-0000194","7","7 in stock"
"£139.00","True","https://prodcdn-fch9gyh8ejf9hget.z01.azurefd.net/Product/GetImage?size=400&id=e83b9a72-898d-4f92-b2d5-bee0fd8f389a","True","False","SAM4S ELLIX 40SB THERMAL PRINTER BLACK","139","https://ycr.dearportal.com/Product/a0f50b7a-0dba-4248-bd07-ba8d0ec8f6ed","S4-ELLIX40SB","39","39 in stock"
"£123.00","True","https://prodcdn-fch9gyh8ejf9hget.z01.azurefd.net/Product/GetImage?size=400&id=a06cd8a5-79d5-4a77-a4ed-12a4f440da97","True","False","SAM4S ELLIX 40SW THERMAL PRINTER WHITE","123","https://ycr.dearportal.com/Product/566edf70-fa7c-4034-ba6d-930a16bf004e","S4-ELLIX40SW","13","13 in stock"
"£4.50","True","https://prodcdn-fch9gyh8ejf9hget.z01.azurefd.net/Product/GetImage?size=400&id=82c684ed-4c13-44e1-854b-f7c2d509226b","True","False","SAM4S ER180U 3V BATTERY","4.5","https://ycr.dearportal.com/Product/35983f96-cfdf-4008-8d10-ca21c8bccc4c","BT-0000014","7","7 in stock"
"£9.60","True","https://prodcdn-fch9gyh8ejf9hget.z01.azurefd.net/Product/GetImage?size=400&id=0210a8f4-81bd-4afd-8d6a-0fd8b470fc9a","True","False","SAM4S ER180U 5DPT UPGRADE KIT","9.6","https://ycr.dearportal.com/Product/7d1a15d7-f602-4091-a2ec-6195f51df23c","KY-0000071","35","35 in stock"
"£5.40","True","https://prodcdn-fch9gyh8ejf9hget.z01.azurefd.net/Product/GetImage?size=400&id=9b7a163f-b039-4d09-a974-a929b711ef3f","True","False","SAM4S ER180U DISPLAY FFC","5.4","https://ycr.dearportal.com/Product/c3cbbec0-ccc1-4cfd-aaa8-2d19f6823eaf","CT-0000080","9","9 in stock"
"£30.40","True","https://prodcdn-fch9gyh8ejf9hget.z01.azurefd.net/Product/GetImage?size=400&id=db0b0049-eece-4732-a6d6-21cfe77d8f27","True","False","SAM4S ER180U DRAWER MECHANISM","30.4","https://ycr.dearportal.com/Product/787e3cc0-3996-43ab-bf11-7cfbe893a4f4","DW-0000031","6","6 in stock"
"£22.90","True","https://prodcdn-fch9gyh8ejf9hget.z01.azurefd.net/Product/GetImage?size=400&id=44f7abf2-6522-4441-8ed5-c855b06f5532","True","False","SAM4S ER180U KEYBOARD MEMBRANE","22.9","https://ycr.dearportal.com/Product/47303738-18e1-4cb5-99d8-e5235ea59566","KY-0000064","3","3 in stock"
"£63.40","True","https://prodcdn-fch9gyh8ejf9hget.z01.azurefd.net/Product/GetImage?size=400&id=ec342479-35d1-4364-80a5-ee6841a4a073","True","False","SAM4S ER180U MAIN PCB BOARD","63.4","https://ycr.dearportal.com/Product/e5a794cd-fbe8-4e88-ab17-bfaf93ad9f70","PC-0000098","12","12 in stock"
"£5.10","True","https://prodcdn-fch9gyh8ejf9hget.z01.azurefd.net/Product/GetImage?size=400&id=91380cc9-b377-4096-ae73-f564a0329bc7","True","False","SAM4S ER180U PLATEN HOLDER CLAM","5.1","https://ycr.dearportal.com/Product/c64baa8b-18ca-43dd-8c7a-ac02294079f0","PR-0000219","7","7 in stock"
"£25.40","True","https://prodcdn-fch9gyh8ejf9hget.z01.azurefd.net/Product/GetImage?size=400&id=4729ad52-3c63-43bb-8bee-57ad0a530d30","True","False","SAM4S ER180U POWER SUPPLY","25.4","https://ycr.dearportal.com/Product/8869ad60-a4ea-41d6-a0d9-a1dc5e517faf","PS-0000011","27","27 in stock"
"£9.60","True","https://prodcdn-fch9gyh8ejf9hget.z01.azurefd.net/Product/GetImage?size=400&id=5d67a985-479b-45ce-aa9a-ffa65a15f29a","True","False","SAM4S ER180U PRINTER COVER","9.6","https://ycr.dearportal.com/Product/0c5b376a-ea9e-45ca-9118-801aedd0702b","CV-0000056","5","5 in stock"
"£18.00","True","https://prodcdn-fch9gyh8ejf9hget.z01.azurefd.net/Product/GetImage?size=400&id=3b9cc012-351f-4a5c-9efe-f16b1ed83d1f","True","False","SAM4S ER180U TAKE UP MOTOR","18","https://ycr.dearportal.com/Product/b3590be3-a24c-4e4c-82a0-4c2f9e067215","PR-0000220","19","19 in stock"
"£7.70","True","https://prodcdn-fch9gyh8ejf9hget.z01.azurefd.net/Product/GetImage?size=400&id=ce018eec-1512-4422-92ed-40260cf58130","True","False","SAM4S ER180U TAKE UP SPOOL","7.7","https://ycr.dearportal.com/Product/7471abcb-af10-4104-910e-35d2ab06c2ad","PR-0000116","21","21 in stock"
"£15.00","True","https://prodcdn-fch9gyh8ejf9hget.z01.azurefd.net/Product/GetImage?size=400&id=2ca549b8-9f11-4620-a674-3cf6cafb76b4","True","False","SAM4S ER180U WET COVER","15","https://ycr.dearportal.com/Product/9f29b092-0012-40c4-8bd8-743cd27333a4","WE-0000051","5","5 in stock"
"£139.00","True","https://prodcdn-fch9gyh8ejf9hget.z01.azurefd.net/Product/GetImage?size=400&id=b8a10153-c078-47d9-b982-91847d9b99a2","True","False","SAM4S ER180UL CASH REGISTER","139","https://ycr.dearportal.com/Product/c4e16dd9-1884-42b8-b1d2-bcc209ca08ba","S4-ER180UL","127","127 in stock"
"£95.00","True","https://prodcdn-fch9gyh8ejf9hget.z01.azurefd.net/Product/GetImage?size=400&id=02789c60-1d53-4cd6-aa08-0d9742471016","True","False","SAM4S ER180UL CASH REGISTER GRADED","95","https://ycr.dearportal.com/Product/011629a4-3885-4b15-9a79-ed9ec65ca400","S4-ER180UL-X","18","18 in stock"
"£116.00","True","https://prodcdn-fch9gyh8ejf9hget.z01.azurefd.net/Product/GetImage?size=400&id=843037d8-2533-4a4a-9d6f-85988a7e40b4","True","False","SAM4S ER180US CASH REGISTER","116","https://ycr.dearportal.com/Product/3cfe57c4-a4ac-45a6-b0ef-d86739fc5671","S4-ER180US","120","120 in stock"
"£80.00","True","https://prodcdn-fch9gyh8ejf9hget.z01.azurefd.net/Product/GetImage?size=400&id=2076a797-890a-4074-b545-60fdb4c49514","False","False","SAM4S ER180US CASH REGISTER GRADED","80","https://ycr.dearportal.com/Product/92d811b6-41b8-40b1-b119-cd7fe81b6293","S4-ER180US-X",,"Out of stock"
"£44.40","True","https://prodcdn-fch9gyh8ejf9hget.z01.azurefd.net/Product/GetImage?size=400&id=de855628-5f62-4312-81d6-83903e0c741d","True","False","SAM4S ER230 KEYBOARD","44.4","https://ycr.dearportal.com/Product/221889c7-a297-4400-8b77-4f2cee7b1109","KY-0000074","4","4 in stock"
"£53.30","True","https://prodcdn-fch9gyh8ejf9hget.z01.azurefd.net/Product/GetImage?size=400&id=3ee3609b-7b9d-42f6-a365-b583b4f4c0cb","True","False","SAM4S ER230 LCD ASSY","53.3","https://ycr.dearportal.com/Product/208cb72e-d317-4ae4-baa2-278317b7f4e4","DS-0000060","10","10 in stock"
"£44.40","True","https://prodcdn-fch9gyh8ejf9hget.z01.azurefd.net/Product/GetImage?size=400&id=b9220196-9b3f-457e-9661-8867efa0461c","True","False","SAM4S ER230 LTPD245H THERMAL PRINTER","44.4","https://ycr.dearportal.com/Product/e3651bad-8090-4ca5-bf65-b95a159ff4ca","PR-0000183","2","2 in stock"
"£9.60","True","https://prodcdn-fch9gyh8ejf9hget.z01.azurefd.net/Product/GetImage?size=400&id=8c3746e4-e02b-4272-a03a-16ace2e7cf64","True","False","SAM4S ER230 PRINTER COVER","9.6","https://ycr.dearportal.com/Product/83d91c6b-0d77-44ab-abea-a4222c7e1022","CV-0000136","3","3 in stock"
"£15.20","True","https://prodcdn-fch9gyh8ejf9hget.z01.azurefd.net/Product/GetImage?size=400&id=a8796ff4-a7ab-485f-9c7f-b086475e9cfd","True","False","SAM4S ER230BEJ BATTERY","15.2","https://ycr.dearportal.com/Product/ad8a5fce-6a78-4935-9326-5b8fbfbe2fa1","BT-0000010","4","4 in stock"
"£125.00","True","https://prodcdn-fch9gyh8ejf9hget.z01.azurefd.net/Product/GetImage?size=400&id=35e54fb0-a89c-4325-b1dc-f72468ccdfd7","True","False","SAM4S ER230BEJ CASH REGISTER GRADED","125","https://ycr.dearportal.com/Product/04f049f9-ec84-4dad-9883-287ff79004cc","S4-ER230BEJ-X","1","1 in stock"
"£44.40","True","https://prodcdn-fch9gyh8ejf9hget.z01.azurefd.net/Product/GetImage?size=400&id=342a0104-0e52-4a3e-8a5b-89ee84ab209f","True","False","SAM4S ER230BEJ KEYBOARD","44.4","https://ycr.dearportal.com/Product/925e49b1-dd43-45f7-ad88-df448ba87ee2","KY-0000082","2","2 in stock"
"£5.40","True","https://prodcdn-fch9gyh8ejf9hget.z01.azurefd.net/Product/GetImage?size=400&id=64ecfbc2-e30f-4301-be37-aae63764cd92","True","False","SAM4S ER230BEJ LCD HARNESS","5.4","https://ycr.dearportal.com/Product/373b6e85-9bb2-42e8-a25b-138d66f1f1e1","CB-0000073","2","2 in stock"
"£63.40","True","https://prodcdn-fch9gyh8ejf9hget.z01.azurefd.net/Product/GetImage?size=400&id=0ca94f64-c783-40aa-b71c-0dc3da8a83cf","True","False","SAM4S ER230BEJ MAIN PCB BOARD","63.4","https://ycr.dearportal.com/Product/936870ee-1e21-4c91-baf5-36fa2ee85f10","PC-0000101","8","8 in stock"
"£25.40","True","https://prodcdn-fch9gyh8ejf9hget.z01.azurefd.net/Product/GetImage?size=400&id=fc353395-0b3e-4720-b75e-53e0f2fb7bc2","True","False","SAM4S ER230BEJ POWER SUPPLY","25.4","https://ycr.dearportal.com/Product/679d6706-d62b-4a75-8517-610af99f1e53","PS-0000024","5","5 in stock"
"£10.20","True","https://prodcdn-fch9gyh8ejf9hget.z01.azurefd.net/Product/GetImage?size=400&id=b4762c1e-ed35-45a6-b626-043b48ff40de","True","False","SAM4S ER230BEJ PRINTER SUB PCB","10.2","https://ycr.dearportal.com/Product/5cdf846a-c69e-4bb4-a1a6-b53b93d9d295","PC-0000116","7","7 in stock"
"£44.40","True","https://prodcdn-fch9gyh8ejf9hget.z01.azurefd.net/Product/GetImage?size=400&id=f79b32c9-879f-47a8-9ddc-787457c4d9df","True","False","SAM4S ER260 DUAL DISPLAY","44.4","https://ycr.dearportal.com/Product/9a793af4-cf20-4409-92d4-2cd5eafe53be","DS-0000087","3","3 in stock"
"£9.60","False","https://ycr.dearportal.com/Catalog/GetEmptyImage?size=400","True","False","SAM4S ER260 PRINTER COVER","9.6","https://ycr.dearportal.com/Product/24e0c400-830d-49b4-9236-ca68513d4be6","CV-0000058","8","8 in stock"
"£35.00","True","https://prodcdn-fch9gyh8ejf9hget.z01.azurefd.net/Product/GetImage?size=400&id=2a0635d4-a20b-46de-88ad-2a2272cd6f5e","True","False","SAM4S ER260 STM-200 THERMAL PRINTER","35","https://ycr.dearportal.com/Product/0a6240b6-c3a9-4bfa-9036-8432d1b4833b","PR-0000184","3","3 in stock"
"£203.00","True","https://prodcdn-fch9gyh8ejf9hget.z01.azurefd.net/Product/GetImage?size=400&id=d2944fbc-88bc-42ec-b029-e5f8289b54f5","True","False","SAM4S ER260BEJ CASH REGISTER","203","https://ycr.dearportal.com/Product/1620d9f5-0cb2-4d02-abd3-660e699a7a83","S4-ER260BEJ","73","73 in stock"
"£19.10","True","https://prodcdn-fch9gyh8ejf9hget.z01.azurefd.net/Product/GetImage?size=400&id=d03b94d8-f3c7-4d5f-a77d-941ceb50a358","True","False","SAM4S ER260BEJ INTERFACE PCB","19.1","https://ycr.dearportal.com/Product/0584e719-2a94-4255-9ecf-faef9b2ad5ad","PC-0000104","10","10 in stock"
"£44.40","True","https://prodcdn-fch9gyh8ejf9hget.z01.azurefd.net/Product/GetImage?size=400&id=5fcbe8cc-db4e-4cfd-93a1-b547235672bc","True","False","SAM4S ER260BEJ KEYBOARD","44.4","https://ycr.dearportal.com/Product/761c1f0a-60be-459e-aaca-33a3a2d4010d","KY-0000083","2","2 in stock"
"£29.40","True","https://prodcdn-fch9gyh8ejf9hget.z01.azurefd.net/Product/GetImage?size=400&id=d7096a32-6866-4ca8-b199-0be675c186a9","True","False","SAM4S ER260BEJ KEYBOARD MEMBRANE","29.4","https://ycr.dearportal.com/Product/88f24a31-b6e6-46c4-b144-a1c94453e994","KY-0000061","7","7 in stock"
"£63.40","True","https://prodcdn-fch9gyh8ejf9hget.z01.azurefd.net/Product/GetImage?size=400&id=d81ea39f-b491-4613-999e-2461b2053a89","True","False","SAM4S ER260BEJ MAIN PCB BOARD","63.4","https://ycr.dearportal.com/Product/23be68c8-1810-4d2b-a3ec-f24f32012597","PC-0000102","3","3 in stock"
"£15.00","True","https://prodcdn-fch9gyh8ejf9hget.z01.azurefd.net/Product/GetImage?size=400&id=220b3565-ed60-4df4-9c76-33c4ec3ce0bf","True","False","SAM4S ER260BEJ MAINS LEAD","15","https://ycr.dearportal.com/Product/3b2ee3f5-93e5-476b-a00a-21fc0b0d22a4","CB-0000002","2","2 in stock"
"£4.50","True","https://prodcdn-fch9gyh8ejf9hget.z01.azurefd.net/Product/GetImage?size=400&id=e3c127bd-9edd-46e4-aa04-75a1d6627395","True","False","SAM4S ER260BEJ POWER SWITCH HARNESS","4.5","https://ycr.dearportal.com/Product/a81548fc-96e3-4e6e-99c4-f20939d36b4d","PS-0000026","7","7 in stock"
"£5.40","True","https://prodcdn-fch9gyh8ejf9hget.z01.azurefd.net/Product/GetImage?size=400&id=4ccd8e60-2556-498d-b12e-f84422ea6b93","True","False","SAM4S ER260BEJ PRINTER FFC","5.4","https://ycr.dearportal.com/Product/85cc1a7f-b710-443e-98f4-a3f1210bfac6","CT-0000078","10","10 in stock"
"£10.20","True","https://prodcdn-fch9gyh8ejf9hget.z01.azurefd.net/Product/GetImage?size=400&id=895e7ac7-1336-4f9c-b36d-431987c69170","True","False","SAM4S ER260BEJ PRINTER SUB PCB","10.2","https://ycr.dearportal.com/Product/a96910f7-02ef-49e4-aaf3-d7753a07447d","PC-0000105","9","9 in stock"
"£0.70","True","https://prodcdn-fch9gyh8ejf9hget.z01.azurefd.net/Product/GetImage?size=400&id=b26a9e7d-09a8-4946-b9a7-9c80d4381c1b","True","False","SAM4S ER260BEJ SINGLE KEYTOP","0.7","https://ycr.dearportal.com/Product/e01aa22c-f369-413e-96ec-30493954967a","KY-0000096","8","8 in stock"
"£18.00","True","https://prodcdn-fch9gyh8ejf9hget.z01.azurefd.net/Product/GetImage?size=400&id=aa9bfa39-9ccc-410d-9c0f-e045c16cad3d","True","False","SAM4S ER260BEJ TAKE UP MOTOR","18","https://ycr.dearportal.com/Product/90667cc8-112d-4afe-b763-774d5edd04ad","PR-0000232","5","5 in stock"
"£5.40","True","https://prodcdn-fch9gyh8ejf9hget.z01.azurefd.net/Product/GetImage?size=400&id=be8a3451-fd4a-42c0-aca5-001d8e87f5f5","True","False","SAM4S ER260BEJ TAKE UP SPOOL","5.4","https://ycr.dearportal.com/Product/88ad556d-3b37-452d-9395-c87b3f378984","PR-0000164","5","5 in stock"
"£9.50","True","https://prodcdn-fch9gyh8ejf9hget.z01.azurefd.net/Product/GetImage?size=400&id=28d647b1-ef3a-400c-8c5f-f61ca0608a72","True","False","SAM4S ER260BEJ WET COVER","9.5","https://ycr.dearportal.com/Product/f9caf292-87c5-4d98-a822-94d42c010c6b","WE-0000046","2","2 in stock"
"£10.50","True","https://prodcdn-fch9gyh8ejf9hget.z01.azurefd.net/Product/GetImage?size=400&id=5d1fba0e-70bb-458e-8db2-8e477c773602","True","False","SAM4S ER380M WET COVER","10.5","https://ycr.dearportal.com/Product/68df322a-9d7a-42fa-8765-d568738d48c3","WE-0000005","4","4 in stock"
"£56.00","True","https://prodcdn-fch9gyh8ejf9hget.z01.azurefd.net/Product/GetImage?size=400&id=4c452036-bff8-4ded-b5ec-6794ef160b55","True","False","SAM4S ER390M KEYBOARD","56","https://ycr.dearportal.com/Product/af638d19-eff8-4a62-b074-5d7d0ba5996f","KY-0000060","1","1 in stock"
"£13.90","True","https://prodcdn-fch9gyh8ejf9hget.z01.azurefd.net/Product/GetImage?size=400&id=d9456fe4-2013-4936-9415-a5e514f527ae","True","False","SAM4S ER390M PRINTER COVER","13.9","https://ycr.dearportal.com/Product/2bfc56a1-89ad-42fb-9981-850781142510","CV-0000014","1","1 in stock"
"£19.10","True","https://prodcdn-fch9gyh8ejf9hget.z01.azurefd.net/Product/GetImage?size=400&id=3bb7cccb-0aa1-4a46-8306-648b9d54b009","True","False","SAM4S ER390M UPPER CASE","19.1","https://ycr.dearportal.com/Product/e1d294d2-b7e7-40ee-81f4-f416fb2af6da","CV-0000022","2","2 in stock"
"£22.90","True","https://prodcdn-fch9gyh8ejf9hget.z01.azurefd.net/Product/GetImage?size=400&id=bae3290e-2cf8-4c74-b591-daa62060d0ba","True","False","SAM4S ER5200 LOWER CASE","22.9","https://ycr.dearportal.com/Product/c48abdb6-f4dc-4823-9a76-dbd5e6984156","CV-0000016","3","3 in stock"
"£6.50","True","https://prodcdn-fch9gyh8ejf9hget.z01.azurefd.net/Product/GetImage?size=400&id=57cafeec-bc82-432f-aeac-a27530d2e160","True","False","SAM4S ER5200M NI-CAD BATTERY","6.5","https://ycr.dearportal.com/Product/ac968439-b04b-44e5-bcc7-b25ca8f19f60","BT-0000012","2","2 in stock"
"£1.40","True","https://prodcdn-fch9gyh8ejf9hget.z01.azurefd.net/Product/GetImage?size=400&id=d313fcf4-1d18-4d0e-bca9-380557f7a576","True","False","SAM4S ER5200M PMO GEAR SPOOL","1.4","https://ycr.dearportal.com/Product/8f6fbf77-8d6f-4700-89c4-3b896336b54d","PR-0000263","50","50 in stock"
"£16.60","True","https://prodcdn-fch9gyh8ejf9hget.z01.azurefd.net/Product/GetImage?size=400&id=339711f8-20eb-4ebd-8719-7c026167e924","True","False","SAM4S ER5200M PRINTER COVER","16.6","https://ycr.dearportal.com/Product/350343bb-a95e-43c2-9d86-fef7feabcef1","CV-0000026","7","7 in stock"
"£1.40","True","https://prodcdn-fch9gyh8ejf9hget.z01.azurefd.net/Product/GetImage?size=400&id=bf665d87-99f9-43ca-b1da-642339250740","True","False","SAM4S ER5200M RMO RUBBER SPOOL","1.4","https://ycr.dearportal.com/Product/3d9d9dbc-1a6d-4a26-91ea-cf945657d908","PR-0000216","267","267 in stock"
"£18.00","True","https://prodcdn-fch9gyh8ejf9hget.z01.azurefd.net/Product/GetImage?size=400&id=d5e13529-7a32-47b5-9762-d20fc67197a6","True","False","SAM4S ER5200M TAKE UP BLOCK","18","https://ycr.dearportal.com/Product/2eac274b-b61f-425d-954f-c3549f6420ea","PR-0000235","6","6 in stock"
"£18.00","True","https://prodcdn-fch9gyh8ejf9hget.z01.azurefd.net/Product/GetImage?size=400&id=7cc75321-f528-4316-a59c-a09eb011333c","True","False","SAM4S ER5200M TAKE UP MOTOR","18","https://ycr.dearportal.com/Product/a455f60d-2e63-4845-bfc4-f94af1f95ea2","PR-0000122","26","26 in stock"
"£19.10","True","https://prodcdn-fch9gyh8ejf9hget.z01.azurefd.net/Product/GetImage?size=400&id=f353d664-0c30-4d1b-ba33-649df8d53ff7","True","False","SAM4S ER5200M UPPER CASE","19.1","https://ycr.dearportal.com/Product/ac470a11-48a6-4eec-9db2-160250b0c7ad","CV-0000019","2","2 in stock"
"£15.00","True","https://prodcdn-fch9gyh8ejf9hget.z01.azurefd.net/Product/GetImage?size=400&id=6f66aed5-69f6-4610-bd14-3b24a84566f9","False","False","SAM4S ER5200M WET COVER","15","https://ycr.dearportal.com/Product/a75d8c8f-c9e5-4406-ab01-0d5a1b17f015","WE-0000038",,"Out of stock"
"£10.50","True","https://prodcdn-fch9gyh8ejf9hget.z01.azurefd.net/Product/GetImage?size=400&id=01acb45b-aaf6-4aec-b8a0-f17c35f2586e","True","False","SAM4S ER5215M WET COVER","10.5","https://ycr.dearportal.com/Product/91138e0a-78f8-49e8-97db-13bfff8c9edd","WE-0000006","7","7 in stock"
"£10.50","True","https://prodcdn-fch9gyh8ejf9hget.z01.azurefd.net/Product/GetImage?size=400&id=9a820ecf-3c3c-4422-8cae-720351194292","False","False","SAM4S ER5240M WET COVER","10.5","https://ycr.dearportal.com/Product/5cd46288-dff5-4aae-b4ab-63e77ad50d4c","WE-0000007",,"Out of stock"
"£9.50","True","https://prodcdn-fch9gyh8ejf9hget.z01.azurefd.net/Product/GetImage?size=400&id=01790058-db22-4116-8a8f-e9228f30bc59","False","False","SAM4S ER650 WET COVER","9.5","https://ycr.dearportal.com/Product/2e191d75-ffdd-4401-ab1c-25b2d3944c52","WE-0000030",,"Out of stock"
"£57.10","True","https://prodcdn-fch9gyh8ejf9hget.z01.azurefd.net/Product/GetImage?size=400&id=7e2c8acc-0077-41d1-9698-3adec3e16fad","True","False","SAM4S ER900 FRONT DISPLAY ASSY","57.1","https://ycr.dearportal.com/Product/b04f6a85-593a-4a42-81ed-2950766bce34","DS-0000064","30","30 in stock"
"£44.40","True","https://prodcdn-fch9gyh8ejf9hget.z01.azurefd.net/Product/GetImage?size=400&id=6bcb3b18-2740-425e-9440-e204ff14938b","True","False","SAM4S ER900 INTERFACE PCB BOARD","44.4","https://ycr.dearportal.com/Product/b162ef5d-5ec0-4bb7-81ca-b947d3d45dec","PC-0000062","28","28 in stock"
"£19.10","True","https://prodcdn-fch9gyh8ejf9hget.z01.azurefd.net/Product/GetImage?size=400&id=4c0c3190-6f08-482b-aad2-c74117e72862","True","False","SAM4S ER900 LOWER CASE","19.1","https://ycr.dearportal.com/Product/f0d1158d-3e81-4819-a8e0-b6247b96d69d","CV-0000024","5","5 in stock"
"£32.00","True","https://prodcdn-fch9gyh8ejf9hget.z01.azurefd.net/Product/GetImage?size=400&id=f03f78ed-b56b-4d7f-8d41-d1a495ef36d9","True","False","SAM4S ER900 MAINS TRANSFORMER","32","https://ycr.dearportal.com/Product/26bf663e-ad38-48d9-b421-ed94db38a7dd","TR-0000103","3","3 in stock"
"£10.20","True","https://prodcdn-fch9gyh8ejf9hget.z01.azurefd.net/Product/GetImage?size=400&id=2f8916fe-7915-47c6-a24f-093f68dd2e83","True","False","SAM4S ER900 MODE LOCK","10.2","https://ycr.dearportal.com/Product/11cfc5e1-854e-4e42-b057-a8209391f7e1","LK-0000046","2","2 in stock"
"£12.10","True","https://prodcdn-fch9gyh8ejf9hget.z01.azurefd.net/Product/GetImage?size=400&id=e0e4d5d0-9688-45f6-8430-30821cba6060","True","False","SAM4S ER900 PLATEN ROLLER","12.1","https://ycr.dearportal.com/Product/b2f00854-8bd5-4714-a5a7-cd7351c9212b","PR-0000187","16","16 in stock"
"£19.10","True","https://prodcdn-fch9gyh8ejf9hget.z01.azurefd.net/Product/GetImage?size=400&id=de3b9648-746a-4e4f-996b-392408d559b6","True","False","SAM4S ER900 PLATEN ROLLER HOLDER","19.1","https://ycr.dearportal.com/Product/1baa30d5-ce91-434c-98bf-b86c3b7ebb4d","PR-0000256","8","8 in stock"
"£1.40","True","https://prodcdn-fch9gyh8ejf9hget.z01.azurefd.net/Product/GetImage?size=400&id=656e68c8-b8de-4f40-846b-cc22f9a27ba7","True","False","SAM4S ER900 PMO LOCK SPOOL H","1.4","https://ycr.dearportal.com/Product/c77bd493-0793-4e91-8562-682c48d19367","CV-0000038","50","50 in stock"
"£10.20","True","https://prodcdn-fch9gyh8ejf9hget.z01.azurefd.net/Product/GetImage?size=400&id=4fa62ef9-a474-49ae-9378-ec8d72c18bd0","True","False","SAM4S ER900 PRINTER SUB PCB","10.2","https://ycr.dearportal.com/Product/a3eda152-fda2-41d7-89ad-7073684bf23d","PC-0000091","27","27 in stock"
"£31.80","True","https://prodcdn-fch9gyh8ejf9hget.z01.azurefd.net/Product/GetImage?size=400&id=ff49a967-5810-45d3-acf6-55245fc3ed80","True","False","SAM4S ER900 REAR DISPLAY","31.8","https://ycr.dearportal.com/Product/a97f6b36-a560-4d28-9b95-2d529a30e330","DS-0000067","7","7 in stock"
"£5.40","False","https://ycr.dearportal.com/Catalog/GetEmptyImage?size=400","False","False","SAM4S ER900 REAR DISPLAY FILTER","5.4","https://ycr.dearportal.com/Product/d3a38ad9-edf8-449e-98c5-432cfea4683b","DS-0000068",,""
"£5.40","False","https://ycr.dearportal.com/Catalog/GetEmptyImage?size=400","False","False","SAM4S ER900 REAR DISPLAY TURRET","5.4","https://ycr.dearportal.com/Product/aa121f29-8f10-4c7a-a1cd-23f5fe1099cc","DS-0000069",,"Out of stock"
"£45.00","True","https://prodcdn-fch9gyh8ejf9hget.z01.azurefd.net/Product/GetImage?size=400&id=295afd09-4b0f-419a-a3a6-a49b60120dd5","True","False","SAM4S ER900 SERIES FRONT DISPLAY PCB","45","https://ycr.dearportal.com/Product/b221620d-48db-4b7c-b859-517aa08f9ad1","PC-0000149","7","7 in stock"
"£53.30","True","https://prodcdn-fch9gyh8ejf9hget.z01.azurefd.net/Product/GetImage?size=400&id=5b25c527-f00c-42e1-95fd-7d8bc5f7574b","True","False","SAM4S ER900 SERIES LTPD245F THERMAL PRINTER","53.3","https://ycr.dearportal.com/Product/c5daae50-bdcc-4cf7-a2f1-9dd5a3fefba0","PR-0000186","64","64 in stock"
"£2.60","True","https://prodcdn-fch9gyh8ejf9hget.z01.azurefd.net/Product/GetImage?size=400&id=0eb9bdad-77c2-4cfc-bef5-6610dea9cb68","True","False","SAM4S ER900 SPOOL DISK ONLY","2.6","https://ycr.dearportal.com/Product/9ca0fe36-b44c-4a80-aed6-917892b90ca4","PR-0000266","14","14 in stock"
"£5.40","True","https://prodcdn-fch9gyh8ejf9hget.z01.azurefd.net/Product/GetImage?size=400&id=ddcfb95f-3c03-4595-bee7-b41fa92852a8","True","False","SAM4S ER900 TAKE UP SPOOL","5.4","https://ycr.dearportal.com/Product/e7aee470-5ed1-4998-acb0-a6647f269942","PR-0000185","17","17 in stock"
"£7.70","True","https://prodcdn-fch9gyh8ejf9hget.z01.azurefd.net/Product/GetImage?size=400&id=cf045996-c4e9-4592-8953-9e3911f939d5","True","False","SAM4S ER900 TO PC POS CABLE","7.7","https://ycr.dearportal.com/Product/5e8eaada-1233-4124-b37f-3c112fa5ae8f","CB-0000012","5","5 in stock"
"£19.10","True","https://prodcdn-fch9gyh8ejf9hget.z01.azurefd.net/Product/GetImage?size=400&id=141f00e6-d493-4f6a-8a34-1c124cd98ed8","True","False","SAM4S ER900 UPPER CASE","19.1","https://ycr.dearportal.com/Product/f9aec4a0-fdfb-4152-8831-a939ce2e95e9","CV-0000023","4","4 in stock"
"£330.00","True","https://prodcdn-fch9gyh8ejf9hget.z01.azurefd.net/Product/GetImage?size=400&id=ea697a78-e23e-4ddb-84be-d3d4414e7bd9","True","False","SAM4S ER920 CASH REGISTER","330","https://ycr.dearportal.com/Product/d73b062b-213a-43cb-87c4-e06577d0744c","S4-ER920","15","15 in stock"
"£200.00","True","https://prodcdn-fch9gyh8ejf9hget.z01.azurefd.net/Product/GetImage?size=400&id=427ddf5e-fc05-4e3b-88f5-3dd6c10bd818","False","False","SAM4S ER920 CASH REGISTER GRADED","200","https://ycr.dearportal.com/Product/e5c3a282-a406-427a-ac5d-f649f317b915","S4-ER920-X",,"Out of stock"
"£151.90","True","https://prodcdn-fch9gyh8ejf9hget.z01.azurefd.net/Product/GetImage?size=400&id=845fe869-8365-42fe-a2c5-7003a1f86957","True","False","SAM4S ER920 MAIN PCB BOARD","151.9","https://ycr.dearportal.com/Product/bee9b582-4009-45fa-9ee4-d10a2bb4d236","PC-0000060","10","10 in stock"
"£12.10","True","https://prodcdn-fch9gyh8ejf9hget.z01.azurefd.net/Product/GetImage?size=400&id=9e7dc89e-28fd-44c7-b452-06aaa5847ae9","True","False","SAM4S ER920 PRINTER COVER","12.1","https://ycr.dearportal.com/Product/aae75204-9904-432a-8281-26d6dfbcad92","CV-0000134","5","5 in stock"
"£5.40","True","https://prodcdn-fch9gyh8ejf9hget.z01.azurefd.net/Product/GetImage?size=400&id=c48d466e-c375-439d-a3f8-17a9eae15318","True","False","SAM4S ER920/NR520/ER230 PRINTER FFC","5.4","https://ycr.dearportal.com/Product/c554ccc3-d0a9-4e54-a24a-14a20a363207","CT-0000074","16","16 in stock"
"£181.00","True","https://prodcdn-fch9gyh8ejf9hget.z01.azurefd.net/Product/GetImage?size=400&id=aff1c48f-0498-4eab-9b66-dc49d5cf8525","False","False","SAM4S ER925 CASH REGISTER GRADED","181","https://ycr.dearportal.com/Product/b219d0cc-4eb5-429d-b6ff-686abe5f3de8","S4-ER925-X",,"Out of stock"
"£330.00","True","https://prodcdn-fch9gyh8ejf9hget.z01.azurefd.net/Product/GetImage?size=400&id=59efb107-00b0-439e-8a75-5253471d6bb1","False","False","SAM4S ER925 CASH REGISTER","330","https://ycr.dearportal.com/Product/00426601-c5ea-471c-874d-df22945cdbce","S4-ER925",,"Out of stock"
"£357.00","True","https://prodcdn-fch9gyh8ejf9hget.z01.azurefd.net/Product/GetImage?size=400&id=9666d55f-af21-4a05-a53e-5782bd0311c8","True","False","SAM4S ER940 CASH REGISTER","357","https://ycr.dearportal.com/Product/936c07de-2483-45c9-96cd-6c7e386e66be","S4-ER940","72","72 in stock"
"£30.40","True","https://prodcdn-fch9gyh8ejf9hget.z01.azurefd.net/Product/GetImage?size=400&id=fb329c5d-96f3-40aa-a390-591f78e430d1","True","False","SAM4S ER940 DRAWER MECHANISM","30.4","https://ycr.dearportal.com/Product/5540f19e-6a0c-4440-a973-0b87d08495c2","DW-0000032","16","16 in stock"
"£13.90","True","https://prodcdn-fch9gyh8ejf9hget.z01.azurefd.net/Product/GetImage?size=400&id=84e4a7ee-357c-4c1d-bed1-ebf1fd1c418b","True","False","SAM4S ER940 DRAWER SOLENOID","13.9","https://ycr.dearportal.com/Product/f7b31fcf-8459-41df-b639-079cc78c2d52","DW-0000029","55","55 in stock"
"£6.90","True","https://prodcdn-fch9gyh8ejf9hget.z01.azurefd.net/Product/GetImage?size=400&id=a4497e10-d895-4933-a87c-462b1ad4d1f8","True","False","SAM4S ER940 FRONT LCD WINDOW VIEW","6.9","https://ycr.dearportal.com/Product/5156d85c-02a8-442a-910e-070d53e27c2a","DS-0000065","16","16 in stock"
"£54.00","True","https://prodcdn-fch9gyh8ejf9hget.z01.azurefd.net/Product/GetImage?size=400&id=41f011a1-8994-420a-9651-1698ab5d3018","True","False","SAM4S ER940 KEYBOARD","54","https://ycr.dearportal.com/Product/76885ff1-a8b0-4e11-8a2a-13531fa21255","KY-0000070","47","47 in stock"
"£35.00","True","https://prodcdn-fch9gyh8ejf9hget.z01.azurefd.net/Product/GetImage?size=400&id=452f3c2f-c408-45c9-adb6-af137c5fd51c","True","False","SAM4S ER940 KEYBOARD MEMBRANE","35","https://ycr.dearportal.com/Product/4bf8ea3f-d7ca-421e-b22b-7f54d3184ca5","KY-0000075","6","6 in stock"
"£8.40","True","https://prodcdn-fch9gyh8ejf9hget.z01.azurefd.net/Product/GetImage?size=400&id=89f70357-5955-4c03-889f-060441513db4","True","False","SAM4S ER940 MAIN PCB - INTERFACE HARNESS","8.4","https://ycr.dearportal.com/Product/5c6ac28c-c629-4d10-8f02-685ffe542753","CT-0000079","9","9 in stock"
"£170.90","True","https://prodcdn-fch9gyh8ejf9hget.z01.azurefd.net/Product/GetImage?size=400&id=54c95122-1992-4ee3-9f09-7de782f0ceb6","True","False","SAM4S ER940 MAIN PCB BOARD","170.9","https://ycr.dearportal.com/Product/375de00d-01b2-4656-92c1-2c79fbf6e40c","PC-0000061","16","16 in stock"
"£5.40","True","https://prodcdn-fch9gyh8ejf9hget.z01.azurefd.net/Product/GetImage?size=400&id=64568f90-e039-47a6-9156-bd41bc2ef55a","True","False","SAM4S ER940 MAIN PCB TO INTERFACE FFC","5.4","https://ycr.dearportal.com/Product/73d0f8ff-9902-403a-8b9c-df40ccac92b8","CT-0000073","16","16 in stock"
"£5.80","True","https://prodcdn-fch9gyh8ejf9hget.z01.azurefd.net/Product/GetImage?size=400&id=21586e06-b1df-44cc-b514-f507922a3746","True","False","SAM4S ER940 MAINS LEAD","5.8","https://ycr.dearportal.com/Product/11d0b57c-6a1c-4317-988f-a510194273b7","CB-0000093","4","4 in stock"
"£10.50","True","https://prodcdn-fch9gyh8ejf9hget.z01.azurefd.net/Product/GetImage?size=400&id=5b4b9560-577a-4428-919d-6e7fac2e5183","True","False","SAM4S ER940 ORIGINAL WET COVER","10.5","https://ycr.dearportal.com/Product/a9a90052-2fbb-40eb-81bb-c3616591021e","WE-0000064","109","109 in stock"
"£12.10","True","https://prodcdn-fch9gyh8ejf9hget.z01.azurefd.net/Product/GetImage?size=400&id=9b3eddff-c3f9-484c-ba38-ef598e09ed51","True","False","SAM4S ER940 PRINTER COVER","12.1","https://ycr.dearportal.com/Product/2246f7e3-7e7f-454f-8f1d-c16eefac4b62","CV-0000029","2","2 in stock"
"£5.40","True","https://prodcdn-fch9gyh8ejf9hget.z01.azurefd.net/Product/GetImage?size=400&id=e866abe3-1fca-45cf-8031-50eb731361c9","True","False","SAM4S ER940 PRINTER FFC","5.4","https://ycr.dearportal.com/Product/5d360c49-db1b-45c6-8334-1149952a22f1","CT-0000075","21","21 in stock"
"£5.40","True","https://prodcdn-fch9gyh8ejf9hget.z01.azurefd.net/Product/GetImage?size=400&id=92dd89db-49c4-48a7-be06-c6703139bf52","True","False","SAM4S ER940 REAR DISPLAY FFC","5.4","https://ycr.dearportal.com/Product/d15b7517-2ca2-4f6b-9318-2c516254e58f","CT-0000077","2","2 in stock"
"£12.50","True","https://prodcdn-fch9gyh8ejf9hget.z01.azurefd.net/Product/GetImage?size=400&id=df68dd76-c6e4-4094-b481-15129495c554","True","False","SAM4S ER940 WET COVER","12.5","https://ycr.dearportal.com/Product/08025065-2d13-46df-b86e-ec1a5b9143f8","WE-0000052","10","10 in stock"
"£19.10","True","https://prodcdn-fch9gyh8ejf9hget.z01.azurefd.net/Product/GetImage?size=400&id=b85150b5-1456-4dae-915b-b2ac7dd9b819","True","False","SAM4S ER945 21DPT UPGRADE KIT","19.1","https://ycr.dearportal.com/Product/add8e54a-9490-4662-8d95-1053abf28987","KY-0000069","31","31 in stock"
"£1.40","True","https://prodcdn-fch9gyh8ejf9hget.z01.azurefd.net/Product/GetImage?size=400&id=49d5ad84-8dbc-44c9-8b5c-dd05acd95fe0","True","False","SAM4S ER945 7X1 VERTICAL KEYBOARD BLANK","1.4","https://ycr.dearportal.com/Product/d8927b1c-f829-468d-a894-5b1c88bf5552","KY-0000084","49","49 in stock"
"£357.00","True","https://prodcdn-fch9gyh8ejf9hget.z01.azurefd.net/Product/GetImage?size=400&id=30fc51a2-1769-4781-aa1f-f1575add714e","False","False","SAM4S ER945 CASH REGISTER","357","https://ycr.dearportal.com/Product/16de6bb0-f0c1-4d86-b903-0ca00a846d33","S4-ER945",,""
"£41.40","True","https://prodcdn-fch9gyh8ejf9hget.z01.azurefd.net/Product/GetImage?size=400&id=75545cad-8f0c-4a01-8ddd-2a5a9c462321","True","False","SAM4S ER945 KEYBOARD MEMBRANE","41.4","https://ycr.dearportal.com/Product/1bc7dae8-2af1-4962-bccb-cff1d8f9c2f5","KY-0000094","2","2 in stock"
"£54.00","True","https://prodcdn-fch9gyh8ejf9hget.z01.azurefd.net/Product/GetImage?size=400&id=e798546f-68cd-4f5c-b4f2-58f747d7dba6","True","False","SAM4S ER945 KEYBOARD RAISED","54","https://ycr.dearportal.com/Product/1e107fb1-3118-4c10-8ebd-58750f50b243","KY-0000079","9","9 in stock"
"£10.50","True","https://prodcdn-fch9gyh8ejf9hget.z01.azurefd.net/Product/GetImage?size=400&id=c01ba622-9636-4081-8e51-35f4e6140c09","True","False","SAM4S ER945 WET COVER","10.5","https://ycr.dearportal.com/Product/b21f1d7f-978d-42c9-aa65-d2bea34eb6da","WE-0000058","5","5 in stock"
"£3.30","True","https://prodcdn-fch9gyh8ejf9hget.z01.azurefd.net/Product/GetImage?size=400&id=00bd8e92-df35-490c-bba6-5bbfc800fe47","True","False","SAM4S ER9XX PRINTER HOLDER","3.3","https://ycr.dearportal.com/Product/857f5054-1f32-4368-9a47-15fa80b61186","PR-0000204","7","7 in stock"
"£18.00","True","https://prodcdn-fch9gyh8ejf9hget.z01.azurefd.net/Product/GetImage?size=400&id=86369709-2b23-4ee9-a92f-0dbced64d882","True","False","SAM4S ER9XX TAKE UP MOTOR","18","https://ycr.dearportal.com/Product/469e46e6-798e-40fa-b881-fd8fa8519873","PR-0000193","73","73 in stock"
"£118.00","True","https://prodcdn-fch9gyh8ejf9hget.z01.azurefd.net/Product/GetImage?size=400&id=e56c8a68-526d-42fe-a394-9dcc3f8359c4","True","False","SAM4S FORZA 10.1"" DISPLAY BLACK","118","https://ycr.dearportal.com/Product/6bfb9e26-df96-405c-91f7-8def95a0545a","S4-FORZADISP10B","4","4 in stock"
"£158.30","True","https://prodcdn-fch9gyh8ejf9hget.z01.azurefd.net/Product/GetImage?size=400&id=3b562793-f79b-4464-a4ce-231f57363475","True","False","SAM4S FORZA 111 FRONT LED 10.1""","158.3","https://ycr.dearportal.com/Product/d1c582f1-d262-4cc1-8409-752e0da13138","DS-0000118","4","4 in stock"
"£38.10","True","https://prodcdn-fch9gyh8ejf9hget.z01.azurefd.net/Product/GetImage?size=400&id=b6096afb-52cc-477d-a44e-f223f151fa59","True","False","SAM4S FORZA 111 LVDS BACKLIGHT HARNESS (IPEX)","38.1","https://ycr.dearportal.com/Product/af7f1b41-1f6a-4486-aeac-8a246a7818cd","CB-0000123","5","5 in stock"
"£107.70","True","https://prodcdn-fch9gyh8ejf9hget.z01.azurefd.net/Product/GetImage?size=400&id=07cc7308-e366-4dac-bda4-d49b71600e3b","True","False","SAM4S FORZA 111 PCT TOUCH PANEL 10.1""","107.7","https://ycr.dearportal.com/Product/c96e2359-4cef-4f65-8fa8-6c9fc5611fd6","DS-0000117","5","5 in stock"
"£4.50","False","https://ycr.dearportal.com/Catalog/GetEmptyImage?size=400","True","False","SAM4S FORZA 115 COVER HINGE (FRONT LED)","4.5","https://ycr.dearportal.com/Product/03636da0-ba11-42c0-91e0-04d2251a33b5","CV-0000110","10","10 in stock"
"£3.30","False","https://ycr.dearportal.com/Catalog/GetEmptyImage?size=400","True","False","SAM4S FORZA 115 COVER SWIVEL (10.1"")","3.3","https://ycr.dearportal.com/Product/2dc508e5-fc4f-4eb3-9250-e773206244c0","CV-0000150","10","10 in stock"
"£3.30","False","https://ycr.dearportal.com/Catalog/GetEmptyImage?size=400","True","False","SAM4S FORZA 115 COVER SWIVEL (REAR)","3.3","https://ycr.dearportal.com/Product/2294f045-2599-404b-98cd-0c997c26153c","CV-0000149","9","9 in stock"
"£19.10","False","https://ycr.dearportal.com/Catalog/GetEmptyImage?size=400","True","False","SAM4S FORZA 115 I/O COVER (SIDE PANEL)","19.1","https://ycr.dearportal.com/Product/e8331187-8299-4ccc-99f5-dc8e1c9deef9","CV-0000109","10","10 in stock"
"£38.10","True","https://prodcdn-fch9gyh8ejf9hget.z01.azurefd.net/Product/GetImage?size=400&id=0bf26fb1-3928-42e6-a69d-1d05afc21c38","True","False","SAM4S FORZA 115 LED HARNESS (EDP)","38.1","https://ycr.dearportal.com/Product/f3bbf5ba-2b04-4b1b-bbe8-fd2e8e523800","CB-0000122","4","4 in stock"
"£200.00","True","https://prodcdn-fch9gyh8ejf9hget.z01.azurefd.net/Product/GetImage?size=400&id=5996a989-0e18-42fe-968b-1be6d52dbf6a","True","False","SAM4S FORZA 115 MAIN PCB","200","https://ycr.dearportal.com/Product/ba00fae9-5e08-462f-9678-1a981667b854","PC-0000129","12","12 in stock"
"£19.10","True","https://prodcdn-fch9gyh8ejf9hget.z01.azurefd.net/Product/GetImage?size=400&id=47d77421-127c-40d9-a23c-7210c107c419","True","False","SAM4S FORZA 115 PCT & MSR HARNESS","19.1","https://ycr.dearportal.com/Product/825d580e-d481-4cb1-acbc-332af5bac191","CB-0000082","5","5 in stock"
"£9.60","True","https://prodcdn-fch9gyh8ejf9hget.z01.azurefd.net/Product/GetImage?size=400&id=e79b903d-7dd7-4c40-a21d-27b35a49513e","True","False","SAM4S FORZA 115 PCT REAR LCD HARNESS","9.6","https://ycr.dearportal.com/Product/f4a73e38-044c-4ed0-bfdc-77b60e9af2fe","CB-0000083","5","5 in stock"
"£6.50","True","https://prodcdn-fch9gyh8ejf9hget.z01.azurefd.net/Product/GetImage?size=400&id=16ef4fcb-90b0-42af-a02e-716b6f8b3a42","True","False","SAM4S FORZA 115 REAR LCD OSD PCB HARNESS","6.5","https://ycr.dearportal.com/Product/35ae8079-9398-4388-a2e2-1c385ca6d202","CB-0000081","5","5 in stock"
"£9.60","False","https://ycr.dearportal.com/Catalog/GetEmptyImage?size=400","True","False","SAM4S FORZA 115 STAND TOP COVER BASIC","9.6","https://ycr.dearportal.com/Product/3ab645c1-2ad1-4200-acc4-f2050432fdc6","CV-0000111","20","20 in stock"
"£9.60","False","https://ycr.dearportal.com/Catalog/GetEmptyImage?size=400","True","False","SAM4S FORZA 115 STAND TOP COVER DUAL","9.6","https://ycr.dearportal.com/Product/ab491658-e653-4a66-b6eb-768c3eb2a631","CV-0000112","5","5 in stock"
"£253.20","True","https://prodcdn-fch9gyh8ejf9hget.z01.azurefd.net/Product/GetImage?size=400&id=a99e587a-768d-444b-9767-d06108fc9079","True","False","SAM4S FORZA 116 FRONT LED 15.6""","253.2","https://ycr.dearportal.com/Product/fbf40b42-2a73-4237-b4f5-91a175dc67fe","DS-0000115","6","6 in stock"
"£139.30","True","https://prodcdn-fch9gyh8ejf9hget.z01.azurefd.net/Product/GetImage?size=400&id=e22ad2e5-aed7-4c44-a9ae-8cb06cee4e8c","True","False","SAM4S FORZA 116 PCT TOUCH PANEL 15.6""","139.3","https://ycr.dearportal.com/Product/4d5b45bf-4250-4c16-b998-82269ac6543b","DS-0000116","10","10 in stock"
"£44.40","True","https://prodcdn-fch9gyh8ejf9hget.z01.azurefd.net/Product/GetImage?size=400&id=83b1f40c-b5e8-4189-ae36-e2346bebbd26","True","False","SAM4S FORZA 118 BACKLIGHT CONTROLLER PCB","44.4","https://ycr.dearportal.com/Product/4feb6261-26e7-4c4e-b3d4-a76d0b289ec7","PC-0000150","3","3 in stock"
"£253.20","True","https://prodcdn-fch9gyh8ejf9hget.z01.azurefd.net/Product/GetImage?size=400&id=a69add28-7e06-4653-badd-ca444d2fa601","False","False","SAM4S FORZA 118 FRONT LED 18.1""","253.2","https://ycr.dearportal.com/Product/072f8cbe-b91b-4298-aea8-5322580105f1","DS-0000119",,""
"£12.80","True","https://prodcdn-fch9gyh8ejf9hget.z01.azurefd.net/Product/GetImage?size=400&id=930feeec-ada1-4705-bff6-cf0aa0843cd4","True","False","SAM4S FORZA 118 LED DRIVER HARNESS","12.8","https://ycr.dearportal.com/Product/f720c9cb-56d7-4b8d-a417-b86e7d3693bb","CB-0000125","3","3 in stock"
"£38.10","True","https://prodcdn-fch9gyh8ejf9hget.z01.azurefd.net/Product/GetImage?size=400&id=042dcec1-2eef-4f39-a0c0-7a509757f2e7","True","False","SAM4S FORZA 118 LVDS BACKLIGHT HARNESS","38.1","https://ycr.dearportal.com/Product/1f3a753f-abfc-451b-8d6c-5b07406bdb43","CB-0000124","2","2 in stock"
"£139.30","True","https://prodcdn-fch9gyh8ejf9hget.z01.azurefd.net/Product/GetImage?size=400&id=f4962c0b-b2a5-4ec2-b30b-5f12a30ab827","True","False","SAM4S FORZA 118 PCT TOUCH PANEL 18.1""","139.3","https://ycr.dearportal.com/Product/e81a3f09-f960-4ed3-92ef-f5763b7704b4","DS-0000120","4","4 in stock"
"£59.00","True","https://prodcdn-fch9gyh8ejf9hget.z01.azurefd.net/Product/GetImage?size=400&id=6f723827-77a7-4f7b-9724-a1485d13eacd","True","False","SAM4S FORZA 2 LINE DISPLAY BLACK","59","https://ycr.dearportal.com/Product/217605cd-3578-4a17-9faf-91dd1e641e60","S4-FORZADISP2LB","3","3 in stock"
"£253.20","True","https://prodcdn-fch9gyh8ejf9hget.z01.azurefd.net/Product/GetImage?size=400&id=26cba6e5-e5c2-4f5b-8c21-6402634f3b67","True","False","SAM4S FORZA 225 FRONT LED","253.2","https://ycr.dearportal.com/Product/a41ecb12-eb2c-43a1-9366-35824dde6059","DS-0000100","3","3 in stock"
"£3.30","True","https://prodcdn-fch9gyh8ejf9hget.z01.azurefd.net/Product/GetImage?size=400&id=4def2f02-9e55-4568-83f7-35c33d990dd8","True","False","SAM4S FORZA 225 I/O COVER DUMMY (SMALL CLIP)","3.3","https://ycr.dearportal.com/Product/b37bbf42-0e2a-4bc7-acd5-01d73cd972aa","CV-0000175","10","10 in stock"
"£75.00","True","https://prodcdn-fch9gyh8ejf9hget.z01.azurefd.net/Product/GetImage?size=400&id=54731e84-cd74-46f5-9f8d-787ec6847c38","True","False","SAM4S FORZA 225 I/O PCB","75","https://ycr.dearportal.com/Product/d632f903-bf1e-456b-8e62-e6a01472f054","PC-0000130","8","8 in stock"
"£253.20","True","https://prodcdn-fch9gyh8ejf9hget.z01.azurefd.net/Product/GetImage?size=400&id=9d844201-4b14-409f-8eec-e03dfe165b44","True","False","SAM4S FORZA 225 MAIN PCB","253.2","https://ycr.dearportal.com/Product/4cc90f1a-1dcb-4601-85c9-7065b855828b","PC-0000160","9","9 in stock"
"£4.50","True","https://prodcdn-fch9gyh8ejf9hget.z01.azurefd.net/Product/GetImage?size=400&id=47daf261-38b0-43d2-abd2-7228dedfc50b","True","False","SAM4S FORZA 225 MSR COVER","4.5","https://ycr.dearportal.com/Product/62c55aca-eb86-490f-b180-96cd6eb41029","CV-0000113","7","7 in stock"
"£12.80","True","https://prodcdn-fch9gyh8ejf9hget.z01.azurefd.net/Product/GetImage?size=400&id=3a4f7ed6-c2ca-4a55-8bda-0ef2071cc9ac","True","False","SAM4S FORZA 225 PCIE PCB (RISER CARD)","12.8","https://ycr.dearportal.com/Product/8e101636-4dd8-4d5f-b3c5-af2c434c0414","PC-0000134","4","4 in stock"
"£44.40","True","https://prodcdn-fch9gyh8ejf9hget.z01.azurefd.net/Product/GetImage?size=400&id=767329ae-b600-4cbd-a343-945d26c8a19e","True","False","SAM4S FORZA 225 PCT CONTROLLER PCB","44.4","https://ycr.dearportal.com/Product/37d4f491-8cff-47e5-9636-41c5cd3abc44","PC-0000133","13","13 in stock"
"£139.30","True","https://prodcdn-fch9gyh8ejf9hget.z01.azurefd.net/Product/GetImage?size=400&id=a70a5c37-ad60-42a1-b44d-6cd9c054f97d","True","False","SAM4S FORZA 225 PCT TOUCH PANEL 15""","139.3","https://ycr.dearportal.com/Product/d6764dab-15c2-4cc4-8204-ad108ae0c2c8","DS-0000101","12","12 in stock"
"£3.30","True","https://prodcdn-fch9gyh8ejf9hget.z01.azurefd.net/Product/GetImage?size=400&id=5d0c19ac-0757-40bb-8438-ef2ed6ae8fb0","True","False","SAM4S FORZA 225 POWER BUTTON","3.3","https://ycr.dearportal.com/Product/6b188c0c-2b94-46f3-9b4a-c8029d68160e","CV-0000108","10","10 in stock"
"£19.10","True","https://prodcdn-fch9gyh8ejf9hget.z01.azurefd.net/Product/GetImage?size=400&id=c88f6620-403a-4ad7-81e2-6fd38e577ced","True","False","SAM4S FORZA 225 REAR LCD OSD PCB BOARD","19.1","https://ycr.dearportal.com/Product/dcd80a23-c35d-4b83-8a6d-cc546f897e50","PC-0000131","5","5 in stock"
"£40.00","True","https://prodcdn-fch9gyh8ejf9hget.z01.azurefd.net/Product/GetImage?size=400&id=e7645a56-b896-4384-abef-453e17f7e499","True","False","SAM4S FORZA/SAPPHIRE MCR BLACK","40","https://ycr.dearportal.com/Product/dbe8267d-21b5-4f13-a584-11aaf10bab43","S4-FORZAMCRB","62","62 in stock"
"£335.00","True","https://prodcdn-fch9gyh8ejf9hget.z01.azurefd.net/Product/GetImage?size=400&id=705900b7-8ac8-4755-b41b-b50b85cd0619","True","False","SAM4S FORZA111 10.1"" BLK & GLD SSD NO OPERATING SYSTEM","335","https://ycr.dearportal.com/Product/332d3ebc-81ee-4107-802c-faa9e606d461","S4-FORZA111SNNG","8","8 in stock"
"£455.00","True","https://prodcdn-fch9gyh8ejf9hget.z01.azurefd.net/Product/GetImage?size=400&id=ebffb392-17cb-43f3-a810-ddbfe16a4a74","True","False","SAM4S FORZA116 15.6"" BLK & GLD SSD NO OPERATING SYSTEM","455","https://ycr.dearportal.com/Product/72bd86c4-cce3-439a-8241-f30e16fbe2e8","S4-FORZA116SNNG","12","12 in stock"
"£445.00","True","https://prodcdn-fch9gyh8ejf9hget.z01.azurefd.net/Product/GetImage?size=400&id=a0a72baf-4aec-4ad8-9787-8390173be23b","True","False","SAM4S FORZA225S POS TERMINAL 15"" DISPLAY BLACK & GOLD J6412 NO O/S","445","https://ycr.dearportal.com/Product/cff1e11f-0ef4-44be-afc9-22910728cbb4","S4-FORZA225SNNG","6","6 in stock"
"£57.10","True","https://prodcdn-fch9gyh8ejf9hget.z01.azurefd.net/Product/GetImage?size=400&id=078651da-c80f-488e-856d-7d08e5bfbca4","True","False","SAM4S GCUBE COMPLETE PRINTER ASSY","57.1","https://ycr.dearportal.com/Product/b7394e5e-31ee-412f-ac2c-b08e58f798ba","PR-0000296","11","11 in stock"
"£57.10","True","https://prodcdn-fch9gyh8ejf9hget.z01.azurefd.net/Product/GetImage?size=400&id=0fd0dd10-dd52-4af3-8ea6-3c3456cb768f","True","False","SAM4S GCUBE INTERFACE PCB","57.1","https://ycr.dearportal.com/Product/2395c849-b9cf-42ca-910a-8c633d3f07d5","PC-0000148","11","11 in stock"
"£57.10","True","https://prodcdn-fch9gyh8ejf9hget.z01.azurefd.net/Product/GetImage?size=400&id=e176f6f3-fa1e-40c9-836b-007b372e505a","True","False","SAM4S GCUBE MAIN PCB","57.1","https://ycr.dearportal.com/Product/0bf67f2a-0079-4aae-bfc5-5668bf3b984d","PC-0000147","11","11 in stock"
"£5.80","True","https://prodcdn-fch9gyh8ejf9hget.z01.azurefd.net/Product/GetImage?size=400&id=2f334a38-39c4-4e64-b742-5af34a7dccdb","True","False","SAM4S GCUBE PAPER NEAR END SENSOR","5.8","https://ycr.dearportal.com/Product/88d51419-389d-4a10-810f-57c4c81cb48e","PR-0000297","10","10 in stock"
"£25.40","True","https://prodcdn-fch9gyh8ejf9hget.z01.azurefd.net/Product/GetImage?size=400&id=8904e6e5-f8ae-4c3e-9583-d17521a418c6","True","False","SAM4S GCUBE PLATEN ROLLER ASSY","25.4","https://ycr.dearportal.com/Product/0ca26ad9-de88-4b9a-afd0-0929d0cf2093","PR-0000298","9","9 in stock"
"£5.40","True","https://prodcdn-fch9gyh8ejf9hget.z01.azurefd.net/Product/GetImage?size=400&id=16e848f4-b37b-4e20-80cd-c97a062d8f40","True","False","SAM4S GCUBE PRINTER FFC","5.4","https://ycr.dearportal.com/Product/67b4c257-d8ea-4ed4-a7a4-1ea252ea8668","CT-0000094","10","10 in stock"
"£57.10","True","https://prodcdn-fch9gyh8ejf9hget.z01.azurefd.net/Product/GetImage?size=400&id=178ad350-aa5b-46a1-9eba-50813aa79655","True","False","SAM4S GIANT 100 COMPLETE PRINTER ASSY","57.1","https://ycr.dearportal.com/Product/1cbd5a62-a424-4a87-82bf-c067d10ebce5","PR-0000206","74","74 in stock"
"£6.50","True","https://prodcdn-fch9gyh8ejf9hget.z01.azurefd.net/Product/GetImage?size=400&id=bffa135f-8982-40ed-ae9b-d396d69562db","False","False","SAM4S GIANT 100 FRONT COVER BLACK","6.5","https://ycr.dearportal.com/Product/e87da4da-9f70-45b0-a0dc-d102b1f0ac69","CV-0000087",,"Out of stock"
"£31.80","True","https://prodcdn-fch9gyh8ejf9hget.z01.azurefd.net/Product/GetImage?size=400&id=d6c25a59-be6e-4a9b-96b9-4077f6dc2790","True","False","SAM4S GIANT 100 INTERFACE PCB","31.8","https://ycr.dearportal.com/Product/546e6b9f-525c-47b8-804f-f80d4c9165d0","PC-0000103","18","18 in stock"
"£10.00","True","https://prodcdn-fch9gyh8ejf9hget.z01.azurefd.net/Product/GetImage?size=400&id=175468e2-3cba-4fda-a3a7-f24ae261291a","True","False","SAM4S GIANT 100 KITCHEN BELL","10","https://ycr.dearportal.com/Product/4f643d40-700f-44c6-ae58-d9c7290d675f","S4-GIANTKITCHBEL","39","39 in stock"
"£12.50","True","https://prodcdn-fch9gyh8ejf9hget.z01.azurefd.net/Product/GetImage?size=400&id=c8d481f3-3e96-4b12-b0b9-91318036daf6","True","False","SAM4S GIANT 100 LED & SWITCH PCB","12.5","https://ycr.dearportal.com/Product/cbfca883-9c5c-4120-8d2a-57bd8d59387a","PR-0000304","7","7 in stock"
"£57.10","True","https://prodcdn-fch9gyh8ejf9hget.z01.azurefd.net/Product/GetImage?size=400&id=08201bc4-95ca-45d6-adee-ad03d8321a69","True","False","SAM4S GIANT 100 MAIN PCB","57.1","https://ycr.dearportal.com/Product/daf53b43-1f3d-4ce2-9fe2-dd9a7bbdf707","PC-0000152","79","79 in stock"
"£5.80","True","https://prodcdn-fch9gyh8ejf9hget.z01.azurefd.net/Product/GetImage?size=400&id=b63f9d4b-0ea7-44f3-96db-74d37a2dc8b2","True","False","SAM4S GIANT 100 PAPER NEAR END SENSOR","5.8","https://ycr.dearportal.com/Product/04bc0d28-bd22-40d4-89e0-7f1e34bbf0df","PR-0000208","10","10 in stock"
"£9.60","True","https://prodcdn-fch9gyh8ejf9hget.z01.azurefd.net/Product/GetImage?size=400&id=b95d77c1-2b2c-4452-ab1f-992570ee1300","True","False","SAM4S GIANT 100 PLATEN ROLLER ASSY","9.6","https://ycr.dearportal.com/Product/a066414b-2384-4991-86d3-80271d65f0b7","PR-0000207","6","6 in stock"
"£31.80","True","https://prodcdn-fch9gyh8ejf9hget.z01.azurefd.net/Product/GetImage?size=400&id=f3b893e0-5110-4a99-aab7-b1fa5aef69ab","True","False","SAM4S GIANT 100 POWER SUPPLY","31.8","https://ycr.dearportal.com/Product/f5399964-4ab9-4bf9-af6b-75d3445e97f1","PS-0000006","60","60 in stock"
"£12.80","True","https://prodcdn-fch9gyh8ejf9hget.z01.azurefd.net/Product/GetImage?size=400&id=e448a350-0976-4422-8f96-eb086e581a76","True","False","SAM4S GIANT 100 PRINTER CABLE","12.8","https://ycr.dearportal.com/Product/a3cdf756-b2ae-49a9-ad54-b0fda2c94c68","CB-0000069","101","101 in stock"
"£5.80","True","https://prodcdn-fch9gyh8ejf9hget.z01.azurefd.net/Product/GetImage?size=400&id=a6ab4281-bee1-44cd-988c-053ba51e1a54","True","False","SAM4S GIANT 100 PRINTER COVER BLACK","5.8","https://ycr.dearportal.com/Product/a6515a4d-cb31-468c-9855-f720550521ae","CV-0000031","9","9 in stock"
"£10.00","True","https://prodcdn-fch9gyh8ejf9hget.z01.azurefd.net/Product/GetImage?size=400&id=c1382b8b-1cf0-4ad6-a937-a73344f37f06","True","False","SAM4S GIANT 100 SPLASH COVER","10","https://ycr.dearportal.com/Product/da418dcb-7a31-4b44-a120-58d4b7e9f2c6","S4-GIANTSPLASHCO","27","27 in stock"
"£82.40","True","https://prodcdn-fch9gyh8ejf9hget.z01.azurefd.net/Product/GetImage?size=400&id=1ff626b9-5288-408a-b58d-2da7ed2ea2da","True","False","SAM4S GIANT 100 WIFI MAIN PCB","82.4","https://ycr.dearportal.com/Product/271b57b1-68fa-471c-b5f7-93446f9cc0d5","PC-0000119","6","6 in stock"
"£73.00","True","https://prodcdn-fch9gyh8ejf9hget.z01.azurefd.net/Product/GetImage?size=400&id=a550f3cd-d881-4869-8b3c-421777e73c40","True","False","SAM4S GIANT-100 BLACK PRINTER GRADED","73","https://ycr.dearportal.com/Product/572180cb-7dd5-4a70-b853-63cb97c02ed1","S4-GIANT100DBD-X","1","1 in stock"
"£104.00","True","https://prodcdn-fch9gyh8ejf9hget.z01.azurefd.net/Product/GetImage?size=400&id=381a85eb-8c75-47e5-8a69-af8abff9c78c","True","False","SAM4S GIANT-100 WHITE PRINTER","104","https://ycr.dearportal.com/Product/87b7e501-0641-4540-9a1f-857f5bd99378","S4-GIANT100DWD","34","34 in stock"
"£99.00","True","https://prodcdn-fch9gyh8ejf9hget.z01.azurefd.net/Product/GetImage?size=400&id=9f9301a6-1617-4285-bd4b-b9eedf4120ed","True","False","SAM4S GIANT-100 WHITE PRINTER GRADED","99","https://ycr.dearportal.com/Product/fc665a72-e50b-4650-84f2-77d5c32fb435","S4-GIANT100DWD-X","2","2 in stock"
"£102.00","True","https://prodcdn-fch9gyh8ejf9hget.z01.azurefd.net/Product/GetImage?size=400&id=43da21b5-1b1c-4e79-92a4-8ff55cbc5be1","True","False","SAM4S GIANT-100DBD BLACK PRINTER","102","https://ycr.dearportal.com/Product/ad30e0cf-601c-4c52-90f4-a120e1d266ac","S4-GIANT100DBD","516","516 in stock"
"£73.00","True","https://prodcdn-fch9gyh8ejf9hget.z01.azurefd.net/Product/GetImage?size=400&id=79b0932c-902b-40d7-9f25-b806d035309a","True","False","SAM4S H-CUBE BLACK PRINTER","73","https://ycr.dearportal.com/Product/d8e36943-3d13-42f0-b1e5-f58a6cf8784a","S4-HCUBE","561","561 in stock"
"£12.80","True","https://prodcdn-fch9gyh8ejf9hget.z01.azurefd.net/Product/GetImage?size=400&id=b8c8bdaa-8056-48ca-8b35-53e3ffc77418","True","False","SAM4S H-CUBE PRINTER CABLE","12.8","https://ycr.dearportal.com/Product/58f7af79-95f8-4d5d-b03d-ccbfeb3183d0","CB-0000126","91","91 in stock"
"£60.80","True","https://prodcdn-fch9gyh8ejf9hget.z01.azurefd.net/Product/GetImage?size=400&id=be209b97-531a-4830-be7a-58dae810efce","True","False","SAM4S IN-LINE CABLE CAT-5 100M DRUM","60.8","https://ycr.dearportal.com/Product/d46797d0-3ed6-449d-b36b-38df3c087924","CB-0000010","1","1 in stock"
"£30.00","True","https://prodcdn-fch9gyh8ejf9hget.z01.azurefd.net/Product/GetImage?size=400&id=11e41cbc-b5e4-43d0-995e-8f5468a5f6fd","True","False","SAM4S KIOSK ASTRA 21.5 EFT BRACKET FRONT BLACK","30","https://ycr.dearportal.com/Product/ebdccc21-fa92-4f01-8472-a530f6ed2879","S4-KIOSKASTRAFRBRKT21B","17","17 in stock"
"£30.00","True","https://prodcdn-fch9gyh8ejf9hget.z01.azurefd.net/Product/GetImage?size=400&id=0b435745-5db9-49b1-a613-56e4aaae82da","True","False","SAM4S KIOSK ASTRA 21.5 EFT BRACKET FRONT WHITE","30","https://ycr.dearportal.com/Product/dc5619d7-6df6-4d84-bef3-c13f7a7f39a1","S4-KIOSKASTRAFRBRKT21W","21","21 in stock"
"£35.00","True","https://prodcdn-fch9gyh8ejf9hget.z01.azurefd.net/Product/GetImage?size=400&id=8da4f2b9-28bf-415e-b3ca-4f553733963d","True","False","SAM4S KIOSK ASTRA 21.5 EFT BRACKET SIDE BLACK","35","https://ycr.dearportal.com/Product/779c13b5-b38a-4941-beec-90ff179ed1ac","S4-KIOSKASTRASIDEBRKT21B","19","19 in stock"
"£35.00","True","https://prodcdn-fch9gyh8ejf9hget.z01.azurefd.net/Product/GetImage?size=400&id=700205de-341c-46c9-8652-e5eae2bd8248","True","False","SAM4S KIOSK ASTRA 21.5 EFT BRACKET SIDE WHITE","35","https://ycr.dearportal.com/Product/ca9d4b94-4c28-4209-8e5f-a85a1998d191","S4-KIOSKASTRASIDEBRKT21W","248","248 in stock"
"£799.00","True","https://prodcdn-fch9gyh8ejf9hget.z01.azurefd.net/Product/GetImage?size=400&id=73d9653e-3873-499b-aef1-975f9236b49a","True","False","SAM4S KIOSK ASTRA 263 BLACK 21.5 64G WIN10","799","https://ycr.dearportal.com/Product/c47a879a-759c-4fd2-8092-e083d710298d","S4-KIOSKASTRA263CNBB","24","24 in stock"
"£249.00","True","https://prodcdn-fch9gyh8ejf9hget.z01.azurefd.net/Product/GetImage?size=400&id=03fa91fd-5fd5-4d5a-a774-0722ee9855d7","True","False","SAM4S KIOSK ASTRA 263 STAND BLACK","249","https://ycr.dearportal.com/Product/79c26e1c-b21b-46f9-80d0-428eb59b00a7","S4-KIOSKASTRASTANDB","30","30 in stock"
"£249.00","True","https://prodcdn-fch9gyh8ejf9hget.z01.azurefd.net/Product/GetImage?size=400&id=fe5eee4c-fdca-4c63-8d03-5a499fe4db70","True","False","SAM4S KIOSK ASTRA 263 STAND WHITE","249","https://ycr.dearportal.com/Product/4eb460ad-6c64-463d-94f9-3a6fc1c87aed","S4-KIOSKASTRASTANDW","181","181 in stock"
"£760.00","True","https://prodcdn-fch9gyh8ejf9hget.z01.azurefd.net/Product/GetImage?size=400&id=a330a024-1cdc-404c-98f0-54ca9631ae94","True","False","SAM4S KIOSK ASTRA 263 WHITE 21.5 128G NO OP","760","https://ycr.dearportal.com/Product/b69fdb34-d0ec-40dc-a907-f51f67ac6193","S4-KIOSKASTRA263NNBW","6","6 in stock"
"£799.00","True","https://prodcdn-fch9gyh8ejf9hget.z01.azurefd.net/Product/GetImage?size=400&id=e57e97c2-458e-4b7d-9960-0065e9b5fa20","True","False","SAM4S KIOSK ASTRA 263 WHITE 21.5 128G WIN10","799","https://ycr.dearportal.com/Product/9fa4740c-4b43-4d3d-a647-e89c59066d8e","S4-KIOSKASTRA263CNBW","42","42 in stock"
"£50.00","False","https://ycr.dearportal.com/Catalog/GetEmptyImage?size=400","True","False","SAM4S KIOSK ASTRA 32 EFT BRACKET SIDE WHITE","50","https://ycr.dearportal.com/Product/2ccbd4a0-4cec-4eb6-9a1a-07460546238d","S4-KIOSKASTRASIDEBRKT32W","10","10 in stock"
"£699.00","True","https://prodcdn-fch9gyh8ejf9hget.z01.azurefd.net/Product/GetImage?size=400&id=ebd4d5e2-1b82-4a78-8a70-3ac5479fa4bb","True","False","SAM4S KIOSK ASTRA A63 21.5 64G ANDROID BLACK","699","https://ycr.dearportal.com/Product/c321b58e-5564-4215-9827-03dce340db4a","S4-KIOSKASTRAANDROIDBLACK","37","37 in stock"
"£699.00","True","https://prodcdn-fch9gyh8ejf9hget.z01.azurefd.net/Product/GetImage?size=400&id=6198fb81-b2d0-41ab-bae5-4e9015ccd304","True","False","SAM4S KIOSK ASTRA A63 21.5 64G ANDROID WHITE","699","https://ycr.dearportal.com/Product/1349cbed-2740-4b35-abc7-59b3075d9cb1","S4-KIOSKASTRAANDROIDWHITE","15","15 in stock"
"£1,759.00","True","https://prodcdn-fch9gyh8ejf9hget.z01.azurefd.net/Product/GetImage?size=400&id=31dce8e1-600f-4494-8b90-9b318a5db346","True","False","SAM4S KIOSK ASTRA SK-266 32"" 128G WIN10 SCAN STAND+BASE WHITE","1759","https://ycr.dearportal.com/Product/c92be008-8c35-4fca-949b-1c1345560737","S4-KIOSKASTRASK266CNBW","10","10 in stock"
"£58.00","True","https://prodcdn-fch9gyh8ejf9hget.z01.azurefd.net/Product/GetImage?size=400&id=ac199f23-d7ac-4fe5-9467-482b3efdcdff","False","False","SAM4S KIOSK ASTRA WALLMOUNT BRACKET WHITE","58","https://ycr.dearportal.com/Product/074ba13d-688e-4407-954f-c8d361ccccf0","S4-KIOSKASTRAWALLMOUNT",,""
"£40.00","True","https://prodcdn-fch9gyh8ejf9hget.z01.azurefd.net/Product/GetImage?size=400&id=aba6da6f-5fb6-4f16-bd38-63cc9e22454c","True","False","SAM4S MCR 3 TRACK SPT-4806 BLACK","40","https://ycr.dearportal.com/Product/d8f8f571-b07d-40f0-873d-f8497dcd10bf","S4-SPT4800BMCR","37","37 in stock"
"£50.00","True","https://prodcdn-fch9gyh8ejf9hget.z01.azurefd.net/Product/GetImage?size=400&id=07a4d8e4-6b5b-4f82-9739-a7fc4c3a42bc","True","False","SAM4S MCR DALLAS FORZA/SAPPHIRE BLACK","50","https://ycr.dearportal.com/Product/63f36fda-b75a-463c-a924-3121a7aa0d0a","S4-FORZADALMCRB","45","45 in stock"
"£50.00","True","https://prodcdn-fch9gyh8ejf9hget.z01.azurefd.net/Product/GetImage?size=400&id=ec5e98c6-7a48-48b5-a8e9-8b90d49d1a3c","True","False","SAM4S MCR DALLAS FORZA/SAPPHIRE WHITE","50","https://ycr.dearportal.com/Product/1d3067f1-5101-420f-ba8e-3d63a5feb546","S4-FORZADALMCRW","79","79 in stock"
"£56.00","True","https://prodcdn-fch9gyh8ejf9hget.z01.azurefd.net/Product/GetImage?size=400&id=b1d4ade3-5b31-4fae-ba90-0f9e1ea0dcf8","True","False","SAM4S MCR DALLAS SPT-4806/48 TITAN 260 BLACK","56","https://ycr.dearportal.com/Product/68e176b6-02df-401b-98a3-aa742e1320d6","S4-SPT48DALMCRB","39","39 in stock"
"£6.50","False","https://ycr.dearportal.com/Catalog/GetEmptyImage?size=400","True","False","SAM4S ML2032 RECHARGEABLE BATTERY","6.5","https://ycr.dearportal.com/Product/66ad02e3-d1e5-4166-b7bf-6886634bc1bc","BT-0000013","14","14 in stock"
"£10.20","True","https://prodcdn-fch9gyh8ejf9hget.z01.azurefd.net/Product/GetImage?size=400&id=10fadd5e-d600-4e07-bfce-248a27168817","True","False","SAM4S MODE LOCK","10.2","https://ycr.dearportal.com/Product/69a3bc0d-ba0b-44f0-a7ac-0b5fa255dbd4","LK-0000008","8","8 in stock"
"£7.40","True","https://prodcdn-fch9gyh8ejf9hget.z01.azurefd.net/Product/GetImage?size=400&id=ee2a1fca-44f2-4334-aef7-1672d305f500","True","False","SAM4S MODE LOCK CABLE","7.4","https://ycr.dearportal.com/Product/e0ca22a9-8419-42d9-a257-678d6720afed","CB-0000009","8","8 in stock"
"£0.60","True","https://prodcdn-fch9gyh8ejf9hget.z01.azurefd.net/Product/GetImage?size=400&id=c266aa05-613e-4718-8df1-1df195755d4a","True","False","SAM4S NOTE CLIP BRACKET","0.6","https://ycr.dearportal.com/Product/6f8a5cef-9cef-4308-adbc-e9c8ac02841b","DW-0000030","54","54 in stock"
"£2.00","True","https://prodcdn-fch9gyh8ejf9hget.z01.azurefd.net/Product/GetImage?size=400&id=883be717-1d31-48f4-96cb-f285330d36eb","True","False","SAM4S NOTE CLIP SPRING","2","https://ycr.dearportal.com/Product/a682521c-d736-4997-b2a1-74bccad206c9","DW-0000002","58","58 in stock"
"£4.50","True","https://prodcdn-fch9gyh8ejf9hget.z01.azurefd.net/Product/GetImage?size=400&id=2ebc65f8-5faf-43d6-aa91-b090405b0440","True","False","SAM4S NR5** 3V BATTERY","4.5","https://ycr.dearportal.com/Product/bc03bcd9-62f4-4ac8-a014-60f79d112ad8","BT-0000011","11","11 in stock"
"£1.40","True","https://prodcdn-fch9gyh8ejf9hget.z01.azurefd.net/Product/GetImage?size=400&id=4f61014b-87ec-46b9-ad8b-8a1960c86cea","True","False","SAM4S NR500 4A FUSE","1.4","https://ycr.dearportal.com/Product/a549a650-54f8-49ac-b7e3-de521fef22f7","FS-0000018","30","30 in stock"
"£63.40","True","https://prodcdn-fch9gyh8ejf9hget.z01.azurefd.net/Product/GetImage?size=400&id=4a20b4cd-fc85-4c37-8ad2-df740caf77b3","True","False","SAM4S NR500 COMPLETE DISPLAY ASSY","63.4","https://ycr.dearportal.com/Product/5c6249d1-f529-4d52-8a9e-c28a9bb2806e","DS-0000076","44","44 in stock"
"£25.00","True","https://prodcdn-fch9gyh8ejf9hget.z01.azurefd.net/Product/GetImage?size=400&id=4f5178fa-39a4-4066-9af7-089bc9ef2956","True","False","SAM4S NR500 INTERFACE PCB MARK II","25","https://ycr.dearportal.com/Product/15f6fbfd-56b5-4340-96c2-d2d7d6cbcd8d","PC-0000095","12","12 in stock"
"£19.10","True","https://prodcdn-fch9gyh8ejf9hget.z01.azurefd.net/Product/GetImage?size=400&id=62c40fce-8b80-4653-8222-c1957c43d248","True","False","SAM4S NR500 LOWER CASE","19.1","https://ycr.dearportal.com/Product/a5fb9469-74b0-49d1-8bc2-c9a9ab6c4dec","CV-0000033","5","5 in stock"
"£5.10","True","https://prodcdn-fch9gyh8ejf9hget.z01.azurefd.net/Product/GetImage?size=400&id=51dd5e7e-4e8e-4eb0-ac15-b4d4e6bf2381","False","False","SAM4S NR500 PLATEN HOLDER","5.1","https://ycr.dearportal.com/Product/62f72ca8-7dfe-478a-a04f-de7f628fdb0c","PR-0000211",,"Out of stock"
"£25.40","True","https://prodcdn-fch9gyh8ejf9hget.z01.azurefd.net/Product/GetImage?size=400&id=0107534b-ba39-4fb2-84a7-1fbf44cfd980","True","False","SAM4S NR500 POWER SUPPLY","25.4","https://ycr.dearportal.com/Product/b143fec3-d30d-4f5a-8341-4cf90f02f7d8","PS-0000020","12","12 in stock"
"£1.40","True","https://prodcdn-fch9gyh8ejf9hget.z01.azurefd.net/Product/GetImage?size=400&id=3cb996ae-5fe6-40a3-87c9-a52f6f480a58","True","False","SAM4S NR500 PRINTER CAP","1.4","https://ycr.dearportal.com/Product/0ac2197b-7298-4e8a-b096-1e7c24d5fdd4","PR-0000214","2","2 in stock"
"£12.10","True","https://prodcdn-fch9gyh8ejf9hget.z01.azurefd.net/Product/GetImage?size=400&id=05e80e32-54b0-4637-8ad5-8a28bc6bf75b","True","False","SAM4S NR500 PRINTER COVER","12.1","https://ycr.dearportal.com/Product/4491cc2f-82cd-432e-8278-b9a3be7025c5","PR-0000209","2","2 in stock"
"£12.80","True","https://prodcdn-fch9gyh8ejf9hget.z01.azurefd.net/Product/GetImage?size=400&id=832910d3-ef80-45d8-a000-f2dd40f954a1","True","False","SAM4S NR500 PRINTER HOLDER","12.8","https://ycr.dearportal.com/Product/d082c877-04cc-4fd1-a80b-da49b59fcc6b","CV-0000086","3","3 in stock"
"£7.70","True","https://prodcdn-fch9gyh8ejf9hget.z01.azurefd.net/Product/GetImage?size=400&id=284230ef-747a-46e9-998d-337d5614a409","True","False","SAM4S NR500 PRINTER SUB PCB","7.7","https://ycr.dearportal.com/Product/463daefa-1c57-4cb8-a417-946152f0aefd","PC-0000092","43","43 in stock"
"£18.00","True","https://prodcdn-fch9gyh8ejf9hget.z01.azurefd.net/Product/GetImage?size=400&id=609ae54a-00b7-4f27-bcda-914009d94efa","True","False","SAM4S NR500 TAKE UP MOTOR","18","https://ycr.dearportal.com/Product/dbab376a-05b5-45f6-b9e3-7ee87e6c6464","PR-0000210","5","5 in stock"
"£11.40","True","https://prodcdn-fch9gyh8ejf9hget.z01.azurefd.net/Product/GetImage?size=400&id=10abed29-215c-451e-be39-ba6e2d4cebce","True","False","SAM4S NR500 TO P.C CABLE 10M","11.4","https://ycr.dearportal.com/Product/f3f2f8a0-9db0-4a98-92bc-2f17c5a94258","CB-0000033","6","6 in stock"
"£77.90","True","https://prodcdn-fch9gyh8ejf9hget.z01.azurefd.net/Product/GetImage?size=400&id=5c31e694-30a5-49e0-a405-4426bd525614","True","False","SAM4S NR510 MAIN PCB MARK II","77.9","https://ycr.dearportal.com/Product/9b5cd931-cd9a-4e4f-86fa-824f66e7eff0","PC-0000093","7","7 in stock"
"£5.80","False","https://ycr.dearportal.com/Catalog/GetEmptyImage?size=400","True","False","SAM4S NR510/20 DISPLAY SURROUND REAR","5.8","https://ycr.dearportal.com/Product/9d183f83-1a0d-438b-ad3f-6ac18e8fa85f","DS-0000082","5","5 in stock"
"£44.40","True","https://prodcdn-fch9gyh8ejf9hget.z01.azurefd.net/Product/GetImage?size=400&id=7fd60bec-199d-4a6d-9738-027fd27cf216","True","False","SAM4S NR510/20 ER180U / ER230 BEJ /ER260BEJ PRINTER","44.4","https://ycr.dearportal.com/Product/90e039d8-80b5-4ddc-abde-6d4f6877bf15","PR-0000212","85","85 in stock"
"£7.00","True","https://prodcdn-fch9gyh8ejf9hget.z01.azurefd.net/Product/GetImage?size=400&id=4f29831c-1c13-43e1-b04f-7372e791afd8","True","False","SAM4S NR510/20 FRONT DISPLAY / SD CARD HARNESS","7","https://ycr.dearportal.com/Product/a7c8fda5-bf13-4913-9f62-c1dd08b21758","CB-0000059","10","10 in stock"
"£3.90","False","https://ycr.dearportal.com/Catalog/GetEmptyImage?size=400","True","False","SAM4S NR510/20 FRONT DISPLAY SURROUND","3.9","https://ycr.dearportal.com/Product/8341267d-618b-4ed2-b93d-d53180faf7d9","DS-0000081","5","5 in stock"
"£5.40","True","https://prodcdn-fch9gyh8ejf9hget.z01.azurefd.net/Product/GetImage?size=400&id=c4990550-6375-4679-9929-66a1c15f4aa1","True","False","SAM4S NR510/20 FRONT DISPLAY WINDOW VIEW","5.4","https://ycr.dearportal.com/Product/b8437d4a-14e0-49ef-9b42-4163852e7504","DS-0000079","20","20 in stock"
"£44.40","True","https://prodcdn-fch9gyh8ejf9hget.z01.azurefd.net/Product/GetImage?size=400&id=75988bfd-e8d0-41bf-a1cf-9ac98e589c9a","True","False","SAM4S NR510/20 FRONT LCD","44.4","https://ycr.dearportal.com/Product/6a537cd0-0cc3-4036-892e-64384eaa631a","DS-0000077","1","1 in stock"
"£31.80","True","https://prodcdn-fch9gyh8ejf9hget.z01.azurefd.net/Product/GetImage?size=400&id=69d636dd-75d9-4b80-8307-7e4aefd9f183","True","False","SAM4S NR510/20 INTERFACE PCB","31.8","https://ycr.dearportal.com/Product/591c4ee2-8340-4508-b87e-ff11e7de2ec0","PC-0000089","11","11 in stock"
"£7.70","True","https://prodcdn-fch9gyh8ejf9hget.z01.azurefd.net/Product/GetImage?size=400&id=606ff246-a694-4a58-a213-12a242264d75","True","False","SAM4S NR510/20 PLATEN ROLLER","7.7","https://ycr.dearportal.com/Product/57f781c8-c02f-4f0b-85c8-7872c1077ee4","PR-0000215","25","25 in stock"
"£3.30","True","https://prodcdn-fch9gyh8ejf9hget.z01.azurefd.net/Product/GetImage?size=400&id=9db7f726-7ccf-4b77-a85f-a6a58b8c7eaf","True","False","SAM4S NR510/20 POWER SWITCH HARNESS","3.3","https://ycr.dearportal.com/Product/c13d4b34-aeaa-4a49-98c8-0d842f11a2a2","PS-0000021","7","7 in stock"
"£5.40","True","https://prodcdn-fch9gyh8ejf9hget.z01.azurefd.net/Product/GetImage?size=400&id=76ca6550-2e45-4012-8183-87b9a4788d6f","True","False","SAM4S NR510/20 REAR DISPLAY HARNESS","5.4","https://ycr.dearportal.com/Product/5b3e4019-fe94-4c1d-ae84-d86f0d5d9dcd","CB-0000058","5","5 in stock"
"£5.80","False","https://ycr.dearportal.com/Catalog/GetEmptyImage?size=400","True","False","SAM4S NR510/20 REAR DISPLAY POD","5.8","https://ycr.dearportal.com/Product/0d6d2ebf-7a8b-4c09-b5e3-c0ab5667a04f","DS-0000083","1","1 in stock"
"£3.90","False","https://ycr.dearportal.com/Catalog/GetEmptyImage?size=400","True","False","SAM4S NR510/20 REAR DISPLAY SURROUND","3.9","https://ycr.dearportal.com/Product/c4f4aa6e-92a2-424a-8afb-2330c99a87b5","DS-0000084","1","1 in stock"
"£3.90","False","https://ycr.dearportal.com/Catalog/GetEmptyImage?size=400","False","False","SAM4S NR510/20 REAR DISPLAY VIEW","3.9","https://ycr.dearportal.com/Product/a05835d0-0fdb-4f0a-bee0-e05dcb124639","DS-0000080",,"Out of stock"
"£31.80","True","https://prodcdn-fch9gyh8ejf9hget.z01.azurefd.net/Product/GetImage?size=400&id=c20e4055-6cf7-4032-b87d-1f72d760e4d3","True","False","SAM4S NR510/20 SD CARD PCB","31.8","https://ycr.dearportal.com/Product/4afa7563-f130-466e-bf7c-f711b7a1d8b7","PC-0000090","5","5 in stock"
"£31.80","True","https://prodcdn-fch9gyh8ejf9hget.z01.azurefd.net/Product/GetImage?size=400&id=68728331-f01a-4faf-adca-c1fdb0c038e6","True","False","SAM4S NR510/520 REAR LCD","31.8","https://ycr.dearportal.com/Product/1f10a2a3-0b00-41df-9982-d9341171c586","DS-0000078","3","3 in stock"
"£245.00","True","https://prodcdn-fch9gyh8ejf9hget.z01.azurefd.net/Product/GetImage?size=400&id=2c5e709f-2974-4436-8bb6-c7939779afeb","True","False","SAM4S NR510F CASH REGISTER","245","https://ycr.dearportal.com/Product/ac48baec-503e-4206-8e68-e896cb5bb4aa","S4-NR510F","52","52 in stock"
"£185.00","True","https://prodcdn-fch9gyh8ejf9hget.z01.azurefd.net/Product/GetImage?size=400&id=386cfc64-a57b-487b-a8bd-108fdb79300b","False","False","SAM4S NR510F CASH REGISTER GRADED","185","https://ycr.dearportal.com/Product/52756950-825d-4591-a974-c6822eb5eb19","S4-NR510F-X",,"Out of stock"
"£44.40","True","https://prodcdn-fch9gyh8ejf9hget.z01.azurefd.net/Product/GetImage?size=400&id=64db05f4-01b5-4667-ab9b-e55a52c3b38a","True","False","SAM4S NR510F KEYBOARD","44.4","https://ycr.dearportal.com/Product/c16c9253-892f-4cf8-849f-eeb8fe76383f","KY-0000077","8","8 in stock"
"£5.10","True","https://prodcdn-fch9gyh8ejf9hget.z01.azurefd.net/Product/GetImage?size=400&id=85bf1db6-37a0-4474-88f4-3388c0e3b447","False","False","SAM4S NR510F MODE LOCK PLATE","5.1","https://ycr.dearportal.com/Product/6d4cf170-e522-437d-aacd-764daa91ff50","CV-0000051",,"Out of stock"
"£15.00","True","https://prodcdn-fch9gyh8ejf9hget.z01.azurefd.net/Product/GetImage?size=400&id=bf55b91b-bc1f-42fb-96b9-4c00974eb156","True","False","SAM4S NR510F ORIGINAL WET COVER","15","https://ycr.dearportal.com/Product/79c2423a-89d7-42b4-82d7-2b03dc2b1e82","WE-0000054","12","12 in stock"
"£19.10","False","https://ycr.dearportal.com/Catalog/GetEmptyImage?size=400","True","False","SAM4S NR510F UPPER CASE","19.1","https://ycr.dearportal.com/Product/710bc364-24c2-4a79-9de7-b3517052836e","CV-0000035","2","2 in stock"
"£10.50","True","https://prodcdn-fch9gyh8ejf9hget.z01.azurefd.net/Product/GetImage?size=400&id=c0c485a4-47a9-4f90-9b1c-1d502fe5b07c","True","False","SAM4S NR510F WET COVER","10.5","https://ycr.dearportal.com/Product/59cf8ace-0b77-42e0-a11f-7945f8b7e2e4","WE-0000047","10","10 in stock"
"£233.00","True","https://prodcdn-fch9gyh8ejf9hget.z01.azurefd.net/Product/GetImage?size=400&id=b532fe54-b010-4155-9a68-6198dad2782a","True","False","SAM4S NR510R CASH REGISTER","233","https://ycr.dearportal.com/Product/10cff520-5464-4f20-90ce-7ed4a18c96f1","S4-NR510R","93","93 in stock"
"£44.40","False","https://ycr.dearportal.com/Catalog/GetEmptyImage?size=400","True","False","SAM4S NR510R KEYBOARD","44.4","https://ycr.dearportal.com/Product/0184cd63-de6f-44a5-8d1a-8a4121961e51","KY-0000076","3","3 in stock"
"£5.10","True","https://prodcdn-fch9gyh8ejf9hget.z01.azurefd.net/Product/GetImage?size=400&id=e674c1c1-8e29-411c-85d2-3afe16726082","True","False","SAM4S NR510R MODE LOCK PLATE","5.1","https://ycr.dearportal.com/Product/61cc92fe-fa04-4adc-9b1f-0c6b98f79884","CV-0000050","11","11 in stock"
"£19.10","False","https://ycr.dearportal.com/Catalog/GetEmptyImage?size=400","True","False","SAM4S NR510R UPPER CASE","19.1","https://ycr.dearportal.com/Product/df85c3d3-b9f9-4eeb-bacb-3e42b20f1c80","CV-0000034","9","9 in stock"
"£88.70","True","https://prodcdn-fch9gyh8ejf9hget.z01.azurefd.net/Product/GetImage?size=400&id=f1e44dad-1850-4d34-8590-e1e649eb25db","True","False","SAM4S NR520 MAIN PCB MARK II","88.7","https://ycr.dearportal.com/Product/2b2f28d1-2176-4c87-9095-dc6f7c92250b","PC-0000094","13","13 in stock"
"£3.90","True","https://prodcdn-fch9gyh8ejf9hget.z01.azurefd.net/Product/GetImage?size=400&id=30569f25-fb2d-49e9-8a83-73afd4f367f4","True","False","SAM4S NR520 PRINTER COVER WINDOW","3.9","https://ycr.dearportal.com/Product/33263d56-563d-414d-abb0-d8f04625752c","CV-0000025","30","30 in stock"
"£2.60","True","https://prodcdn-fch9gyh8ejf9hget.z01.azurefd.net/Product/GetImage?size=400&id=89cfd8bd-0692-4d97-a891-bfcf3e085051","True","False","SAM4S NR520 SPOOL DISK ONLY","2.6","https://ycr.dearportal.com/Product/f520e3e8-dcbe-4eb8-ba19-fba9832c334b","PR-0000300","12","12 in stock"
"£5.40","True","https://prodcdn-fch9gyh8ejf9hget.z01.azurefd.net/Product/GetImage?size=400&id=65a479ff-d1d2-483b-a076-87b1584d34d3","True","False","SAM4S NR520 TAKE UP SPOOL","5.4","https://ycr.dearportal.com/Product/c6821d1e-0650-4f58-a5f4-b87453747143","PR-0000213","1","1 in stock"
"£271.00","True","https://prodcdn-fch9gyh8ejf9hget.z01.azurefd.net/Product/GetImage?size=400&id=23f8960f-8870-46cf-b05b-baa91a89d7d5","True","False","SAM4S NR520F CASH REGISTER","271","https://ycr.dearportal.com/Product/8dbb47f8-3864-4b8e-ae74-e06e9f396fcd","S4-NR520F","40","40 in stock"
"£265.00","True","https://prodcdn-fch9gyh8ejf9hget.z01.azurefd.net/Product/GetImage?size=400&id=85726fab-2348-4e03-904f-75ad787b7692","True","False","SAM4S NR520R CASH REGISTER","265","https://ycr.dearportal.com/Product/417e05bc-63ed-4b92-b5e4-660fb1e8006a","S4-NR520R","141","141 in stock"
"£208.00","True","https://prodcdn-fch9gyh8ejf9hget.z01.azurefd.net/Product/GetImage?size=400&id=fcedb9b0-547c-4281-aea3-5957053af362","False","False","SAM4S NR520R CASH REGISTER GRADED","208","https://ycr.dearportal.com/Product/8cdf99ba-6660-432b-a0da-a1e0dc0e4ee1","S4-NR520R-X",,"Out of stock"
"£7.70","True","https://prodcdn-fch9gyh8ejf9hget.z01.azurefd.net/Product/GetImage?size=400&id=7d71c1b9-e061-4325-ab2f-0027f22746b0","True","False","SAM4S NR520R DOUBLE KEYTOPS (4 PACK)","7.7","https://ycr.dearportal.com/Product/5134ba18-57c8-45f4-a26d-170686c07124","KY-0000066","53","53 in stock"
"£44.40","True","https://prodcdn-fch9gyh8ejf9hget.z01.azurefd.net/Product/GetImage?size=400&id=e866ac0e-f5e7-4d15-b741-49c5d78c9e16","True","False","SAM4S NR520R KEYBOARD","44.4","https://ycr.dearportal.com/Product/31d3f16a-4cf1-40bf-a6f3-4ccf54a9882f","KY-0000078","5","5 in stock"
"£23.20","True","https://prodcdn-fch9gyh8ejf9hget.z01.azurefd.net/Product/GetImage?size=400&id=6a568e93-a8d4-4aeb-8152-f1ac1ea6b4d7","True","False","SAM4S NR520R KEYBOARD MEMBRANE","23.2","https://ycr.dearportal.com/Product/f39d750c-18a5-4d7b-a493-cc553ccb8d6d","KY-0000049","6","6 in stock"
"£15.00","True","https://prodcdn-fch9gyh8ejf9hget.z01.azurefd.net/Product/GetImage?size=400&id=5b9138ec-7d9a-4b1f-ab8d-7141dec2b1a6","False","False","SAM4S NR520R WET COVER","15","https://ycr.dearportal.com/Product/dc2cfd61-9f68-44c5-a7e1-68120e6f553c","WE-0000037",,"Out of stock"
"£95.00","False","https://ycr.dearportal.com/Catalog/GetEmptyImage?size=400","False","False","SAM4S ON-LINE CABLE 100M DRUM","95","https://ycr.dearportal.com/Product/67374972-4e49-4423-ae60-616adb05be78","CB-0000003",,"Out of stock"
"£3.90","True","https://prodcdn-fch9gyh8ejf9hget.z01.azurefd.net/Product/GetImage?size=400&id=59535af5-85d1-4b67-a412-ecd6425a7d8f","True","False","SAM4S 'P' KEY","3.9","https://ycr.dearportal.com/Product/90b0c689-5d72-4888-a9ee-06cd078ff94b","LK-0000051","44","44 in stock"
"£85.00","False","https://ycr.dearportal.com/Catalog/GetEmptyImage?size=400","True","False","SAM4S REAR 7"" LCD DISPLAY","85","https://ycr.dearportal.com/Product/05e4b3ba-c353-499c-ab2f-0306b2118ddf","S4-SPT37DISP7B","29","29 in stock"
"£85.00","False","https://ycr.dearportal.com/Catalog/GetEmptyImage?size=400","True","False","SAM4S REAR 7"" LCD DISPLAY SPT-4700","85","https://ycr.dearportal.com/Product/c5d05389-fa20-40d6-a72d-63f1081c266f","S4-SPT47DISP7B","47","47 in stock"
"£85.00","False","https://ycr.dearportal.com/Catalog/GetEmptyImage?size=400","True","False","SAM4S REAR 7"" LCD DISPLAY SPT-4806 BLAC","85","https://ycr.dearportal.com/Product/859041d9-d234-43b3-8e56-6db59bf44d86","S4-SPT48DISP7B","23","23 in stock"
"£61.00","False","https://ycr.dearportal.com/Catalog/GetEmptyImage?size=400","False","False","SAM4S REAR CUSTOMER DISP SPT-4806 BLACK","61","https://ycr.dearportal.com/Product/a24f9fd2-4ace-4f36-b0a2-17271d307f2e","S4-SPT48DISP2B",,"Out of stock"
"£3.90","True","https://prodcdn-fch9gyh8ejf9hget.z01.azurefd.net/Product/GetImage?size=400&id=f4d9ba90-9392-4868-afce-0f774ead5101","True","False","SAM4S 'REG' KEY","3.9","https://ycr.dearportal.com/Product/73ccee51-7690-4cf5-9264-f817b0e3c392","LK-0000052","20","20 in stock"
"£225.00","True","https://prodcdn-fch9gyh8ejf9hget.z01.azurefd.net/Product/GetImage?size=400&id=9c412bca-62e6-4fbd-9ef0-622edc6b948c","True","False","SAM4S S160 MAIN PCB","225","https://ycr.dearportal.com/Product/430f0ce6-b2e8-404c-a6d7-ead2b99fef6e","PC-0000112","11","11 in stock"
"£44.40","True","https://prodcdn-fch9gyh8ejf9hget.z01.azurefd.net/Product/GetImage?size=400&id=55161e49-2760-4919-a85a-d0c663c25fc4","True","False","SAM4S S360 PCT CONTROLLER PCB","44.4","https://ycr.dearportal.com/Product/4a42b964-daff-4aac-a06f-75fbbec1387c","PC-0000115","34","34 in stock"
"£335.00","True","https://prodcdn-fch9gyh8ejf9hget.z01.azurefd.net/Product/GetImage?size=400&id=d3dbee8b-2b62-4f16-b30b-f34758042d94","True","False","SAM4S S560 POS TERMINAL - BLACK J6412 NO O/S GRADED","335","https://ycr.dearportal.com/Product/59015b03-a1c2-42aa-9612-2ad7655a79ae","S4-TITANS560NNB-X","1","1 in stock"
"£434.00","True","https://prodcdn-fch9gyh8ejf9hget.z01.azurefd.net/Product/GetImage?size=400&id=892ef62f-7be3-4650-9a82-d7d653922322","False","False","SAM4S S560 POS TERMINAL - BLACK J6412 WITH O/S GRADED","434","https://ycr.dearportal.com/Product/c44519e5-b9be-46ec-bcac-5a90678abf36","S4-TITANS560CNB-X",,"Out of stock"
"£3.30","True","https://prodcdn-fch9gyh8ejf9hget.z01.azurefd.net/Product/GetImage?size=400&id=fabaa83e-b4e2-40b0-85a4-33e90a8fcd50","True","False","SAM4S S560 POWER BUTTON","3.3","https://ycr.dearportal.com/Product/26934fdd-e8df-40d1-8171-0c48f8e8a4aa","CV-0000072","19","19 in stock"
"£44.40","True","https://prodcdn-fch9gyh8ejf9hget.z01.azurefd.net/Product/GetImage?size=400&id=d4583ae6-38a6-45e3-a527-eb6211b8227a","True","False","SAM4S SAPPHIRE 560 (15"") OSD & DRW PCB BOARD","44.4","https://ycr.dearportal.com/Product/f7d26b43-3362-40ec-bbe5-df6051dd3be2","PC-0000162","38","38 in stock"
"£139.30","True","https://prodcdn-fch9gyh8ejf9hget.z01.azurefd.net/Product/GetImage?size=400&id=3105d621-3a1f-4d73-9a36-27f4d89a5e72","True","False","SAM4S SAPPHIRE 560 15"" PCT TOUCH PANEL","139.3","https://ycr.dearportal.com/Product/132ee3a7-2254-4f20-84cd-16fd8b463002","DS-0000122","38","38 in stock"
"£545.00","True","https://prodcdn-fch9gyh8ejf9hget.z01.azurefd.net/Product/GetImage?size=400&id=f17492a1-6802-489b-9bbd-187cc5c3f25c","True","False","SAM4S SAPPHIRE + SAM4S ELLIX40SB + DRAWER","545","https://ycr.dearportal.com/Product/2a4423be-13e1-4eb9-9303-1373cab6b473","SP-SAM4SSAPPHIREBUNDLE3","39","39 in stock"
"£543.00","True","https://prodcdn-fch9gyh8ejf9hget.z01.azurefd.net/Product/GetImage?size=400&id=fbe7a852-388f-4a19-bbc2-910fea78baf7","False","False","SAM4S SAPPHIRE 15.6"" + HPRT TP80R + DRAWER","543","https://ycr.dearportal.com/Product/92385932-9e49-4569-8505-ccccc944d832","SP-SAM4SSAPPHIREWIDEBUNDLE2",,"Out of stock"
"£395.00","True","https://prodcdn-fch9gyh8ejf9hget.z01.azurefd.net/Product/GetImage?size=400&id=b67322aa-0300-48d9-bfa1-4acc4bfe6896","False","False","SAM4S SAPPHIRE 15.6"" BLACK NO OPERATING SYSTEM","395","https://ycr.dearportal.com/Product/44033776-7bc4-4f16-81ca-700ede9fee3b","S4-SAPPHIREWIDENNB",,""
"£45.00","True","https://prodcdn-fch9gyh8ejf9hget.z01.azurefd.net/Product/GetImage?size=400&id=60f7c55f-72e6-4f5b-b06a-75f4f05ecd16","True","False","SAM4S SAPPHIRE 2 LINE DISPLAY BLACK","45","https://ycr.dearportal.com/Product/a40f2102-c67c-4f9a-af25-4a4c62b0d206","S4-SAPPHIREDISP2LB","382","382 in stock"
"£45.00","True","https://prodcdn-fch9gyh8ejf9hget.z01.azurefd.net/Product/GetImage?size=400&id=7cfc49db-6141-4589-9fb4-037b43bc63f3","True","False","SAM4S SAPPHIRE 2 LINE DISPLAY WHITE","45","https://ycr.dearportal.com/Product/8bdbf93d-45d1-40a6-b040-0f7ec90c1b99","S4-SAPPHIREDISP2LW","46","46 in stock"
"£253.20","True","https://prodcdn-fch9gyh8ejf9hget.z01.azurefd.net/Product/GetImage?size=400&id=c72755c9-6cfc-4a80-9c7d-58f45c87f034","True","False","SAM4S SAPPHIRE 560 (15"") FRONT LED","253.2","https://ycr.dearportal.com/Product/0daf884a-4255-4195-834a-5e58a38c80b9","DS-0000121","4","4 in stock"
"£253.20","True","https://prodcdn-fch9gyh8ejf9hget.z01.azurefd.net/Product/GetImage?size=400&id=4c0e5912-cf49-4d65-b2b2-ec36f2865843","True","False","SAM4S SAPPHIRE 560 (15"") MAIN PCB","253.2","https://ycr.dearportal.com/Product/0e10e66a-3ee6-4b5c-bc0d-fc437a9e108d","PC-0000161","28","28 in stock"
"£5.50","True","https://prodcdn-fch9gyh8ejf9hget.z01.azurefd.net/Product/GetImage?size=400&id=a95bc24b-f147-41b3-930b-aab19800c903","True","False","SAM4S SAPPHIRE 560 (15"") MCR COVER BLACK","5.5","https://ycr.dearportal.com/Product/cace683d-60d5-4a25-99a4-8010b06533fd","CV-0000181","5","5 in stock"
"£9.60","True","https://prodcdn-fch9gyh8ejf9hget.z01.azurefd.net/Product/GetImage?size=400&id=359ce62f-964b-4aab-a167-be0e319881b5","True","False","SAM4S SAPPHIRE 560 (15"") WIRE COVER BLACK","9.6","https://ycr.dearportal.com/Product/319ffef2-1312-4052-8f54-616d3b91da9f","CV-0000179","21","21 in stock"
"£253.20","True","https://prodcdn-fch9gyh8ejf9hget.z01.azurefd.net/Product/GetImage?size=400&id=6415a4b2-d447-42c4-8797-bf399382e547","True","False","SAM4S SAPPHIRE 660 N97 (15"") MAIN PCB","253.2","https://ycr.dearportal.com/Product/38552649-3d38-4b89-8a64-3a2bc6fe4465","PC-0000100","19","19 in stock"
"£130.00","True","https://prodcdn-fch9gyh8ejf9hget.z01.azurefd.net/Product/GetImage?size=400&id=690fa5c5-9c32-4670-922d-66f76ec10827","True","False","SAM4S SAPPHIRE 9.7"" DISPLAY BLACK","130","https://ycr.dearportal.com/Product/ef49f05e-2a1f-4f82-83e9-32b9d32d212f","S4-SAPPHIREDISP9B","119","119 in stock"
"£130.00","True","https://prodcdn-fch9gyh8ejf9hget.z01.azurefd.net/Product/GetImage?size=400&id=e5f95a0a-7a17-44a2-a18e-5ec2dc730faf","True","False","SAM4S SAPPHIRE 9.7"" DISPLAY WHITE","130","https://ycr.dearportal.com/Product/4afa8f6f-268d-4ff4-91ae-5b56300054f7","S4-SAPPHIREDISP9W","34","34 in stock"
"£395.00","True","https://prodcdn-fch9gyh8ejf9hget.z01.azurefd.net/Product/GetImage?size=400&id=bd6ecdb3-034f-4a76-9893-5cf4d01e2ae6","True","False","SAM4S SAPPHIRE BLACK INTEL ALDER LAKE N97 NO OPERATING SYSTEM","395","https://ycr.dearportal.com/Product/decf1967-211e-434d-aa70-77e888043edf","S4-SAPPHIRENNB","703","703 in stock"
"£434.00","True","https://prodcdn-fch9gyh8ejf9hget.z01.azurefd.net/Product/GetImage?size=400&id=609d9725-cbdc-465d-8e31-dc2f3050f779","True","False","SAM4S SAPPHIRE BLACK INTEL ALDER LAKE N97 WITH WINDOWS 11 IOT","434","https://ycr.dearportal.com/Product/d4aef6cf-4d0e-408f-ba85-cf5777a03446","S4-SAPPHIRECNB","444","444 in stock"
"£3.30","True","https://prodcdn-fch9gyh8ejf9hget.z01.azurefd.net/Product/GetImage?size=400&id=0d72adb5-2d6c-46c4-9089-f9e7453e3760","True","False","SAM4S SAPPHIRE POWER BUTTON","3.3","https://ycr.dearportal.com/Product/419b88bb-9098-41fd-8bde-7ad4c9a4b5d7","CV-0000182","5","5 in stock"
"£31.80","True","https://prodcdn-fch9gyh8ejf9hget.z01.azurefd.net/Product/GetImage?size=400&id=b44c46a9-52fb-4541-9a2c-95cc729e1ab6","True","False","SAM4S SAPPHIRE POWER SUPPLY","31.8","https://ycr.dearportal.com/Product/caccf6f5-2794-4eaf-ab5d-f5508fdd90be","PS-0000017","112","112 in stock"
"£12.80","True","https://prodcdn-fch9gyh8ejf9hget.z01.azurefd.net/Product/GetImage?size=400&id=5c459d93-000a-4beb-9e39-a598d8e84add","True","False","SAM4S SAPPHIRE REAR STAND COVER BLACK","12.8","https://ycr.dearportal.com/Product/fc5c0e3c-a3f0-4c44-8811-d570302f699e","CV-0000184","25","25 in stock"
"£5.50","True","https://prodcdn-fch9gyh8ejf9hget.z01.azurefd.net/Product/GetImage?size=400&id=58d7e4df-fc93-4193-a69b-1e365e296fd3","True","False","SAM4S SAPPHIRE SSD COVER BLACK","5.5","https://ycr.dearportal.com/Product/11775c40-caf2-45c1-8a09-d0cd586b4f01","CV-0000180","8","8 in stock"
"£3.30","True","https://prodcdn-fch9gyh8ejf9hget.z01.azurefd.net/Product/GetImage?size=400&id=aac8b3bc-9af1-4861-ab83-c2d192c00157","True","False","SAM4S SAPPHIRE SSD HOLDER BRACKET","3.3","https://ycr.dearportal.com/Product/898138bb-d213-4a55-8acc-26247a1feac3","CV-0000084","45","45 in stock"
"£65.00","False","https://ycr.dearportal.com/Catalog/GetEmptyImage?size=400","True","False","SAM4S SAPPHIRE STAND ASSY BLACK","65","https://ycr.dearportal.com/Product/d44bdcdc-9f8a-4890-b9cb-2f837f71634a","CV-0000183","7","7 in stock"
"£25.00","False","https://ycr.dearportal.com/Catalog/GetEmptyImage?size=400","True","False","SAM4S SAPPHIRE VESA BRACKET","25","https://ycr.dearportal.com/Product/3e12517c-6157-4e42-9471-aef45cda141a","S4-SAPPHIREVESABRKT","12","12 in stock"
"£395.00","True","https://prodcdn-fch9gyh8ejf9hget.z01.azurefd.net/Product/GetImage?size=400&id=0da09341-3d98-4413-a07a-6d61e155d76e","True","False","SAM4S SAPPHIRE WHITE J6412 NO OPERATING SYSTEM","395","https://ycr.dearportal.com/Product/0c74f8cd-fb02-4dc2-a41d-b7c3a05c513a","S4-SAPPHIRENNW","6","6 in stock"
"£1.50","False","https://ycr.dearportal.com/Catalog/GetEmptyImage?size=400","False","False","SAM4S SINGLE KEYTOPS STANDARD","1.5","https://ycr.dearportal.com/Product/dae7b15d-bb0b-460e-8320-e3b01e5dc8ff","KY-0000001",,"Out of stock"
"£57.10","False","https://ycr.dearportal.com/Catalog/GetEmptyImage?size=400","True","False","SAM4S SK163 KIOSK 128 SSD","57.1","https://ycr.dearportal.com/Product/835594a9-4018-44ea-bb47-8526e0059d07","S4-KIOSKSSD128","2","2 in stock"
"£12.85","True","https://prodcdn-fch9gyh8ejf9hget.z01.azurefd.net/Product/GetImage?size=400&id=d879cda9-0a22-48e8-9159-a41238162060","True","False","SAM4S SPS1000 WET COVER","12.85","https://ycr.dearportal.com/Product/1efebbfc-e987-4d05-93f7-d49b05b1c9ad","WE-0000022","5","5 in stock"
"£7.70","True","https://prodcdn-fch9gyh8ejf9hget.z01.azurefd.net/Product/GetImage?size=400&id=d39c90c6-d395-433f-ab6d-c697b1a78b53","True","False","SAM4S SPS2000 POWER HARNESS","7.7","https://ycr.dearportal.com/Product/bb9f514a-0767-4e71-853d-8bd6456d5805","CB-0000035","6","6 in stock"
"£7.70","True","https://prodcdn-fch9gyh8ejf9hget.z01.azurefd.net/Product/GetImage?size=400&id=5545fd13-1ad5-467a-a39a-313ab1e44a08","True","False","SAM4S SPS2000 POWER INLET HARNESS","7.7","https://ycr.dearportal.com/Product/7da4a09a-0b07-4472-bebb-6775bfe306c4","CB-0000080","13","13 in stock"
"£68.40","True","https://prodcdn-fch9gyh8ejf9hget.z01.azurefd.net/Product/GetImage?size=400&id=48993ba4-d907-419c-871b-e49ed525ad3a","True","False","SAM4S SPS2000 POWER PCB BOARD","68.4","https://ycr.dearportal.com/Product/324aaa2a-3edc-4b9a-be68-fc6da5c66f82","PC-0000039","2","2 in stock"
"£121.50","True","https://prodcdn-fch9gyh8ejf9hget.z01.azurefd.net/Product/GetImage?size=400&id=9bdae201-1bd4-426d-aab6-b3029ea397c9","True","False","SAM4S SPS2000 TOUCH PANEL","121.5","https://ycr.dearportal.com/Product/a8dd4b18-a2ac-4323-afeb-ce96542fd7f3","DS-0000043","4","4 in stock"
"£15.90","True","https://prodcdn-fch9gyh8ejf9hget.z01.azurefd.net/Product/GetImage?size=400&id=0b286395-685a-4713-96e5-c33d31cd4634","True","False","SAM4S SPS2200 FRONT DISPLAY SURROUND","15.9","https://ycr.dearportal.com/Product/526c1ff4-60af-4c7f-8f8c-db77abeb4f44","CV-0000061","5","5 in stock"
"£9.60","True","https://prodcdn-fch9gyh8ejf9hget.z01.azurefd.net/Product/GetImage?size=400&id=2c3de3fe-c34d-47c7-891d-8e177b0bb87d","True","False","SAM4S SPS2200 FRONT SURROUND WATERPROOF","9.6","https://ycr.dearportal.com/Product/97e8473d-07fb-4ec1-8277-d4abcb9bee18","CV-0000100","15","15 in stock"
"£5.40","False","https://ycr.dearportal.com/Catalog/GetEmptyImage?size=400","True","False","SAM4S SPS2200 HARD DRIVE COVER","5.4","https://ycr.dearportal.com/Product/a147448b-eb62-4941-b201-42a4121f015b","CV-0000096","3","3 in stock"
"£1.40","True","https://prodcdn-fch9gyh8ejf9hget.z01.azurefd.net/Product/GetImage?size=400&id=a20b2f64-7e32-42c0-aa80-1516b163da61","True","False","SAM4S SPS2200 LED PMO COVER","1.4","https://ycr.dearportal.com/Product/1288757d-a171-4b4e-a5b9-7682c52a2a7d","CV-0000098","11","11 in stock"
"£19.10","True","https://prodcdn-fch9gyh8ejf9hget.z01.azurefd.net/Product/GetImage?size=400&id=e1283ea6-d82d-4839-ad1b-8ed08b8636b0","True","False","SAM4S SPS2200 LVDS HARNESS","19.1","https://ycr.dearportal.com/Product/b8d22112-ece5-446a-a624-b6526d0332e0","CB-0000067","14","14 in stock"
"£348.10","False","https://ycr.dearportal.com/Catalog/GetEmptyImage?size=400","False","False","SAM4S SPS2200 MAIN PCB BOARD","348.1","https://ycr.dearportal.com/Product/c3698a9b-b32c-4ffd-ab87-a9656da09d0c","PC-0000079",,"Out of stock"
"£4.20","False","https://ycr.dearportal.com/Catalog/GetEmptyImage?size=400","True","False","SAM4S SPS2200 MSR COVER","4.2","https://ycr.dearportal.com/Product/662cec89-81ea-4594-aa45-0fba426d759b","CV-0000093","14","14 in stock"
"£1.40","True","https://prodcdn-fch9gyh8ejf9hget.z01.azurefd.net/Product/GetImage?size=400&id=ed6ab0d7-7d8b-4b23-b078-f16af06cf0e5","True","False","SAM4S SPS2200 POWER BUTTON","1.4","https://ycr.dearportal.com/Product/3e65e64e-c04e-4e98-8bf2-5c654a3e8d1d","CV-0000057","8","8 in stock"
"£31.80","True","https://prodcdn-fch9gyh8ejf9hget.z01.azurefd.net/Product/GetImage?size=400&id=a15cd688-a822-41af-8439-4dd79ae635bf","True","False","SAM4S SPS2200 POWER SUPPLY","31.8","https://ycr.dearportal.com/Product/724777b0-b375-4985-bfc5-eae6351e2614","PS-0000013","15","15 in stock"
"£19.10","True","https://prodcdn-fch9gyh8ejf9hget.z01.azurefd.net/Product/GetImage?size=400&id=46fd7f08-253a-4004-8dc0-28bb37117d24","True","False","SAM4S SPS2200 TO P.C CABLE RJ45 TYPE","19.1","https://ycr.dearportal.com/Product/1fd0a6cb-4f75-43fe-a03f-788eb59836fd","CB-0000016","1","1 in stock"
"£121.50","True","https://prodcdn-fch9gyh8ejf9hget.z01.azurefd.net/Product/GetImage?size=400&id=5cdd14cc-8280-470f-861d-80257e71517e","False","False","SAM4S SPS2200 TOUCH PANEL","121.5","https://ycr.dearportal.com/Product/ac1a6454-ebc8-4efa-a983-6e7085868e72","DS-0000061",,"Out of stock"
"£9.60","False","https://ycr.dearportal.com/Catalog/GetEmptyImage?size=400","True","False","SAM4S SPS2200 VFD COVER","9.6","https://ycr.dearportal.com/Product/3d78098f-eccd-4c97-8883-119849421bf4","CV-0000094","20","20 in stock"
"£6.50","False","https://ycr.dearportal.com/Catalog/GetEmptyImage?size=400","True","False","SAM4S SPS2200 WIRE COVER","6.5","https://ycr.dearportal.com/Product/0e8f5490-9d42-4a59-8bf1-89f1cbdf2de8","CV-0000092","16","16 in stock"
"£5.80","False","https://ycr.dearportal.com/Catalog/GetEmptyImage?size=400","True","False","SAM4S SPS5** REAR DISPLAY TURRET FRONT","5.8","https://ycr.dearportal.com/Product/9d6bdfa4-a16a-4f3e-ac5d-413b3d6eaf53","CV-0000059","4","4 in stock"
"£25.40","True","https://prodcdn-fch9gyh8ejf9hget.z01.azurefd.net/Product/GetImage?size=400&id=fba404ac-7742-45f3-bacd-362d248fad66","True","False","SAM4S SPS5** SERIES MAG DALLAS READER","25.4","https://ycr.dearportal.com/Product/fa724853-b3c4-46b3-8fcf-601acda526fd","LK-0000062","3","3 in stock"
"£13.90","True","https://prodcdn-fch9gyh8ejf9hget.z01.azurefd.net/Product/GetImage?size=400&id=42992d1a-2867-4099-bf0b-58d5efc641d8","True","False","SAM4S SPS520 PRINTER COVER","13.9","https://ycr.dearportal.com/Product/36b0b6b1-df76-4286-bdb7-8c08011c96b1","CV-0000020","3","3 in stock"
"£120.30","True","https://prodcdn-fch9gyh8ejf9hget.z01.azurefd.net/Product/GetImage?size=400&id=a5aea270-9867-43d2-bc0e-13d83345cafd","True","False","SAM4S SPS530 FRONT LCD","120.3","https://ycr.dearportal.com/Product/afe423ee-5cdc-4c46-bd51-3b096ac5ba60","DS-0000056","7","7 in stock"
"£5.40","True","https://prodcdn-fch9gyh8ejf9hget.z01.azurefd.net/Product/GetImage?size=400&id=2785fabd-c3c3-4a45-a043-d9f054a02037","True","False","SAM4S SPS530 LCD FFC","5.4","https://ycr.dearportal.com/Product/4311aca4-cbc9-4ad3-b518-53fd6a542b01","CT-0000076","18","18 in stock"
"£44.40","True","https://prodcdn-fch9gyh8ejf9hget.z01.azurefd.net/Product/GetImage?size=400&id=763f89bd-5f65-422f-86ef-cde650e66f03","True","False","SAM4S SPS530 POWER SUPPLY","44.4","https://ycr.dearportal.com/Product/658be0d6-64f9-473b-aa8a-e0cad6246ede","PS-0000012","13","13 in stock"
"£13.90","True","https://prodcdn-fch9gyh8ejf9hget.z01.azurefd.net/Product/GetImage?size=400&id=79b0e379-5dd8-40cc-b03f-3f6697ceb26a","True","False","SAM4S SPS530 PRINTER COVER","13.9","https://ycr.dearportal.com/Product/dea173da-fdf2-4a9a-9fcc-6c67f2dc9930","CV-0000021","4","4 in stock"
"£3.90","True","https://prodcdn-fch9gyh8ejf9hget.z01.azurefd.net/Product/GetImage?size=400&id=5b163b9a-bd0f-4545-a45a-110a2b73159d","True","False","SAM4S SPS530 PRINTER COVER WINDOW","3.9","https://ycr.dearportal.com/Product/a007c1d2-e668-44d8-8509-c756167bf187","CV-0000117","2","2 in stock"
"£7.70","True","https://prodcdn-fch9gyh8ejf9hget.z01.azurefd.net/Product/GetImage?size=400&id=1ceb22cf-113e-4cc3-b321-ab5366d275b8","True","False","SAM4S SPS530 PRINTER SUB PCB","7.7","https://ycr.dearportal.com/Product/889825bc-6305-4549-8155-12b6ea823593","PC-0000096","9","9 in stock"
"£57.10","True","https://prodcdn-fch9gyh8ejf9hget.z01.azurefd.net/Product/GetImage?size=400&id=b5627e6d-56bd-4b5a-9c51-978701a651c7","True","False","SAM4S SPS530 TOUCH PANEL","57.1","https://ycr.dearportal.com/Product/827302c1-c3a4-470a-ae79-5e3409994d36","DS-0000057","4","4 in stock"
"£3.90","True","https://prodcdn-fch9gyh8ejf9hget.z01.azurefd.net/Product/GetImage?size=400&id=0c3cc5e0-bea7-442c-a572-5f1c1f59c696","True","False","SAM4S SPS5XX REAR DISPLAY FILTER","3.9","https://ycr.dearportal.com/Product/1dda29e5-307e-4a21-a6d5-150194832ba2","CV-0000028","16","16 in stock"
"£19.10","False","https://ycr.dearportal.com/Catalog/GetEmptyImage?size=400","True","False","SAM4S SPT3000 HDD HARNESS","19.1","https://ycr.dearportal.com/Product/0599a8b7-cd1f-431b-b59a-b9f45f3f97bf","CB-0000042","16","16 in stock"
"£121.50","True","https://prodcdn-fch9gyh8ejf9hget.z01.azurefd.net/Product/GetImage?size=400&id=6c3d8b39-aa40-4b8a-a64b-93db7c6abc3f","True","False","SAM4S SPT3700/4700/7500 TOUCH PANEL","121.5","https://ycr.dearportal.com/Product/5c8237e7-9264-4d45-a861-f086399d26c2","DS-0000070","1","1 in stock"
"£6.50","True","https://prodcdn-fch9gyh8ejf9hget.z01.azurefd.net/Product/GetImage?size=400&id=c7e7ad31-871d-4706-a719-ba2d356a7846","True","False","SAM4S SPT4000 OSD PCB HARNESS","6.5","https://ycr.dearportal.com/Product/4b19c07f-462c-4707-9267-cfa9c149df7e","CB-0000072","8","8 in stock"
"£6.50","True","https://prodcdn-fch9gyh8ejf9hget.z01.azurefd.net/Product/GetImage?size=400&id=c2147737-85ef-4c3e-ab00-c289a2473c89","True","False","SAM4S SPT4700 OSD PCB HARNESS","6.5","https://ycr.dearportal.com/Product/5ee9ddc0-01a2-478f-9ea0-09c1e3dac3dd","CB-0000056","15","15 in stock"
"£35.00","False","https://ycr.dearportal.com/Catalog/GetEmptyImage?size=400","True","False","SAM4S SPT48** / SPS2200 STAND ASSY","35","https://ycr.dearportal.com/Product/3ebb27c8-f58e-4c89-a7bf-9fd39370b451","CV-0000065","9","9 in stock"
"£6.50","True","https://prodcdn-fch9gyh8ejf9hget.z01.azurefd.net/Product/GetImage?size=400&id=71344bc6-6254-42cb-9c0d-26af05648154","False","False","SAM4S SPT4846 LED HARNESS","6.5","https://ycr.dearportal.com/Product/3bd614b1-69e8-4a14-9b78-db7aa9947eaf","CB-0000086",,"Out of stock"
"£57.10","True","https://prodcdn-fch9gyh8ejf9hget.z01.azurefd.net/Product/GetImage?size=400&id=4d24bab3-95db-4c36-91cd-c335a6407d31","True","False","SAM4S SPT4856 TOUCH & DRAWER PCB BOARD","57.1","https://ycr.dearportal.com/Product/9f6f51e4-4706-4ed7-9e6a-34908b617477","PC-0000075","7","7 in stock"
"£19.10","True","https://prodcdn-fch9gyh8ejf9hget.z01.azurefd.net/Product/GetImage?size=400&id=a1d8dc71-df38-47fc-b1f6-e6caab7eb646","True","False","SAM4S SPT4856 USB JOINT PCB","19.1","https://ycr.dearportal.com/Product/b85476d8-98cb-4fed-ae01-39974a123758","PC-0000088","9","9 in stock"
"£10.20","False","https://ycr.dearportal.com/Catalog/GetEmptyImage?size=400","True","False","SAM4S SPT4856B DUMMY REAR VFD","10.2","https://ycr.dearportal.com/Product/417653e1-cccb-4674-a18d-fe8bd6f547cb","CV-0000155","9","9 in stock"
"£6.50","True","https://prodcdn-fch9gyh8ejf9hget.z01.azurefd.net/Product/GetImage?size=400&id=de4f60c2-64f6-48e4-b0e3-c73ff5fe2dd0","True","False","SAM4S SPT4856B MCR PMO COVER","6.5","https://ycr.dearportal.com/Product/727bf983-bece-4a39-89b6-72b3a1ce8653","CV-0000116","47","47 in stock"
"£25.40","False","https://ycr.dearportal.com/Catalog/GetEmptyImage?size=400","True","False","SAM4S SPT4856B REAR CASE","25.4","https://ycr.dearportal.com/Product/5c44f3da-5c21-4d40-9926-f793e0ab92a2","CV-0000153","8","8 in stock"
"£10.20","False","https://ycr.dearportal.com/Catalog/GetEmptyImage?size=400","False","False","SAM4S SPT4856B REAR VFD BRACKET","10.2","https://ycr.dearportal.com/Product/5a8e51ff-2208-499b-9a24-2af033e232aa","CV-0000176",,"Out of stock"
"£5.00","True","https://prodcdn-fch9gyh8ejf9hget.z01.azurefd.net/Product/GetImage?size=400&id=da117dd8-7752-4cac-84d6-2c726fc72032","True","False","SAM4S SPT4856B SSD COVER BLACK","5","https://ycr.dearportal.com/Product/99a19449-582f-4de6-8c76-e9871ae135e8","CV-0000177","10","10 in stock"
"£139.30","True","https://prodcdn-fch9gyh8ejf9hget.z01.azurefd.net/Product/GetImage?size=400&id=f61f6ec1-f495-4937-8d2d-741bc87782a8","True","False","SAM4S SPT4856B TOUCH PANEL BLACK","139.3","https://ycr.dearportal.com/Product/556103ce-cb41-416d-835d-fc4b04c61c00","DS-0000074","57","57 in stock"
"£9.60","False","https://ycr.dearportal.com/Catalog/GetEmptyImage?size=400","True","False","SAM4S SPT4856B WIRE COVER","9.6","https://ycr.dearportal.com/Product/912e8d83-c99b-461e-b7fd-c63694fd31a3","CV-0000156","18","18 in stock"
"£24.00","True","https://prodcdn-fch9gyh8ejf9hget.z01.azurefd.net/Product/GetImage?size=400&id=c883ab27-3fc5-4ead-b711-3d69a2fc6dc6","True","False","SAM4S SRP350II STEP MOTOR","24","https://ycr.dearportal.com/Product/3da3b79e-e2f2-45aa-810a-9a81d8e38820","PR-0000118","4","4 in stock"
"£40.00","True","https://prodcdn-fch9gyh8ejf9hget.z01.azurefd.net/Product/GetImage?size=400&id=8ff4f4ec-0790-4739-9939-db6ea13c7353","True","False","SAM4S S-SERIES / TITAN MCR ONLY SILVER","40","https://ycr.dearportal.com/Product/b1376d73-cde6-4e88-9c40-8c424be77cd2","S4-TITANMCRONLY","32","32 in stock"
"£45.00","True","https://prodcdn-fch9gyh8ejf9hget.z01.azurefd.net/Product/GetImage?size=400&id=8e61c418-30c6-4fa5-b854-4894359dcdb9","True","False","SAM4S S-SERIES 2 LINE DISPLAY BLACK","45","https://ycr.dearportal.com/Product/c89913ed-c12c-4e09-9a77-a432198389b7","S4-TITANSDISP2LB","34","34 in stock"
"£125.00","True","https://prodcdn-fch9gyh8ejf9hget.z01.azurefd.net/Product/GetImage?size=400&id=3234c800-671c-427b-a8c0-2649b045d6ec","True","False","SAM4S S-SERIES 9.7"" REAR CUSTOMER DISPLAY BLACK","125","https://ycr.dearportal.com/Product/a431b18c-00bc-4968-90b9-d695288dcc71","S4-TITANSDISP9B","43","43 in stock"
"£9.90","False","https://ycr.dearportal.com/Catalog/GetEmptyImage?size=400","True","False","SAM4S S-SERIES B STAND COVER BOTTOM","9.9","https://ycr.dearportal.com/Product/3e6fc6c9-6953-4ced-8be1-eac68122b5f1","CV-0000151","10","10 in stock"
"£37.00","True","https://prodcdn-fch9gyh8ejf9hget.z01.azurefd.net/Product/GetImage?size=400&id=62e88c78-d0c8-4a91-856e-c202e0e272e1","True","False","SAM4S S-SERIES DALLAS READER","37","https://ycr.dearportal.com/Product/c7f54e58-822b-45c1-b0ea-ea70ed8575e4","S4-TITANSDALLAS","53","53 in stock"
"£12.20","True","https://prodcdn-fch9gyh8ejf9hget.z01.azurefd.net/Product/GetImage?size=400&id=6ff6ae36-6bae-4d57-b37a-2f43fb6559c2","True","False","SAM4S STM-210 HARNESS","12.2","https://ycr.dearportal.com/Product/6ea2a35a-b2cd-4e3d-be07-740f85f0ee8b","CB-0000038","8","8 in stock"
"£1.30","True","https://prodcdn-fch9gyh8ejf9hget.z01.azurefd.net/Product/GetImage?size=400&id=4c86123b-3fe3-43af-bb4d-a57c449cacdb","True","False","SAM4S TAKE UP RUBBER","1.3","https://ycr.dearportal.com/Product/226ed720-9cd9-4146-ae3d-a0410b40af0a","PR-0000019","33","33 in stock"
"£31.80","False","https://ycr.dearportal.com/Catalog/GetEmptyImage?size=400","True","False","SAM4S TITAN 150 REAR DISPLAY FRAME","31.8","https://ycr.dearportal.com/Product/6f5fc2f0-2c3a-4ad3-861c-1f36c52db045","CV-0000037","5","5 in stock"
"£69.70","False","https://ycr.dearportal.com/Catalog/GetEmptyImage?size=400","True","False","SAM4S TITAN 160B BLACK STAND ASSY","69.7","https://ycr.dearportal.com/Product/4e7b3f3d-6490-43fd-8160-bd27a9d842db","CV-0000032","4","4 in stock"
"£139.30","True","https://prodcdn-fch9gyh8ejf9hget.z01.azurefd.net/Product/GetImage?size=400&id=4e4b09ef-8a07-4294-812c-7492fd63b271","True","False","SAM4S TITAN 160B PCT UPGRADE KIT BLACK","139.3","https://ycr.dearportal.com/Product/64fc8eee-1599-42cf-8dcf-d1fef6e90d5a","DS-0000089","55","55 in stock"
"£139.30","True","https://prodcdn-fch9gyh8ejf9hget.z01.azurefd.net/Product/GetImage?size=400&id=d2ef2958-6fd1-4469-a550-ea215309ad69","True","False","SAM4S TITAN 160W PCT UPGRADE KIT WHITE","139.3","https://ycr.dearportal.com/Product/e5371f07-e66d-4527-8385-95da7d4d3048","DS-0000090","14","14 in stock"
"£30.00","True","https://prodcdn-fch9gyh8ejf9hget.z01.azurefd.net/Product/GetImage?size=400&id=38b79766-90db-4506-9176-d5be65ddb317","True","False","SAM4S TITAN 260 DALLAS ONLY BLACK","30","https://ycr.dearportal.com/Product/8ac7bb82-387a-40df-8d99-756d3ee642b3","S4-TITANDALLONYB","77","77 in stock"
"£57.10","True","https://prodcdn-fch9gyh8ejf9hget.z01.azurefd.net/Product/GetImage?size=400&id=e6bb1ca5-082c-43ca-b819-d2d813c04c4d","True","False","SAM4S TITAN 260 DRAWER PCB","57.1","https://ycr.dearportal.com/Product/0be11d05-e5a4-4b05-9816-9e3c1b745043","PC-0000083","8","8 in stock"
"£3.30","True","https://prodcdn-fch9gyh8ejf9hget.z01.azurefd.net/Product/GetImage?size=400&id=9ce8972f-8cf7-49b7-9b60-9e38cf015a8a","True","False","SAM4S TITAN 260 DUMMY DALLAS COVER","3.3","https://ycr.dearportal.com/Product/542c28b8-77fe-409f-8ed9-65c3ad66f5d9","CV-0000041","2","2 in stock"
"£3.30","False","https://ycr.dearportal.com/Catalog/GetEmptyImage?size=400","True","False","SAM4S TITAN 260 DUMMY MSR COVER","3.3","https://ycr.dearportal.com/Product/7e05f2de-c61a-458f-8158-1b40edcc59ec","CV-0000040","3","3 in stock"
"£284.90","True","https://prodcdn-fch9gyh8ejf9hget.z01.azurefd.net/Product/GetImage?size=400&id=5b88e647-5372-4e77-b791-03b035bceb44","True","False","SAM4S TITAN 260 MAIN PCB UPGRADE KIT","284.9","https://ycr.dearportal.com/Product/8e713760-ebd4-4d13-904e-42cf8ab1f415","PC-0000135","9","9 in stock"
"£6.50","True","https://prodcdn-fch9gyh8ejf9hget.z01.azurefd.net/Product/GetImage?size=400&id=9fb89a7d-4601-43d3-9e56-125e68558423","True","False","SAM4S TITAN 260 OSD HARNESS","6.5","https://ycr.dearportal.com/Product/6282b3ca-bbb5-4e0a-b262-75d8532ae8dd","CB-0000061","15","15 in stock"
"£19.10","True","https://prodcdn-fch9gyh8ejf9hget.z01.azurefd.net/Product/GetImage?size=400&id=0eccf2de-b445-4459-982c-748175c3b3e3","True","False","SAM4S TITAN 260 OSD PCB BOARD","19.1","https://ycr.dearportal.com/Product/56352b21-3311-41bb-88b2-9eaa8498ffeb","PC-0000084","3","3 in stock"
"£44.40","True","https://prodcdn-fch9gyh8ejf9hget.z01.azurefd.net/Product/GetImage?size=400&id=3a81328b-7a6c-4e2f-9e0d-58d7ec5fe960","True","False","SAM4S TITAN 260 PCT CONTROLLER PCB","44.4","https://ycr.dearportal.com/Product/79a4a8f5-6504-4b6e-ae3c-5427119937b1","PC-0000106","19","19 in stock"
"£19.10","True","https://prodcdn-fch9gyh8ejf9hget.z01.azurefd.net/Product/GetImage?size=400&id=71dc16ca-b210-4ea2-862b-0bffc1ed9c62","True","False","SAM4S TITAN 260 USB JOINT PCB","19.1","https://ycr.dearportal.com/Product/f6d3d13a-4aa6-4c5c-8a52-e61cf8558149","PC-0000085","3","3 in stock"
"£3.30","True","https://prodcdn-fch9gyh8ejf9hget.z01.azurefd.net/Product/GetImage?size=400&id=34a383e0-ae3f-466d-93a4-13e220c5072d","True","False","SAM4S TITAN 260B PMO DUMMY MOUNT","3.3","https://ycr.dearportal.com/Product/31ebb3d9-709e-45a6-8684-655f0582aff7","CV-0000141","14","14 in stock"
"£1.40","True","https://prodcdn-fch9gyh8ejf9hget.z01.azurefd.net/Product/GetImage?size=400&id=387333d0-271e-4fbf-a48c-b3eebc33c011","True","False","SAM4S TITAN 260B POWER BUTTON","1.4","https://ycr.dearportal.com/Product/38ff9b95-c996-4aa3-9c6a-a6d75933a2e9","CV-0000069","45","45 in stock"
"£25.40","False","https://ycr.dearportal.com/Catalog/GetEmptyImage?size=400","True","False","SAM4S TITAN 260B REAR CASE BLACK","25.4","https://ycr.dearportal.com/Product/c7e8e640-828d-4d5f-bbbf-d43a80a03c2b","CV-0000039","4","4 in stock"
"£3.90","True","https://prodcdn-fch9gyh8ejf9hget.z01.azurefd.net/Product/GetImage?size=400&id=a01419dc-2ebc-4b3d-ace4-bf2a21da808c","True","False","SAM4S TITAN 260B STAND DECO","3.9","https://ycr.dearportal.com/Product/4d6d8b5e-a9fa-4534-a98f-dcaf2fd012a4","CV-0000142","32","32 in stock"
"£1.10","True","https://prodcdn-fch9gyh8ejf9hget.z01.azurefd.net/Product/GetImage?size=400&id=eb3083bd-de24-4be3-9259-874639c4786c","True","False","SAM4S TITAN 260B STAND THUMB SCREW","1.1","https://ycr.dearportal.com/Product/070319fc-c76c-4337-a59d-ddb876b4938b","CV-0000122","98","98 in stock"
"£9.60","False","https://ycr.dearportal.com/Catalog/GetEmptyImage?size=400","True","False","SAM4S TITAN 260B WIRE COVER BLACK","9.6","https://ycr.dearportal.com/Product/8504c190-ce9f-4c87-9328-d0b490d379bd","CV-0000036","8","8 in stock"
"£12.80","False","https://ycr.dearportal.com/Catalog/GetEmptyImage?size=400","True","False","SAM4S TITAN S RANGE REAR STAND COVER BLK","12.8","https://ycr.dearportal.com/Product/878387b4-2b8d-413d-b251-84866c3f620b","CV-0000102","8","8 in stock"
"£1.40","True","https://prodcdn-fch9gyh8ejf9hget.z01.azurefd.net/Product/GetImage?size=400&id=2b14ebef-10ea-4f30-991c-4df0531e5fac","True","False","SAM4S TITAN S RANGE STAND HINGE CAP","1.4","https://ycr.dearportal.com/Product/d5d42683-8b3b-4edd-9e5f-168b0bbfddd2","CV-0000106","45","45 in stock"
"£4.50","False","https://ycr.dearportal.com/Catalog/GetEmptyImage?size=400","True","False","SAM4S TITAN S RANGE STAND TOP COVER BLK","4.5","https://ycr.dearportal.com/Product/0d4f412f-bc7e-4b9b-9f28-642a2da9602b","CV-0000107","36","36 in stock"
"£253.20","True","https://prodcdn-fch9gyh8ejf9hget.z01.azurefd.net/Product/GetImage?size=400&id=8593f5d4-52ba-4b6f-aa6c-7d21653d678f","True","False","SAM4S TITAN S SERIES FRONT LED","253.2","https://ycr.dearportal.com/Product/1a23472a-4964-4032-9e1e-c2308d692031","DS-0000073","21","21 in stock"
"£139.30","True","https://prodcdn-fch9gyh8ejf9hget.z01.azurefd.net/Product/GetImage?size=400&id=faabc50a-4ec1-4ae7-8427-e0f7eff734f5","True","False","SAM4S TITAN S160/S360/S560 PCT TOUCH PANEL BLACK","139.3","https://ycr.dearportal.com/Product/ffe0c9be-05b0-4b3a-86f3-c8d383256782","DS-0000092","87","87 in stock"
"£50.70","False","https://ycr.dearportal.com/Catalog/GetEmptyImage?size=400","True","False","SAM4S TITAN S160/S360B STAND ASSY BLACK","50.7","https://ycr.dearportal.com/Product/3efc2555-66e5-4fe7-9d24-5ca39a2b2bf6","CV-0000104","2","2 in stock"
"£0.50","False","https://ycr.dearportal.com/Catalog/GetEmptyImage?size=400","True","False","SAM4S TITAN S160B PMO HOLDER SCREW","0.5","https://ycr.dearportal.com/Product/e80a04e3-a576-4a10-8621-fc50ee2333b8","CV-0000172","72","72 in stock"
"£6.50","False","https://ycr.dearportal.com/Catalog/GetEmptyImage?size=400","True","False","SAM4S TITAN S160B REAR DISPLAY BRACKET","6.5","https://ycr.dearportal.com/Product/7d79b837-ea34-43ce-8c90-e7997c427981","CV-0000173","71","71 in stock"
"£250.00","True","https://prodcdn-fch9gyh8ejf9hget.z01.azurefd.net/Product/GetImage?size=400&id=2de31702-246b-4666-a517-90f5c458507c","True","False","SAM4S TITAN S260 MAIN PCB","250","https://ycr.dearportal.com/Product/de798428-c9f6-4dda-a60b-7eca87e62da6","PC-0000113","18","18 in stock"
"£3.30","True","https://prodcdn-fch9gyh8ejf9hget.z01.azurefd.net/Product/GetImage?size=400&id=4e3bb498-f8aa-4f76-b93e-1246242aab0e","True","False","SAM4S TITAN S260 MCR COVER WHITE","3.3","https://ycr.dearportal.com/Product/06a0a45f-ac72-45e4-b1b4-61965a793ec9","CV-0000077","17","17 in stock"
"£3.30","True","https://prodcdn-fch9gyh8ejf9hget.z01.azurefd.net/Product/GetImage?size=400&id=719a9ac3-d1f7-4966-8bca-588e530ba09f","True","False","SAM4S TITAN S260 REAR DUMMY MOUNT WHITE","3.3","https://ycr.dearportal.com/Product/488b5a31-da8a-48bc-90c1-cf8f6a40db48","CV-0000079","3","3 in stock"
"£3.30","True","https://prodcdn-fch9gyh8ejf9hget.z01.azurefd.net/Product/GetImage?size=400&id=fb10250f-93dd-4a1a-add5-5088e77f8a92","True","False","SAM4S TITAN S260 SSD COVER WHITE","3.3","https://ycr.dearportal.com/Product/fb18bd4b-c3d5-4d91-b79a-d840f4789238","CV-0000082","24","24 in stock"
"£50.70","False","https://ycr.dearportal.com/Catalog/GetEmptyImage?size=400","True","False","SAM4S TITAN S260 STAND ASSY BLACK&WHITE","50.7","https://ycr.dearportal.com/Product/41bfad36-cb16-47b9-8a55-431e69f441e4","CV-0000105","3","3 in stock"
"£9.60","True","https://prodcdn-fch9gyh8ejf9hget.z01.azurefd.net/Product/GetImage?size=400&id=2e007fa0-2ec3-4863-856c-1fb35a08b68f","True","False","SAM4S TITAN S260 WIRE COVER WHITE","9.6","https://ycr.dearportal.com/Product/d3039782-ee88-4671-93fa-a37c143f53d9","CV-0000076","29","29 in stock"
"£16.10","False","https://ycr.dearportal.com/Catalog/GetEmptyImage?size=400","True","False","SAM4S TITAN S260B/W REAR CASE WHITE","16.1","https://ycr.dearportal.com/Product/afaf0268-89b9-4774-9d0a-6042fccc9a81","CV-0000174","16","16 in stock"
"£5.80","True","https://prodcdn-fch9gyh8ejf9hget.z01.azurefd.net/Product/GetImage?size=400&id=16e4364b-0795-480d-bf82-2e8b6be97bfa","True","False","SAM4S TITAN S265V REAR DUMMY MOUNT BLACK","5.8","https://ycr.dearportal.com/Product/f0bc4314-c4a6-45cb-852b-e2bec53b26f3","CV-0000081","16","16 in stock"
"£284.90","True","https://prodcdn-fch9gyh8ejf9hget.z01.azurefd.net/Product/GetImage?size=400&id=201ec8eb-7bde-4268-8742-99be2add3705","True","False","SAM4S TITAN S360 MAIN PCB","284.9","https://ycr.dearportal.com/Product/30ab8980-82e0-4073-b641-2f03ffabc0ec","PC-0000125","27","27 in stock"
"£9.60","True","https://prodcdn-fch9gyh8ejf9hget.z01.azurefd.net/Product/GetImage?size=400&id=669cccf8-4e92-454b-a49f-cad65fad9fd1","True","False","SAM4S TITAN S560 LED HARNESS","9.6","https://ycr.dearportal.com/Product/e2811475-0643-4056-9625-fa29c5387424","CB-0000063","34","34 in stock"
"£22.90","True","https://prodcdn-fch9gyh8ejf9hget.z01.azurefd.net/Product/GetImage?size=400&id=426fdf41-0765-47bd-b196-7dcd197fefd1","True","False","SAM4S TITAN S560 LVDS HARNESS","22.9","https://ycr.dearportal.com/Product/a6ed2d9b-6969-43a4-afdc-83a88b5d4658","CB-0000060","50","50 in stock"
"£284.90","True","https://prodcdn-fch9gyh8ejf9hget.z01.azurefd.net/Product/GetImage?size=400&id=6393b5d5-f594-454d-ad81-61f579342aac","True","False","SAM4S TITAN S560 MAIN PCB","284.9","https://ycr.dearportal.com/Product/8b6b2d3b-c5bd-4c50-8c70-1ad98cef1967","PC-0000153","3","3 in stock"
"£284.90","True","https://prodcdn-fch9gyh8ejf9hget.z01.azurefd.net/Product/GetImage?size=400&id=273922cb-20b8-41cf-b8c2-1ebcb43d2f2c","True","False","SAM4S TITAN S560 MAIN PCB UPGRADE KIT","284.9","https://ycr.dearportal.com/Product/54965f3d-bece-416c-88e4-b82b1e7f78fe","PC-0000156","20","20 in stock"
"£3.30","True","https://prodcdn-fch9gyh8ejf9hget.z01.azurefd.net/Product/GetImage?size=400&id=243ba2b8-61c5-402b-a5a1-867d76c7eb71","True","False","SAM4S TITAN S560 MCR COVER BLACK","3.3","https://ycr.dearportal.com/Product/606a37d3-17d9-407a-b94c-1312d29f0535","CV-0000078","7","7 in stock"
"£31.80","True","https://prodcdn-fch9gyh8ejf9hget.z01.azurefd.net/Product/GetImage?size=400&id=441e10ff-de69-4d1a-a998-634419e37a25","True","False","SAM4S TITAN S560 OSD PCB BOARD","31.8","https://ycr.dearportal.com/Product/89559c1f-4350-4a63-a919-dc9ccdc46bb8","PC-0000114","31","31 in stock"
"£3.30","True","https://prodcdn-fch9gyh8ejf9hget.z01.azurefd.net/Product/GetImage?size=400&id=8c6535f6-9c03-4f81-b9d6-87d8e2e3906e","True","False","SAM4S TITAN S560 REAR DUMMY MOUNT BLACK","3.3","https://ycr.dearportal.com/Product/971f60c2-7b95-413c-a715-ac9aed08e5f7","CV-0000080","25","25 in stock"
"£3.30","True","https://prodcdn-fch9gyh8ejf9hget.z01.azurefd.net/Product/GetImage?size=400&id=976af2bd-ef05-4b1b-a6c2-ae62bd193241","True","False","SAM4S TITAN S560 SSD COVER BLACK","3.3","https://ycr.dearportal.com/Product/cb56b8f7-05d6-4980-9b2b-a5086769ab7c","CV-0000083","11","11 in stock"
"£3.30","True","https://prodcdn-fch9gyh8ejf9hget.z01.azurefd.net/Product/GetImage?size=400&id=03df93f2-5031-4753-be90-5e60f542442a","True","False","SAM4S TITAN S560 STAND FRONT CLIP (BRANDED)","3.3","https://ycr.dearportal.com/Product/3c1c416a-24c2-463c-971d-d8ee79682652","CV-0000101","21","21 in stock"
"£3.90","True","https://prodcdn-fch9gyh8ejf9hget.z01.azurefd.net/Product/GetImage?size=400&id=537aa17e-02d7-42bc-bdf6-20f5b10fa003","True","False","SAM4S TITAN S560 STAND FRONT CLIP (NON BRANDED)","3.9","https://ycr.dearportal.com/Product/3efa28ca-0f2a-4de3-9712-525782712359","CV-0000123","2","2 in stock"
"£9.60","True","https://prodcdn-fch9gyh8ejf9hget.z01.azurefd.net/Product/GetImage?size=400&id=9fc666f0-9485-4860-ad59-5bf83156c75e","True","False","SAM4S TITAN S560 WIRE COVER BLACK","9.6","https://ycr.dearportal.com/Product/8860ecbd-1316-448d-abb1-e456e677d657","CV-0000075","25","25 in stock"
"£16.10","True","https://prodcdn-fch9gyh8ejf9hget.z01.azurefd.net/Product/GetImage?size=400&id=ac148131-b3ee-4526-ac11-eb18057a8954","True","False","SAM4S TITAN S560B REAR CASE BLACK","16.1","https://ycr.dearportal.com/Product/2579a1f2-a747-4970-a099-2adb35614ce8","CV-0000178","4","4 in stock"
"£6.50","True","https://prodcdn-fch9gyh8ejf9hget.z01.azurefd.net/Product/GetImage?size=400&id=ded75089-fcd1-46a3-ad69-d02fd4c699c4","True","False","SAM4S TITAN S560B STAND COVER TOP","6.5","https://ycr.dearportal.com/Product/154984ff-1ce9-41ca-a8ae-2a081cb4d7c9","CV-0000152","3","3 in stock"
"£12.80","True","https://prodcdn-fch9gyh8ejf9hget.z01.azurefd.net/Product/GetImage?size=400&id=d5ace69b-2e82-4725-8193-61ff88e0f7d5","True","False","SAM4S TITAN-260 REAR STAND COVER BLACK","12.8","https://ycr.dearportal.com/Product/d4a70cd9-8084-4c0a-93ef-c68601729c59","CV-0000103","14","14 in stock"
"£3.90","True","https://prodcdn-fch9gyh8ejf9hget.z01.azurefd.net/Product/GetImage?size=400&id=93a37c27-ab0c-46a5-8cee-bc498bff46f5","True","False","SAM4S 'VD' KEY","3.9","https://ycr.dearportal.com/Product/4f7f60b7-4b03-4439-8d76-f0d743d0ea77","LK-0000048","138","138 in stock"
"£3.90","False","https://ycr.dearportal.com/Catalog/GetEmptyImage?size=400","True","False","SAM4S 'Z' KEY","3.9","https://ycr.dearportal.com/Product/229f68b6-1f14-43c2-bec6-0eab2ddca968","LK-0000049","73","73 in stock"
"£33.00","False","https://ycr.dearportal.com/Catalog/GetEmptyImage?size=400","False","False","SHARP ER58CC DRAWER INSERT","33","https://ycr.dearportal.com/Product/10887119-155f-4803-bdc4-629392c046c8","DW-0000009",,"Out of stock"
"£12.50","True","https://prodcdn-fch9gyh8ejf9hget.z01.azurefd.net/Product/GetImage?size=400&id=6a45f9d8-70a3-478f-9f27-72a41b0ce69f","False","False","SHARP UP700 WET COVER","12.5","https://ycr.dearportal.com/Product/f56ea4e3-4465-4abd-be51-a1e944de78c8","WE-0000040",,"Out of stock"
"£9.50","True","https://prodcdn-fch9gyh8ejf9hget.z01.azurefd.net/Product/GetImage?size=400&id=3d80636b-3f11-4d0f-8394-06fc79023cdf","False","False","SHARP XEA-207 WET COVER","9.5","https://ycr.dearportal.com/Product/e4d3d76b-afa2-41b8-9f82-473bdf1005af","WE-0000033",,"Out of stock"
"£9.50","True","https://prodcdn-fch9gyh8ejf9hget.z01.azurefd.net/Product/GetImage?size=400&id=155936c3-1b66-45a2-b8a1-e7c1b7e6d43e","False","False","SHARP XEA-307 WET COVER","9.5","https://ycr.dearportal.com/Product/3676c5da-0983-4ebc-b8c3-26f6ef32a36a","WE-0000045",,"Out of stock"
"£9.00","False","https://ycr.dearportal.com/Catalog/GetEmptyImage?size=400","True","False","SHELF EDGE LABEL ROLL 58MM X 38MM","9","https://ycr.dearportal.com/Product/05983ebd-43ad-4ce4-a5c0-90b5ab6c860d","TR-SHELFEDGE","10","10 in stock"
"£36.00","True","https://prodcdn-fch9gyh8ejf9hget.z01.azurefd.net/Product/GetImage?size=400&id=6ae110fe-5f48-4d68-887a-751db71f8d18","True","False","SN33X33 24V CASH DRAWER GREY","36","https://ycr.dearportal.com/Product/8968beac-e5cf-46f4-984b-fe826f3c2802","DW-SN33X33G24V","58","58 in stock"
"£1,856.00","False","https://ycr.dearportal.com/Catalog/GetEmptyImage?size=400","True","True","SO27B 27"" SELF SERVICE KIOSK","1856","https://ycr.dearportal.com/Product/59dae65a-f257-4448-aec4-fefb4d4b056a","ALL-SO27A",,"In stock"
"£39.50","True","https://prodcdn-fch9gyh8ejf9hget.z01.azurefd.net/Product/GetImage?size=400&id=751b5b8e-eeb9-49c0-aedf-2f339336d8d3","True","False","SRP270 ELA UNIT CUTTER","39.5","https://ycr.dearportal.com/Product/41cff13c-c9b4-4fb6-b327-682059a7f593","PR-0000112","25","25 in stock"
"£19.30","True","https://prodcdn-fch9gyh8ejf9hget.z01.azurefd.net/Product/GetImage?size=400&id=ec5f0fc4-e306-4f64-9689-51a354fff947","True","False","SRP270 SMP710 PRINTER PCB","19.3","https://ycr.dearportal.com/Product/741bce67-33c9-431b-b4f0-3bed280d1f4d","PR-0000113","9","9 in stock"
"£240.00","True","https://prodcdn-fch9gyh8ejf9hget.z01.azurefd.net/Product/GetImage?size=400&id=477a5f88-0a6f-428a-8d13-ed36299e88ad","True","False","STAR MCP31L 80MM RECEIPT PRINTER WITH LAN USB CLOUD BLACK","240","https://ycr.dearportal.com/Product/9aa352e9-8311-4b71-a3b4-5f3ed496a6fe","SR-MCP31LCLOUD","1","1 in stock"
"£69.00","True","https://prodcdn-fch9gyh8ejf9hget.z01.azurefd.net/Product/GetImage?size=400&id=2e72caa4-f3e5-46b5-a9f2-d25a976e7c57","True","False","SULUX XL2302 SCANNER USB/RS232 BLACK 2D","69","https://ycr.dearportal.com/Product/690f6837-3dd7-471c-a0e9-644beb0992b5","SX-XL2302","40","40 in stock"
"£25.00","False","https://ycr.dearportal.com/Catalog/GetEmptyImage?size=400","True","False","SUM-UP AIR CARD TERMINAL","25","https://ycr.dearportal.com/Product/01767684-8082-4e5d-b14f-8871f7957e7f","SU-SUMUPAIR","14","14 in stock"
"£59.00","False","https://ycr.dearportal.com/Catalog/GetEmptyImage?size=400","False","False","SUM-UP SOLO CARD TERMINAL","59","https://ycr.dearportal.com/Product/912d814c-dc0f-4714-88a1-550e571984e5","SU-SUMUPSOLO",,"Out of stock"
"£59.00","True","https://prodcdn-fch9gyh8ejf9hget.z01.azurefd.net/Product/GetImage?size=400&id=1c795d5a-a2c2-4252-90d8-c8ed0c6eda6c","True","False","SUNLUX XL3620S SCANNER USB/RS232 BLACK","59","https://ycr.dearportal.com/Product/56f36c84-e79d-404d-b703-ace5854b85a8","SX-XL3620S","44","44 in stock"
"£105.00","True","https://prodcdn-fch9gyh8ejf9hget.z01.azurefd.net/Product/GetImage?size=400&id=ca0cea21-c42b-4b90-bc56-97331fe317ed","True","False","SUNLUX XL9620C SCANNER USB WIRELESS","105","https://ycr.dearportal.com/Product/28839abb-cd78-4d3e-8d9a-bde2cd3993a9","SX-XL9620C","52","52 in stock"
"£330.00","False","https://ycr.dearportal.com/Catalog/GetEmptyImage?size=400","True","True","TILTING FLOOR STAND 32"" - 70""","330","https://ycr.dearportal.com/Product/a0193100-1dd0-4852-aa92-10c0b4c68182","ALL-AS2246FP",,"In stock"
"£1,091.00","False","https://ycr.dearportal.com/Catalog/GetEmptyImage?size=400","True","True","TL49H9 49"" LCD VIDEO WALL DISPLAY","1091","https://ycr.dearportal.com/Product/3347afe6-3643-4de3-b29c-ccb1747cef19","ALL-TL49H6",,"In stock"
"£1,217.00","False","https://ycr.dearportal.com/Catalog/GetEmptyImage?size=400","True","True","TL55H9 55"" LCD VIDEO WALL DISPLAY","1217","https://ycr.dearportal.com/Product/a67e43ad-28ca-4369-a8c4-b3d8e87427d8","ALL-TL55H6",,"In stock"
"£168.75","False","https://ycr.dearportal.com/Catalog/GetEmptyImage?size=400","False","False","TOUCHKITCHEN BUMPBAR","168.75","https://ycr.dearportal.com/Product/7e00c102-22c5-44c5-b9ab-467707ffcd7d","IR-BUMPBAR",,"Out of stock"
"£90.00","False","https://ycr.dearportal.com/Catalog/GetEmptyImage?size=400","True","False","U ARE U 4500 FINGER PRINT READER","90","https://ycr.dearportal.com/Product/5273f329-06ba-4c56-8ae9-e3db925641d0","DP-UAREU4500","4","4 in stock"
"£1,892.00","False","https://ycr.dearportal.com/Catalog/GetEmptyImage?size=400","True","True","UHB55HD8 55"" ULTRA HIGH BRIGHTNESS PROFESSIONAL MONITOR","1892","https://ycr.dearportal.com/Product/b7185c56-5e39-47ba-9242-771ef5cd4d7f","ALL-UHB55B",,"In stock"
"£3,688.00","False","https://ycr.dearportal.com/Catalog/GetEmptyImage?size=400","True","True","UHB75HD8 75"" ULTRA HIGH BRIGHTNESS PROFESSIONAL MONITOR","3688","https://ycr.dearportal.com/Product/c71be322-ad89-4704-96ce-5c58a382a4de","ALL-UHB75B",,"In stock"
"£59.00","False","https://ycr.dearportal.com/Catalog/GetEmptyImage?size=400","False","False","UNIVERSAL STAND - PRINTER/TABLET","59","https://ycr.dearportal.com/Product/a4e0c017-295a-49eb-b607-73209af5dfcf","BP-UNIVERSALSTAND",,"Out of stock"
"£2.60","True","https://prodcdn-fch9gyh8ejf9hget.z01.azurefd.net/Product/GetImage?size=400&id=9f62229f-b62e-4211-9189-d9c8e709f424","True","False","USB CABLE (A TO A)","2.6","https://ycr.dearportal.com/Product/600d29da-6384-4e02-b3c8-25c24ba8b48e","CB-0000095","2","2 in stock"
"£2.60","True","https://prodcdn-fch9gyh8ejf9hget.z01.azurefd.net/Product/GetImage?size=400&id=0b0da22c-cc1a-476b-aaa5-d9071276d7bf","True","False","USB CABLE (A TO B)","2.6","https://ycr.dearportal.com/Product/3a226fab-c1be-45c3-b961-6bdbb7e8a6c9","CB-0000094","27","27 in stock"
"£25.00","True","https://prodcdn-fch9gyh8ejf9hget.z01.azurefd.net/Product/GetImage?size=400&id=32f4b89b-14eb-4569-8812-0199cb2bfe34","True","False","VESA BRACKET 200MM","25","https://ycr.dearportal.com/Product/74a42d9d-4083-405c-8661-d2ceaccb8fd2","IM-VESABRACKET200","1","1 in stock"
"£39.00","False","https://ycr.dearportal.com/Catalog/GetEmptyImage?size=400","False","False","WINDOWS 10 IOT","39","https://ycr.dearportal.com/Product/972858ef-0dfd-495d-bf6f-91a8ecd1f262","S4-WINDOWS10IOT",,"Out of stock"
"£39.00","False","https://ycr.dearportal.com/Catalog/GetEmptyImage?size=400","True","False","WINDOWS 10 IOT LTSC- (2019)","39","https://ycr.dearportal.com/Product/8f57ded7-9d86-4f90-bc70-604a629d2d78","S4-WINDOWS10IOT19","30","30 in stock"
"£39.00","True","https://prodcdn-fch9gyh8ejf9hget.z01.azurefd.net/Product/GetImage?size=400&id=e653cd7d-cde6-457a-82df-b409897f48dd","False","False","WINDOWS 10 IOT LTSC- (2021)","39","https://ycr.dearportal.com/Product/a4a22c49-9e3e-4c17-8eac-00062ca2f492","S4-WINDOWS10IOT21",,"Out of stock"
"£112.00","True","https://prodcdn-fch9gyh8ejf9hget.z01.azurefd.net/Product/GetImage?size=400&id=423f05d6-54a9-469b-b218-8954a8136f9d","True","True","WINDOWS 10 PROFESSIONAL - Media Displays","112","https://ycr.dearportal.com/Product/c3f12f19-68f3-4cd4-96ce-f58e7a752a9d","ALL-WINDOWS10PRO",,"In stock"
"£39.00","True","https://prodcdn-fch9gyh8ejf9hget.z01.azurefd.net/Product/GetImage?size=400&id=caef917e-204c-4cd1-aad8-e6eba13885d9","True","False","WINDOWS 11 IOT","39","https://ycr.dearportal.com/Product/0ae7f01a-7ed8-4fcc-b805-6c2160513253","S4-WINDOWS11IOT","262","262 in stock"
"£453.00","False","https://ycr.dearportal.com/Catalog/GetEmptyImage?size=400","True","True","WP22A2 22"" PCAP TOUCH SCREEN - REQUIRES OPS BOARD","453","https://ycr.dearportal.com/Product/e3ff0f50-c502-4cd1-8fa0-c03ebbfe72c3","ALL-WP22A",,"In stock"
"£614.00","False","https://ycr.dearportal.com/Catalog/GetEmptyImage?size=400","True","True","WP32A2 32"" PCAP TOUCH SCREEN - REQUIRES OPS BOARD","614","https://ycr.dearportal.com/Product/9c7fc90b-cbc1-4a9a-b322-a96725649d36","ALL-WP32A",,"In stock"
"£1,001.00","False","https://ycr.dearportal.com/Catalog/GetEmptyImage?size=400","True","True","WP43A 43"" PCAP TOUCH SCREEN - REQUIRES OPS BOARD","1001","https://ycr.dearportal.com/Product/b14d50c3-fc04-4772-9a27-a69ca9557190","ALL-WP43A",,"In stock"
"£750.00","False","https://ycr.dearportal.com/Catalog/GetEmptyImage?size=400","True","True","WS37HD8 37"" ULTRA-WIDE STRETCHED BAR DISPLAY","750","https://ycr.dearportal.com/Product/8fa45848-e2a4-4ddf-bdb0-f7c830c35809","ALL-WS37A",,"In stock"
"£235.00","True","https://prodcdn-fch9gyh8ejf9hget.z01.azurefd.net/Product/GetImage?size=400&id=17cd8c30-186a-487a-a16c-790153d11385","False","False","ZEBRA DS9308 USB BLACK SCANNER","235","https://ycr.dearportal.com/Product/4d2de6de-78eb-4a6f-ba38-bebbc40d74d8","ZB-DS9308UB",,"Out of stock"
"£225.00","True","https://prodcdn-fch9gyh8ejf9hget.z01.azurefd.net/Product/GetImage?size=400&id=a19abd3f-3470-4874-8bb4-6f22faeb9cb6","False","False","ZEBRA LI4278 USB BT BLACK SCANNER","225","https://ycr.dearportal.com/Product/ed3b2132-74e0-43c2-9959-70c6ac7eb57a","ZB-LI4278",,"Out of stock"
"£22.00","False","https://ycr.dearportal.com/Catalog/GetEmptyImage?size=400","False","False","ZYXEL 5 PORT SWITCH","22","https://ycr.dearportal.com/Product/ea3cf21c-a6b4-4c3c-b196-eb8af6f366c8","ZY-105BV2",,"Out of stock"
"£38.00","False","https://ycr.dearportal.com/Catalog/GetEmptyImage?size=400","False","False","ZYXEL 8 PORT SWITCH","38","https://ycr.dearportal.com/Product/87e64e86-388a-41b7-b894-5ba8cb26b9fd","ZY-108BV2",,"Out of stock"
